id,nombre,categoria,precio_carrefour,precio_coto,precio_dia,precio_jumbo,precio_changomas
P00001,Bizcochitos Don Satur 200g,Panificados,9804.82,7484.31,8075.32,7510.87,9577.8
P00002,Queso Cremoso Tregar 1Kg x4,Lácteos,3389.46,3730.67,3785.9,3633.54,3817.86
P00003,Arroz Gallo Oro 1Kg,Almacén,9125.71,8167.93,6658.5,8352.8,8885.02
P00004,Suavizante Comfort 900ml,Limpieza,8042.73,8303.85,9620.13,9069.39,10194.34
P00005,Leche Ilolay Descremada 1L,Lácteos,9100.39,11074.01,8979.23,8895.83,8165.04
P00006,Agua Villavicencio 2.25L,Bebidas,2661.11,2661.17,2673.73,2545.68,3005.45
P00007,Detergente Magistral Limón 750ml x3,Limpieza,3661.99,4475.23,3251.75,3610.34,3381.21
P00008,Arroz Gallo Oro 1Kg,Almacén,6707.95,8005.32,8111.85,8570.74,8520.16
P00009,Azúcar Ledesma 1Kg,Almacén,2034.18,2134.99,1995.0,1949.1,2427.38
P00010,Jabón Dove Original 90g,Higiene,11161.55,12180.43,12580.88,13067.53,10957.61
P00011,Lavandina Ayudín 1L,Limpieza,7896.39,8199.79,8426.81,9332.77,9762.69
P00012,Coca-Cola 2.25L,Bebidas,5104.51,7015.6,6908.6,6938.68,5551.86
P00013,Manteca Sancor 200g,Lácteos,9215.28,10207.1,8219.61,10358.46,7761.86
P00014,Bizcochitos Don Satur 200g,Panificados,6178.74,7154.61,6436.33,7121.2,5720.84
P00015,Yerba Playadito 1Kg x5,Almacén,2315.81,2944.2,2881.93,2611.33,2963.01
P00016,Harina Blancaflor 1Kg,Almacén,2852.86,3141.17,3617.16,3047.8,2852.52
P00017,Leche Ilolay Descremada 1L,Lácteos,3299.44,3413.23,4129.68,3269.21,3550.91
P00018,Papel Higiénico Higienol 4 Rollos,Higiene,10470.94,7758.17,10097.48,9910.82,10014.96
P00019,Bizcochitos Don Satur 200g,Panificados,900.14,879.43,1133.5,1102.53,1102.34
P00020,Yerba Playadito 1Kg,Almacén,7105.15,7018.56,7427.45,6876.05,7509.05
P00021,Coca-Cola 2.25L,Bebidas,1696.13,1805.53,1697.19,1531.5,1604.5
P00022,Cerveza Heineken 1L,Bebidas,1103.05,1277.22,1101.02,1153.35,994.72
P00023,Bizcochitos Don Satur 200g,Panificados,8336.01,8249.33,9437.64,10243.87,8236.72
P00024,Jabón Dove Original 90g,Higiene,4372.11,4500.79,3924.53,4871.0,4564.61
P00025,Pan Lactal Fargo 600g,Panificados,4134.3,3582.75,3685.81,4463.18,3875.94
P00026,Pan Lactal Fargo 600g,Panificados,2526.09,2953.1,3003.73,2397.1,2818.02
P00027,Azúcar Ledesma 1Kg,Almacén,8727.91,8207.84,8626.85,7620.84,9177.24
P00028,Queso Cremoso Tregar 1Kg,Lácteos,12276.03,13693.49,10262.2,11697.43,12050.46
P00029,Jabón Dove Original 90g,Higiene,2194.09,1858.18,2251.07,1929.25,2100.62
P00030,Shampoo Pantene Restauración 400ml,Higiene,4029.92,4038.42,4767.5,4622.08,3770.62
P00031,Cerveza Quilmes 1L,Bebidas,9399.13,7103.72,8231.74,7107.6,8929.85
P00032,Pan Lactal Fargo 600g,Panificados,13277.6,11259.28,12704.86,10594.99,10896.72
P00033,Lavandina Ayudín 1L,Limpieza,5168.25,4042.83,4072.38,4637.3,5470.49
P00034,Agua Villavicencio 2.25L,Bebidas,5441.1,6044.91,6910.41,6305.65,5087.17
P00035,Desodorante Rexona Hombre 150ml,Higiene,7555.27,7843.89,7107.0,7722.51,6990.93
P00036,Harina Blancaflor 1Kg,Almacén,3873.7,4545.2,4772.49,3906.53,5084.24
P00037,Galletitas Chocolinas 170g x5,Panificados,2457.39,3095.04,2515.9,2521.44,2817.83
P00038,Queso Cremoso Tregar 1Kg,Lácteos,2672.38,2303.16,2170.85,2393.47,2407.14
P00039,Yerba Taragüi 1Kg,Almacén,9104.64,11389.99,9001.93,9927.69,8695.84
P00040,Coca-Cola 2.25L,Bebidas,11817.56,10959.26,10353.3,11593.09,12230.38
P00041,Galletitas Express 170g,Panificados,4020.34,4123.66,3915.31,3632.49,4601.73
P00042,Suavizante Comfort 900ml,Limpieza,11188.24,12552.02,11426.11,10260.3,13814.59
P00043,Bizcochitos Don Satur 200g,Panificados,6711.78,7095.99,5996.3,5588.19,6776.13
P00044,Lavandina Ayudín 1L,Limpieza,7427.88,6943.95,8712.55,7389.69,7223.68
P00045,Aceite Natura Girasol 1.5L,Almacén,12157.61,11976.55,9549.41,10757.27,9943.06
P00046,Leche La Serenísima Entera 1L,Lácteos,10042.63,10274.96,12523.87,12243.68,13558.94
P00047,Jugo Baggio Multifruta 1L,Bebidas,6958.4,7165.43,8015.05,7885.9,6636.52
P00048,Galletitas Express 170g,Panificados,6893.94,7642.5,6235.39,6491.54,7038.37
P00049,Desodorante Poett Primavera 900ml,Limpieza,1945.57,1670.74,2009.02,1966.03,1597.35
P00050,Yogur Ser Vainilla 1Kg,Lácteos,3272.85,3446.6,3798.64,2865.7,3103.2
P00051,Jugo Baggio Multifruta 1L,Bebidas,10483.6,11256.27,10013.23,11183.51,11825.96
P00052,Jugo Baggio Multifruta 1L,Bebidas,9333.04,12308.14,11477.37,10732.63,11199.72
P00053,Desodorante Rexona Hombre 150ml,Higiene,2718.66,2814.57,2321.77,2543.09,2237.53
P00054,Arroz Gallo Oro 1Kg,Almacén,1385.41,1076.68,1221.72,1263.39,1365.59
P00055,Cerveza Heineken 1L,Bebidas,8049.68,6945.84,8590.44,6512.57,7987.84
P00056,Agua Villavicencio 2.25L,Bebidas,9250.18,10034.34,7839.89,8961.67,9991.05
P00057,Leche Ilolay Descremada 1L,Lácteos,9569.86,8406.5,7377.78,8610.55,7674.19
P00058,Shampoo Pantene Restauración 400ml,Higiene,2456.91,3066.7,2682.61,3277.88,3306.23
P00059,Cerveza Quilmes 1L,Bebidas,2670.2,2226.8,2060.2,2530.59,1989.48
P00060,Harina Blancaflor 1Kg,Almacén,11374.86,8983.28,9433.28,11444.85,11378.41
P00061,Manteca Sancor 200g,Lácteos,4573.2,5497.02,6172.23,5065.94,5727.05
P00062,Yogur Ser Vainilla 1Kg,Lácteos,3300.87,3807.83,3664.01,4482.18,3824.31
P00063,Desodorante Poett Primavera 900ml,Limpieza,1943.01,2015.06,1925.02,1926.64,2180.26
P00064,Cerveza Heineken 1L,Bebidas,5940.62,6337.29,6050.27,6006.29,5086.0
P00065,Yerba Taragüi 1Kg,Almacén,10413.44,9807.29,9400.12,11007.46,10350.53
P00066,Pepsi 2.25L,Bebidas,7125.9,6760.64,5583.49,6490.23,6824.25
P00067,Lavandina Ayudín 1L,Limpieza,3480.76,3567.13,3317.21,3668.13,2969.15
P00068,Arroz Gallo Oro 1Kg,Almacén,7655.13,6745.55,8520.17,6585.1,7571.52
P00069,Coca-Cola 2.25L,Bebidas,8696.36,7895.52,8756.59,7879.26,7755.56
P00070,Pasta Dental Colgate Total 90g,Higiene,5404.86,5091.87,5638.26,5690.71,5677.22
P00071,Jabón Dove Original 90g,Higiene,6314.7,5677.75,5935.93,6536.3,6520.69
P00072,Pan de Campo Bimbo 500g,Panificados,6121.51,6664.91,6370.94,6291.01,6598.62
P00073,Queso Rallado La Paulina 40g,Lácteos,1437.87,1214.43,1501.7,1454.73,1306.12
P00074,Galletitas Chocolinas 170g,Panificados,4088.33,4552.64,4571.64,3907.48,3372.72
P00075,Jugo Baggio Multifruta 1L,Bebidas,8872.59,9512.58,7452.04,7608.74,7992.33
P00076,Suavizante Comfort 900ml,Limpieza,7469.93,5572.91,6420.13,6204.78,7031.29
P00077,Jabón en Polvo Ala 3Kg,Limpieza,5819.81,6389.11,6989.47,6305.43,5533.24
P00078,Pasta Dental Colgate Total 90g,Higiene,7881.93,6881.19,6767.02,8392.7,8698.12
P00079,Queso Rallado La Paulina 40g,Lácteos,1255.5,1392.41,1068.62,1055.61,1366.91
P00080,Pan de Campo Bimbo 500g,Panificados,4223.03,3929.46,3363.87,3887.73,3910.6
P00081,Bizcochitos Don Satur 200g,Panificados,3385.89,2527.38,2686.13,3180.83,3003.0
P00082,Queso Rallado La Paulina 40g,Lácteos,5691.01,5806.5,6032.47,7600.21,6803.87
P00083,Harina Blancaflor 1Kg,Almacén,8491.06,8304.59,7179.64,9357.18,7378.17
P00084,Queso Cremoso Tregar 1Kg,Lácteos,2340.82,1944.25,2399.34,2057.95,1977.42
P00085,Cerveza Heineken 1L,Bebidas,4676.64,6210.59,5123.85,5087.81,5815.28
P00086,Bizcochitos Don Satur 200g,Panificados,11589.63,9606.5,10529.88,11236.32,10336.93
P00087,Pepsi 2.25L,Bebidas,2351.15,1938.46,2356.15,1963.97,2332.35
P00088,Jugo Baggio Multifruta 1L,Bebidas,7631.62,7482.76,7575.83,6718.07,8575.96
P00089,Desodorante Poett Primavera 900ml,Limpieza,1715.34,1614.25,1721.85,1589.97,1676.21
P00090,Jugo Baggio Multifruta 1L,Bebidas,890.25,832.89,707.07,732.97,705.63
P00091,Lavandina Ayudín 1L,Limpieza,9830.8,9391.3,7706.32,8859.49,7470.11
P00092,Cerveza Heineken 1L,Bebidas,5495.37,5949.44,6994.57,7200.8,6633.21
P00093,Agua Villavicencio 2.25L,Bebidas,9564.56,9731.48,7928.97,7158.5,8764.39
P00094,Pan de Campo Bimbo 500g,Panificados,3769.61,4427.24,4548.72,5063.95,4194.6
P00095,Agua Villavicencio 2.25L,Bebidas,3991.76,3204.06,4015.04,4016.55,3752.57
P00096,Leche La Serenísima Entera 1L x4,Lácteos,2697.39,3046.72,3262.83,2846.48,3161.01
P00097,Lavandina Ayudín 1L,Limpieza,8111.33,10846.34,8826.15,10189.44,10767.59
P00098,Azúcar Ledesma 1Kg x2,Almacén,9248.84,10122.3,9288.36,10010.81,8867.21
P00099,Aceite Natura Girasol 1.5L,Almacén,5253.0,6142.08,5180.05,5406.07,5956.2
P00100,Queso Rallado La Paulina 40g,Lácteos,9420.75,9963.94,9478.99,11715.61,9700.98
P00101,Arroz Gallo Oro 1Kg,Almacén,6752.83,5255.38,6918.07,6340.95,6931.04
P00102,Papel Higiénico Higienol 4 Rollos,Higiene,4806.4,4562.52,5079.0,5399.13,4171.86
P00103,Jabón Dove Original 90g,Higiene,1613.67,1824.66,1641.08,2145.93,1671.96
P00104,Papel Higiénico Higienol 4 Rollos,Higiene,8348.65,10321.01,10640.44,8934.38,9561.68
P00105,Leche La Serenísima Entera 1L,Lácteos,5558.17,7239.75,6959.11,5407.15,6122.33
P00106,Pasta Dental Colgate Total 90g,Higiene,6729.76,6605.94,6304.65,6157.35,7184.43
P00107,Desodorante Rexona Hombre 150ml,Higiene,5725.13,4811.38,4661.66,6139.56,4836.83
P00108,Cerveza Quilmes 1L,Bebidas,7724.58,7896.36,6488.91,7884.02,7349.33
P00109,Pepsi 2.25L,Bebidas,12718.84,11088.56,12185.48,12337.47,12009.67
P00110,Cerveza Heineken 1L,Bebidas,1889.12,2076.78,1877.26,1955.41,2210.63
P00111,Jabón en Polvo Ala 3Kg,Limpieza,3831.97,4767.14,4365.55,4179.87,4968.05
P00112,Galletitas Express 170g,Panificados,3255.85,3068.58,3203.92,3464.49,3473.99
P00113,Harina Blancaflor 1Kg,Almacén,8783.08,8853.26,11853.58,9306.05,10221.97
P00114,Suavizante Comfort 900ml,Limpieza,8803.17,8635.67,10886.72,10801.61,9736.86
P00115,Shampoo Pantene Restauración 400ml,Higiene,10861.48,10186.53,12121.85,10961.93,11367.92
P00116,Pan de Campo Bimbo 500g,Panificados,6513.6,6197.39,6330.64,6617.05,6752.6
P00117,Detergente Magistral Limón 750ml,Limpieza,6008.19,5314.24,5464.37,5217.85,5559.82
P00118,Suavizante Comfort 900ml,Limpieza,5985.13,5310.67,5744.26,5438.53,4920.25
P00119,Pan Lactal Fargo 600g x3,Panificados,8920.48,9827.19,8318.7,10124.96,10593.0
P00120,Manteca Sancor 200g x3,Lácteos,8358.57,8734.12,9500.61,9789.77,9845.37
P00121,Galletitas Chocolinas 170g,Panificados,3568.12,3154.26,2876.86,2638.99,2732.75
P00122,Galletitas Express 170g,Panificados,5281.18,5260.09,5335.97,5222.13,5200.19
P00123,Galletitas Chocolinas 170g,Panificados,3508.87,3833.3,3100.48,2875.61,3422.28
P00124,Desodorante Poett Primavera 900ml,Limpieza,6328.99,7677.16,7311.07,6738.04,6473.33
P00125,Queso Rallado La Paulina 40g,Lácteos,8610.39,11194.35,9345.87,9906.57,9014.19
P00126,Leche La Serenísima Entera 1L,Lácteos,13784.4,10995.76,13245.04,13420.43,13174.03
P00127,Queso Rallado La Paulina 40g,Lácteos,8040.32,9592.17,7743.1,8829.04,8914.03
P00128,Suavizante Comfort 900ml,Limpieza,4794.8,3943.93,4467.37,4774.16,4654.72
P00129,Harina Blancaflor 1Kg,Almacén,665.76,760.07,814.95,632.0,823.1
P00130,Yerba Playadito 1Kg,Almacén,7961.14,8571.67,9930.14,10161.94,9519.35
P00131,Jabón Dove Original 90g,Higiene,3600.78,4097.75,4557.87,3697.75,4136.45
P00132,Cerveza Quilmes 1L,Bebidas,4044.04,4871.04,4490.78,4005.61,4669.82
P00133,Pepsi 2.25L,Bebidas,7031.41,7423.96,6302.72,7196.8,7030.13
P00134,Queso Rallado La Paulina 40g,Lácteos,1514.55,1498.9,1634.48,1835.03,1504.37
P00135,Yogur Ser Vainilla 1Kg,Lácteos,3638.7,4072.03,3356.32,3523.86,3095.47
P00136,Galletitas Express 170g,Panificados,9928.17,9888.07,11266.95,10648.65,10449.2
P00137,Detergente Magistral Limón 750ml,Limpieza,2974.16,3421.94,3200.39,2763.13,2660.53
P00138,Shampoo Pantene Restauración 400ml,Higiene,1385.39,1187.61,1349.44,1498.49,1476.51
P00139,Manteca Sancor 200g,Lácteos,2957.93,3306.57,2926.29,2589.32,2962.72
P00140,Galletitas Chocolinas 170g,Panificados,8673.33,7839.74,9011.8,10228.54,8630.24
P00141,Harina Blancaflor 1Kg,Almacén,7285.93,8366.37,9356.23,9316.03,9207.1
P00142,Pepsi 2.25L,Bebidas,1138.75,1083.72,1215.29,1279.25,1412.83
P00143,Pepsi 2.25L,Bebidas,6613.09,5991.82,6655.02,6339.76,6237.06
P00144,Jabón en Polvo Ala 3Kg,Limpieza,12367.73,12430.4,12360.61,13109.85,11320.58
P00145,Suavizante Comfort 900ml,Limpieza,6176.25,6752.99,6170.02,6821.22,5979.93
P00146,Leche La Serenísima Entera 1L,Lácteos,7422.9,7840.27,10163.36,9402.79,9401.0
P00147,Pan de Campo Bimbo 500g,Panificados,4057.55,3591.67,4095.57,4836.72,3977.83
P00148,Jabón en Polvo Ala 3Kg x3,Limpieza,11529.62,8714.95,10517.44,10896.1,9188.39
P00149,Queso Rallado La Paulina 40g x5,Lácteos,5198.44,4568.49,4934.58,4131.25,3928.32
P00150,Desodorante Rexona Hombre 150ml x3,Higiene,8890.99,7047.9,9086.82,8817.14,7086.08
P00151,Fideos Matarazzo Spaghetti 500g,Almacén,7690.75,7202.43,8752.82,8523.89,6487.05
P00152,Desodorante Rexona Hombre 150ml,Higiene,3211.81,2942.68,2997.09,2852.14,2651.82
P00153,Shampoo Pantene Restauración 400ml,Higiene,10684.05,10438.78,11043.19,13137.67,11216.18
P00154,Yerba Taragüi 1Kg,Almacén,12459.33,13445.76,12449.76,13201.15,12003.44
P00155,Yerba Playadito 1Kg,Almacén,5832.84,5441.12,4614.98,5902.04,5833.35
P00156,Fideos Matarazzo Spaghetti 500g,Almacén,5320.2,5017.15,5136.89,4842.22,5733.79
P00157,Galletitas Express 170g,Panificados,3503.37,2839.52,2891.53,3079.44,3761.1
P00158,Desodorante Poett Primavera 900ml,Limpieza,12219.17,11507.9,10576.87,10533.95,9546.64
P00159,Papel Higiénico Higienol 4 Rollos,Higiene,2536.01,1953.2,1990.77,2418.39,2526.87
P00160,Agua Villavicencio 2.25L,Bebidas,2599.85,2820.24,2858.61,3073.22,2725.6
P00161,Jabón en Polvo Ala 3Kg,Limpieza,9561.11,9672.88,11366.24,11559.46,11336.81
P00162,Galletitas Express 170g,Panificados,11493.68,11325.15,10436.15,10271.11,9736.11
P00163,Manteca Sancor 200g x4,Lácteos,3580.51,3148.3,3600.14,2762.13,2957.56
P00164,Queso Cremoso Tregar 1Kg,Lácteos,10768.39,9083.49,8826.47,8068.49,9337.48
P00165,Pepsi 2.25L,Bebidas,12464.44,10258.67,12224.99,11754.8,12864.68
P00166,Cerveza Heineken 1L,Bebidas,12821.11,12779.66,9632.24,11550.26,11046.09
P00167,Jabón en Polvo Ala 3Kg,Limpieza,6612.98,8680.8,7351.35,6664.26,6981.54
P00168,Queso Rallado La Paulina 40g,Lácteos,4114.11,3451.12,3458.44,4290.49,3777.39
P00169,Desodorante Poett Primavera 900ml x4,Limpieza,4535.83,4081.61,3724.83,3468.46,4401.37
P00170,Papel Higiénico Higienol 4 Rollos,Higiene,10441.44,11457.5,13123.06,12690.61,12339.85
P00171,Agua Villavicencio 2.25L,Bebidas,11582.02,10479.88,9766.33,9166.61,10981.61
P00172,Queso Rallado La Paulina 40g,Lácteos,2984.99,3250.93,2532.8,3045.5,2973.21
P00173,Desodorante Rexona Hombre 150ml x4,Higiene,6627.11,7678.65,6160.75,5838.49,6348.99
P00174,Jabón Dove Original 90g,Higiene,5435.44,5413.64,5600.91,5794.51,5064.5
P00175,Manteca Sancor 200g,Lácteos,10145.11,12292.06,12408.26,11806.36,9759.99
P00176,Detergente Magistral Limón 750ml,Limpieza,4995.59,5262.9,5691.16,5232.35,4835.94
P00177,Jugo Baggio Multifruta 1L,Bebidas,7142.14,5530.46,5856.0,6832.77,5626.65
P00178,Galletitas Express 170g,Panificados,5068.66,6317.57,5340.16,5518.51,5024.87
P00179,Jabón Dove Original 90g,Higiene,8114.93,6297.2,7610.04,6899.75,7313.71
P00180,Papel Higiénico Higienol 4 Rollos,Higiene,9155.39,7311.34,7505.04,8165.23,9419.19
P00181,Pepsi 2.25L,Bebidas,3881.01,4278.97,4058.02,3727.21,3576.77
P00182,Jabón Dove Original 90g,Higiene,3998.51,4574.96,4184.96,4018.63,4999.2
P00183,Desodorante Poett Primavera 900ml,Limpieza,8750.21,10566.32,10356.35,10976.27,9473.34
P00184,Pan Lactal Fargo 600g,Panificados,2153.4,2889.76,2938.3,2646.78,2167.5
P00185,Pepsi 2.25L,Bebidas,1843.79,1887.19,1997.78,1991.64,2255.7
P00186,Suavizante Comfort 900ml,Limpieza,10760.14,10891.29,9216.04,9516.57,12589.3
P00187,Jugo Baggio Multifruta 1L x4,Bebidas,7812.56,8376.73,7966.36,6698.74,8525.1
P00188,Aceite Natura Girasol 1.5L,Almacén,7872.14,8292.73,9227.58,10129.44,7753.56
P00189,Shampoo Pantene Restauración 400ml,Higiene,10150.36,9318.82,10626.47,8087.58,10108.51
P00190,Desodorante Poett Primavera 900ml x5,Limpieza,3607.42,3978.92,3886.92,3834.97,3882.16
P00191,Yerba Taragüi 1Kg x3,Almacén,9534.44,9493.33,11349.72,10409.13,9188.03
P00192,Galletitas Chocolinas 170g,Panificados,7514.99,8349.12,8851.39,8703.0,7912.28
P00193,Yogur Ser Vainilla 1Kg x4,Lácteos,8044.29,9678.96,8607.6,7382.42,7485.78
P00194,Jabón Dove Original 90g x4,Higiene,10812.94,8813.26,9934.16,9043.3,9216.42
P00195,Jugo Baggio Multifruta 1L,Bebidas,4982.29,4624.35,4529.01,4503.08,4228.34
P00196,Jabón en Polvo Ala 3Kg,Limpieza,4928.5,5156.41,5144.49,5818.14,5302.41
P00197,Jabón en Polvo Ala 3Kg,Limpieza,8186.9,8366.06,10614.17,9068.78,7889.04
P00198,Jabón en Polvo Ala 3Kg,Limpieza,10406.99,9491.98,9359.39,12236.58,9822.28
P00199,Shampoo Pantene Restauración 400ml,Higiene,9252.32,8491.47,9212.12,8585.27,7826.16
P00200,Galletitas Chocolinas 170g x4,Panificados,8988.31,10553.78,9346.64,10808.33,9239.23
P00201,Papel Higiénico Higienol 4 Rollos x4,Higiene,9377.48,10268.75,10982.72,8180.08,9611.21
P00202,Pasta Dental Colgate Total 90g x4,Higiene,3398.79,3198.03,3063.07,3429.59,3064.58
P00203,Pan de Campo Bimbo 500g,Panificados,8993.24,8579.46,8935.08,8942.3,9236.94
P00204,Queso Rallado La Paulina 40g x4,Lácteos,4256.38,3522.44,4140.75,3429.32,4111.34
P00205,Queso Rallado La Paulina 40g,Lácteos,10328.42,11574.86,13098.93,11266.75,9633.67
P00206,Jugo Baggio Multifruta 1L,Bebidas,9779.81,7214.06,9946.62,8479.73,7250.49
P00207,Pasta Dental Colgate Total 90g,Higiene,1258.85,1294.22,1181.85,1173.32,1170.2
P00208,Jugo Baggio Multifruta 1L,Bebidas,8684.65,7992.96,10057.37,9357.09,9863.29
P00209,Jabón en Polvo Ala 3Kg,Limpieza,2595.34,2078.95,2172.54,2151.98,2730.55
P00210,Fideos Matarazzo Spaghetti 500g,Almacén,9888.12,9264.44,8720.07,11508.78,10877.82
P00211,Queso Rallado La Paulina 40g x3,Lácteos,10494.38,12107.6,11840.58,9395.83,9384.42
P00212,Cerveza Heineken 1L,Bebidas,2812.44,3046.54,2864.24,2429.31,2311.47
P00213,Azúcar Ledesma 1Kg,Almacén,2652.7,2146.0,2051.87,2618.09,2138.83
P00214,Galletitas Chocolinas 170g,Panificados,2727.65,2612.57,2872.94,3181.16,3212.35
P00215,Jugo Baggio Multifruta 1L,Bebidas,7159.69,5645.02,6403.26,5657.04,6393.73
P00216,Pepsi 2.25L,Bebidas,4264.98,3600.28,3299.76,3170.97,3740.57
P00217,Aceite Natura Girasol 1.5L,Almacén,10251.12,13616.98,13225.68,10954.81,12944.55
P00218,Agua Villavicencio 2.25L,Bebidas,10473.58,10145.35,8107.4,7694.81,8095.93
P00219,Jugo Baggio Multifruta 1L,Bebidas,10680.19,10846.34,10051.04,9339.53,10365.11
P00220,Papel Higiénico Higienol 4 Rollos,Higiene,5142.17,4068.03,4735.39,5509.61,5070.31
P00221,Galletitas Express 170g,Panificados,3987.68,3931.41,4557.53,4345.84,4054.83
P00222,Bizcochitos Don Satur 200g x5,Panificados,7217.95,7162.24,7888.25,7997.04,8155.92
P00223,Manteca Sancor 200g,Lácteos,7327.41,7716.77,6264.29,6619.95,8186.33
P00224,Jabón en Polvo Ala 3Kg x3,Limpieza,3525.26,3261.6,3326.73,3752.5,3353.9
P00225,Yogur Ser Vainilla 1Kg,Lácteos,8611.43,9165.7,8356.47,8277.88,8455.44
P00226,Galletitas Chocolinas 170g,Panificados,2234.59,2079.19,2125.63,2321.72,2595.16
P00227,Lavandina Ayudín 1L,Limpieza,3361.68,3642.06,3380.83,3189.48,3561.91
P00228,Cerveza Quilmes 1L x5,Bebidas,9554.09,10321.49,9596.88,11136.78,9248.91
P00229,Cerveza Heineken 1L,Bebidas,9318.13,8948.37,8693.39,8817.36,9202.51
P00230,Queso Cremoso Tregar 1Kg,Lácteos,3244.05,3116.27,3143.69,2840.76,3025.86
P00231,Galletitas Express 170g,Panificados,6837.19,6467.65,7624.35,7274.56,7659.6
P00232,Agua Villavicencio 2.25L,Bebidas,6803.46,6217.84,6087.91,7204.42,6921.73
P00233,Queso Cremoso Tregar 1Kg,Lácteos,2401.58,2525.41,2411.39,2017.2,2115.4
P00234,Pan de Campo Bimbo 500g,Panificados,10376.63,10829.14,10169.91,8032.53,10019.18
P00235,Coca-Cola 2.25L,Bebidas,6628.86,8300.37,7899.24,7481.17,7408.8
P00236,Lavandina Ayudín 1L,Limpieza,7649.81,6582.12,6591.4,8257.03,7397.34
P00237,Queso Cremoso Tregar 1Kg,Lácteos,5221.94,4118.34,4439.58,4636.29,5248.47
P00238,Suavizante Comfort 900ml,Limpieza,4994.9,3894.89,4641.21,4868.52,4692.67
P00239,Yerba Playadito 1Kg x4,Almacén,2878.34,3172.42,2559.74,2457.48,2962.73
P00240,Leche La Serenísima Entera 1L,Lácteos,4934.09,4904.65,3751.24,4800.03,4603.79
P00241,Cerveza Quilmes 1L,Bebidas,10289.7,10858.86,9625.93,10443.49,10369.32
P00242,Jugo Baggio Multifruta 1L,Bebidas,11914.81,12196.56,12848.59,10041.4,12831.59
P00243,Harina Blancaflor 1Kg,Almacén,3443.82,3266.58,2674.57,2758.01,3603.02
P00244,Cerveza Quilmes 1L,Bebidas,9912.76,10667.44,8893.29,9593.99,9173.57
P00245,Detergente Magistral Limón 750ml,Limpieza,877.0,941.07,747.9,853.95,893.34
P00246,Leche La Serenísima Entera 1L,Lácteos,5861.54,6162.25,6837.52,6450.29,5800.89
P00247,Harina Blancaflor 1Kg,Almacén,8511.27,7808.02,9106.85,7856.11,9653.62
P00248,Azúcar Ledesma 1Kg,Almacén,1814.29,1748.88,2359.41,1770.34,2349.79
P00249,Azúcar Ledesma 1Kg x5,Almacén,8265.31,9625.64,8730.78,10592.2,10431.53
P00250,Pan de Campo Bimbo 500g,Panificados,10252.77,10596.18,10068.76,10773.14,11245.56
P00251,Pan Lactal Fargo 600g,Panificados,907.42,1212.5,1045.72,1183.17,1177.62
P00252,Shampoo Pantene Restauración 400ml,Higiene,7933.08,7413.42,7623.42,7082.08,6820.01
P00253,Aceite Natura Girasol 1.5L,Almacén,10055.24,12297.1,11502.95,9938.12,9480.04
P00254,Pan de Campo Bimbo 500g,Panificados,9840.67,10072.68,11852.39,11781.31,12132.32
P00255,Queso Cremoso Tregar 1Kg,Lácteos,1902.34,2145.81,2212.06,1854.99,1916.07
P00256,Azúcar Ledesma 1Kg,Almacén,4404.41,4492.19,5150.37,5267.53,5680.62
P00257,Desodorante Poett Primavera 900ml,Limpieza,1540.74,1838.92,1886.05,1508.44,1398.49
P00258,Suavizante Comfort 900ml,Limpieza,10454.74,11417.22,12037.66,10589.67,11438.89
P00259,Queso Rallado La Paulina 40g,Lácteos,6791.4,6337.02,6502.85,5580.8,6325.61
P00260,Pepsi 2.25L,Bebidas,2469.04,2174.46,2122.68,2396.15,2374.9
P00261,Yerba Taragüi 1Kg x4,Almacén,6447.32,5926.42,7540.03,7338.64,7077.64
P00262,Harina Blancaflor 1Kg,Almacén,4252.41,5861.55,5135.48,5206.42,4825.25
P00263,Pepsi 2.25L,Bebidas,9799.33,9578.87,7785.46,7529.84,8879.44
P00264,Harina Blancaflor 1Kg,Almacén,3539.98,3218.29,3144.7,3203.62,3341.5
P00265,Pan de Campo Bimbo 500g,Panificados,952.7,967.22,1126.66,1171.17,1137.33
P00266,Bizcochitos Don Satur 200g,Panificados,1053.26,1135.02,1049.87,976.97,1005.0
P00267,Detergente Magistral Limón 750ml,Limpieza,11467.57,11396.7,11061.15,9890.81,10055.25
P00268,Lavandina Ayudín 1L,Limpieza,5193.72,6013.35,4805.94,6118.92,5101.09
P00269,Pan Lactal Fargo 600g,Panificados,2067.22,1893.64,2311.39,2266.47,2093.15
P00270,Cerveza Heineken 1L,Bebidas,9477.52,7118.29,7055.08,8629.58,6906.25
P00271,Pan de Campo Bimbo 500g x5,Panificados,10463.5,10926.89,11631.18,11900.5,11123.29
P00272,Queso Rallado La Paulina 40g x5,Lácteos,3608.83,4026.03,3062.91,2981.58,2972.83
P00273,Papel Higiénico Higienol 4 Rollos,Higiene,798.8,984.65,931.62,866.64,903.44
P00274,Desodorante Rexona Hombre 150ml,Higiene,10257.77,13336.66,11853.55,10974.43,12612.14
P00275,Azúcar Ledesma 1Kg,Almacén,9415.6,11682.07,9748.6,8792.48,8804.79
P00276,Pan de Campo Bimbo 500g,Panificados,9089.43,9202.59,8088.67,10886.23,9719.5
P00277,Jabón en Polvo Ala 3Kg,Limpieza,10321.68,8421.28,10571.39,8586.02,10747.76
P00278,Galletitas Chocolinas 170g,Panificados,4080.21,4291.76,4803.99,3842.75,4609.26
P00279,Pan de Campo Bimbo 500g,Panificados,10270.51,10010.64,11079.95,9440.43,9685.74
P00280,Coca-Cola 2.25L x2,Bebidas,3987.23,3663.24,3794.65,3501.74,4655.25
P00281,Shampoo Pantene Restauración 400ml,Higiene,2438.25,2614.55,2637.12,2702.11,2166.82
P00282,Agua Villavicencio 2.25L x5,Bebidas,3009.41,3677.38,3563.83,3264.7,2986.99
P00283,Jugo Baggio Multifruta 1L,Bebidas,1631.07,1518.3,1935.33,1917.65,1792.31
P00284,Shampoo Pantene Restauración 400ml,Higiene,11598.89,9857.39,10981.64,12013.44,9964.29
P00285,Suavizante Comfort 900ml x2,Limpieza,5276.04,6133.87,6299.37,5619.64,5381.78
P00286,Yerba Playadito 1Kg,Almacén,3803.0,4218.09,4901.15,4853.75,4404.42
P00287,Manteca Sancor 200g,Lácteos,2856.27,2997.6,3112.63,2697.74,2707.86
P00288,Shampoo Pantene Restauración 400ml,Higiene,3504.59,3625.29,3501.7,3643.69,4091.22
P00289,Yerba Playadito 1Kg x5,Almacén,7384.5,5550.72,6327.78,6792.53,7440.81
P00290,Yerba Playadito 1Kg x2,Almacén,9053.14,8854.9,8774.43,8866.92,7685.7
P00291,Coca-Cola 2.25L,Bebidas,7423.22,7331.66,9297.59,7295.0,8868.29
P00292,Detergente Magistral Limón 750ml,Limpieza,9304.08,10558.46,10969.4,10846.08,9126.39
P00293,Bizcochitos Don Satur 200g,Panificados,5056.09,4832.7,5207.44,4254.78,4322.42
P00294,Aceite Natura Girasol 1.5L,Almacén,8958.65,7240.21,7704.31,7275.13,9175.11
P00295,Harina Blancaflor 1Kg,Almacén,9329.16,9902.66,9344.6,11575.96,11031.51
P00296,Desodorante Poett Primavera 900ml,Limpieza,6582.35,8725.09,8359.94,7136.84,8807.07
P00297,Agua Villavicencio 2.25L,Bebidas,1001.77,908.62,933.66,928.35,879.62
P00298,Desodorante Poett Primavera 900ml,Limpieza,9311.96,10208.15,8541.81,9730.97,11291.71
P00299,Detergente Magistral Limón 750ml,Limpieza,8335.42,7897.24,6102.4,6857.15,7833.56
P00300,Pan de Campo Bimbo 500g,Panificados,3562.87,3696.42,3046.81,2901.73,2725.01
P00301,Harina Blancaflor 1Kg,Almacén,10297.49,9820.78,11116.92,11584.37,11642.68
P00302,Yerba Taragüi 1Kg,Almacén,9624.28,8256.54,9562.21,9056.26,9338.01
P00303,Lavandina Ayudín 1L,Limpieza,8899.77,8422.79,7964.28,7795.45,7680.34
P00304,Queso Cremoso Tregar 1Kg,Lácteos,7694.64,9616.08,9543.95,7629.9,8697.55
P00305,Leche La Serenísima Entera 1L x2,Lácteos,7668.38,6334.97,7562.92,6359.95,6943.01
P00306,Leche Ilolay Descremada 1L,Lácteos,10402.77,12704.43,10027.51,12750.05,12736.84
P00307,Galletitas Chocolinas 170g,Panificados,12897.82,13254.62,12244.25,13031.02,11046.28
P00308,Manteca Sancor 200g,Lácteos,6947.97,5621.0,7344.19,5966.28,5966.13
P00309,Cerveza Quilmes 1L x5,Bebidas,9935.11,10228.93,9673.88,10630.55,11838.4
P00310,Yerba Playadito 1Kg x2,Almacén,1051.05,1352.69,1321.98,1278.76,1235.48
P00311,Cerveza Heineken 1L,Bebidas,1569.98,1893.56,1682.31,1568.11,1983.74
P00312,Galletitas Express 170g x3,Panificados,6219.61,7629.49,7433.97,7943.15,7920.62
P00313,Fideos Matarazzo Spaghetti 500g,Almacén,6206.43,6088.04,6648.0,5115.61,6417.13
P00314,Queso Cremoso Tregar 1Kg,Lácteos,7750.32,6194.24,7714.21,6002.79,7902.11
P00315,Yogur Ser Vainilla 1Kg,Lácteos,2290.25,1820.52,1722.52,2273.27,2242.06
P00316,Fideos Matarazzo Spaghetti 500g,Almacén,6252.29,6439.33,6458.44,5146.35,5727.67
P00317,Arroz Gallo Oro 1Kg,Almacén,10839.26,9761.66,9308.23,10063.44,10892.5
P00318,Lavandina Ayudín 1L,Limpieza,3536.55,3215.29,4097.16,3590.31,4008.53
P00319,Queso Rallado La Paulina 40g,Lácteos,3255.93,3532.72,2898.29,3770.52,3176.74
P00320,Cerveza Quilmes 1L,Bebidas,8505.98,9310.1,7577.82,9077.6,9540.98
P00321,Leche Ilolay Descremada 1L x3,Lácteos,6586.3,8055.06,6408.87,7420.65,7446.77
P00322,Azúcar Ledesma 1Kg,Almacén,10279.61,12434.73,10249.72,9861.38,13520.49
P00323,Aceite Natura Girasol 1.5L,Almacén,2345.58,2288.77,2315.21,2003.15,2371.61
P00324,Manteca Sancor 200g,Lácteos,8554.42,8252.3,8869.62,7841.58,8475.75
P00325,Lavandina Ayudín 1L,Limpieza,13239.05,13122.27,12943.63,11846.2,10809.78
P00326,Jabón en Polvo Ala 3Kg,Limpieza,5062.71,5116.16,5261.47,5616.28,5338.8
P00327,Coca-Cola 2.25L x2,Bebidas,2463.83,2776.53,2190.89,2235.0,2530.18
P00328,Jabón Dove Original 90g,Higiene,2607.62,2320.3,2424.34,2487.16,2094.53
P00329,Jabón Dove Original 90g,Higiene,4036.04,4641.25,5123.11,4469.55,4181.94
P00330,Queso Cremoso Tregar 1Kg,Lácteos,6494.01,6678.14,7727.46,7126.02,6198.68
P00331,Pepsi 2.25L,Bebidas,4484.07,4587.18,5013.15,5254.96,3874.8
P00332,Yerba Playadito 1Kg,Almacén,7058.67,6804.88,5372.14,6005.13,6230.19
P00333,Desodorante Poett Primavera 900ml x5,Limpieza,9760.7,9360.68,10103.7,10366.32,8858.81
P00334,Harina Blancaflor 1Kg x4,Almacén,2042.51,1975.79,2021.25,1589.55,1852.27
P00335,Bizcochitos Don Satur 200g,Panificados,3008.41,2814.38,2935.6,2846.14,3287.69
P00336,Manteca Sancor 200g,Lácteos,7524.05,7802.89,7198.03,8245.42,7812.66
P00337,Yerba Playadito 1Kg,Almacén,6810.61,6896.37,8169.0,7932.74,7378.97
P00338,Desodorante Poett Primavera 900ml,Limpieza,1058.26,930.54,1071.98,1044.68,1155.85
P00339,Bizcochitos Don Satur 200g x3,Panificados,1291.1,1637.58,1434.37,1415.24,1341.39
P00340,Jugo Baggio Multifruta 1L,Bebidas,1468.69,1457.21,1860.12,1479.97,1795.64
P00341,Jugo Baggio Multifruta 1L,Bebidas,3664.45,4243.3,4314.8,4010.69,4040.86
P00342,Pan Lactal Fargo 600g,Panificados,8705.82,8806.27,8159.39,7786.99,7717.46
P00343,Arroz Gallo Oro 1Kg x3,Almacén,7125.91,6464.18,7651.82,5993.96,6457.73
P00344,Harina Blancaflor 1Kg,Almacén,4593.21,4853.58,4659.94,6141.18,5413.54
P00345,Galletitas Chocolinas 170g,Panificados,7882.52,7803.82,6408.44,7630.27,6763.47
P00346,Jugo Baggio Multifruta 1L,Bebidas,881.16,903.64,962.08,1119.18,811.97
P00347,Arroz Gallo Oro 1Kg,Almacén,7373.68,6580.06,6160.68,7159.69,7093.91
P00348,Leche Ilolay Descremada 1L,Lácteos,8375.46,6585.76,8530.44,8606.76,8338.92
P00349,Papel Higiénico Higienol 4 Rollos,Higiene,5121.24,4629.69,5271.87,5619.87,5025.64
P00350,Coca-Cola 2.25L,Bebidas,6332.53,5144.71,6014.07,6126.09,5150.56
P00351,Galletitas Chocolinas 170g,Panificados,4035.07,4574.34,4767.28,4453.06,3491.66
P00352,Suavizante Comfort 900ml x2,Limpieza,1067.15,801.85,1026.25,1062.73,1071.16
P00353,Yerba Playadito 1Kg,Almacén,7791.11,9442.61,7981.78,8160.74,8191.23
P00354,Shampoo Pantene Restauración 400ml,Higiene,7638.65,7538.45,7986.73,6996.52,6713.27
P00355,Pasta Dental Colgate Total 90g,Higiene,11714.13,11116.9,9990.35,12245.05,11853.47
P00356,Cerveza Heineken 1L,Bebidas,11592.98,12294.73,10026.63,10880.36,12301.22
P00357,Queso Rallado La Paulina 40g,Lácteos,11099.71,10966.15,9143.15,10168.68,10981.62
P00358,Yerba Taragüi 1Kg,Almacén,1003.27,955.52,777.94,916.25,873.7
P00359,Papel Higiénico Higienol 4 Rollos,Higiene,7677.27,6348.79,8177.99,6504.68,7609.73
P00360,Coca-Cola 2.25L,Bebidas,8620.12,7780.42,8827.48,9012.38,8742.42
P00361,Agua Villavicencio 2.25L,Bebidas,3251.95,3629.12,2971.22,3339.16,3428.26
P00362,Manteca Sancor 200g,Lácteos,10114.08,10768.63,10916.79,10192.17,8566.87
P00363,Jabón Dove Original 90g,Higiene,12610.2,11957.34,11929.12,10815.99,12445.52
P00364,Suavizante Comfort 900ml,Limpieza,4995.58,4722.35,4190.05,3919.27,4320.99
P00365,Jugo Baggio Multifruta 1L,Bebidas,6288.46,5615.96,7125.43,7380.86,6267.9
P00366,Lavandina Ayudín 1L,Limpieza,2682.67,2603.65,2723.24,2516.43,2314.78
P00367,Desodorante Rexona Hombre 150ml,Higiene,6586.28,5881.22,6709.54,7410.1,7659.2
P00368,Azúcar Ledesma 1Kg,Almacén,11628.48,10940.64,9386.68,12055.54,11272.63
P00369,Arroz Gallo Oro 1Kg,Almacén,3482.83,3323.54,3395.05,4290.86,3709.55
P00370,Leche Ilolay Descremada 1L,Lácteos,5906.05,6203.99,5339.95,5296.12,5522.83
P00371,Lavandina Ayudín 1L,Limpieza,8730.79,7832.01,8033.74,8208.22,8423.92
P00372,Desodorante Rexona Hombre 150ml,Higiene,9756.9,10183.56,12308.0,11961.99,13118.84
P00373,Desodorante Poett Primavera 900ml x4,Limpieza,6902.98,7731.06,7069.37,7320.24,7984.71
P00374,Shampoo Pantene Restauración 400ml,Higiene,8278.71,8297.18,8982.02,8897.02,8613.84
P00375,Queso Cremoso Tregar 1Kg x3,Lácteos,5650.69,5068.8,5882.12,5878.08,5847.35
P00376,Pasta Dental Colgate Total 90g,Higiene,7335.26,7202.39,6050.2,7287.19,7595.61
P00377,Pan Lactal Fargo 600g,Panificados,5574.09,6133.72,4926.78,4790.38,4764.0
P00378,Papel Higiénico Higienol 4 Rollos,Higiene,3920.48,3957.99,3972.26,4327.12,3587.99
P00379,Jabón Dove Original 90g,Higiene,3492.8,4562.67,3678.45,3632.89,3661.24
P00380,Queso Rallado La Paulina 40g,Lácteos,4019.46,4682.29,4449.08,4015.6,5148.0
P00381,Pepsi 2.25L,Bebidas,4872.43,4935.49,5311.54,4913.97,5428.88
P00382,Pan Lactal Fargo 600g x4,Panificados,6306.4,5427.16,6366.49,5552.14,5663.67
P00383,Pasta Dental Colgate Total 90g,Higiene,4731.3,3859.54,4076.8,4748.94,3608.08
P00384,Cerveza Heineken 1L,Bebidas,933.74,826.09,826.6,1047.72,839.39
P00385,Cerveza Quilmes 1L,Bebidas,4756.59,4695.06,5034.17,4574.28,5300.85
P00386,Leche Ilolay Descremada 1L x4,Lácteos,12243.09,10374.95,11067.47,11865.45,11007.28
P00387,Yerba Playadito 1Kg,Almacén,6452.43,7271.76,7313.44,6441.55,7512.88
P00388,Suavizante Comfort 900ml,Limpieza,12485.47,11447.7,11219.12,9885.55,11400.11
P00389,Pan de Campo Bimbo 500g,Panificados,1510.58,1898.89,1689.17,1715.97,1776.87
P00390,Pan Lactal Fargo 600g x3,Panificados,5192.95,6298.36,6322.33,5894.47,5561.77
P00391,Yerba Playadito 1Kg,Almacén,4646.87,5743.75,6344.21,4828.38,6265.29
P00392,Galletitas Chocolinas 170g,Panificados,11374.7,11346.71,10742.61,11479.0,12102.97
P00393,Leche Ilolay Descremada 1L,Lácteos,7288.75,8971.87,7265.36,6761.1,8604.39
P00394,Galletitas Chocolinas 170g,Panificados,3999.9,4596.13,4284.85,3783.24,4403.1
P00395,Yerba Playadito 1Kg,Almacén,4560.96,4798.93,5275.65,4590.73,4773.23
P00396,Galletitas Chocolinas 170g,Panificados,1447.46,1410.51,1335.61,1241.68,1492.63
P00397,Yerba Playadito 1Kg,Almacén,642.57,621.06,614.58,612.74,737.71
P00398,Pepsi 2.25L x3,Bebidas,4795.43,5299.79,4982.91,4567.41,4342.88
P00399,Desodorante Rexona Hombre 150ml,Higiene,6808.34,6268.37,6142.71,6950.02,6198.68
P00400,Galletitas Chocolinas 170g,Panificados,4781.34,4821.01,5252.01,4609.79,4538.54
P00401,Pepsi 2.25L,Bebidas,10940.6,11047.35,12549.99,13260.06,11710.98
P00402,Shampoo Pantene Restauración 400ml x2,Higiene,990.27,920.18,902.58,990.69,825.37
P00403,Queso Cremoso Tregar 1Kg,Lácteos,1750.04,2028.38,1987.6,2174.55,1783.76
P00404,Aceite Natura Girasol 1.5L,Almacén,6403.56,8809.49,8448.57,6599.97,8603.19
P00405,Yerba Playadito 1Kg,Almacén,10041.47,11855.18,10236.14,9911.81,9849.15
P00406,Yerba Playadito 1Kg,Almacén,3335.08,3815.7,3738.95,3052.5,3660.19
P00407,Detergente Magistral Limón 750ml,Limpieza,12725.13,11322.33,13084.16,13400.77,11045.96
P00408,Pepsi 2.25L,Bebidas,3165.37,3086.44,2824.73,3067.75,3046.69
P00409,Cerveza Heineken 1L x2,Bebidas,2066.46,1642.98,2249.87,2050.9,1663.47
P00410,Azúcar Ledesma 1Kg,Almacén,11722.03,9427.84,10323.6,10814.43,9145.52
P00411,Manteca Sancor 200g,Lácteos,1971.28,2281.94,2087.16,2246.02,2229.16
P00412,Leche Ilolay Descremada 1L,Lácteos,4016.16,4017.01,4474.87,4932.85,4110.13
P00413,Galletitas Express 170g x5,Panificados,11973.14,13409.66,12467.2,10934.86,12290.22
P00414,Cerveza Heineken 1L,Bebidas,7508.45,5981.94,6247.05,6865.64,5772.89
P00415,Leche Ilolay Descremada 1L x4,Lácteos,9627.01,9873.98,8461.05,10089.44,8893.84
P00416,Desodorante Rexona Hombre 150ml x4,Higiene,4988.94,5677.53,4938.29,4402.75,4768.13
P00417,Queso Rallado La Paulina 40g,Lácteos,11608.4,11888.92,11912.62,12532.72,11226.99
P00418,Fideos Matarazzo Spaghetti 500g,Almacén,10449.53,9110.64,10806.95,8339.57,10142.53
P00419,Yerba Taragüi 1Kg,Almacén,843.18,895.11,954.83,909.3,945.88
P00420,Lavandina Ayudín 1L,Limpieza,11677.4,12648.15,12197.4,12938.61,10102.75
P00421,Galletitas Express 170g,Panificados,2060.47,2373.62,2534.76,2488.23,2312.82
P00422,Yerba Playadito 1Kg,Almacén,12456.73,9164.77,10648.41,11787.55,10329.96
P00423,Azúcar Ledesma 1Kg,Almacén,6975.16,6987.98,6138.93,6713.54,5967.0
P00424,Agua Villavicencio 2.25L x5,Bebidas,3175.69,2906.22,2890.26,3053.81,3602.95
P00425,Queso Rallado La Paulina 40g,Lácteos,6543.13,6770.09,8447.62,7936.13,7100.85
P00426,Jabón en Polvo Ala 3Kg,Limpieza,3999.61,4486.09,4975.73,3892.81,5332.49
P00427,Papel Higiénico Higienol 4 Rollos,Higiene,10472.14,9147.99,9223.65,10552.47,9273.27
P00428,Yerba Playadito 1Kg x4,Almacén,7204.12,6558.4,6972.58,6140.21,7327.76
P00429,Papel Higiénico Higienol 4 Rollos,Higiene,8297.6,8824.19,7754.33,8455.25,8955.01
P00430,Manteca Sancor 200g,Lácteos,5158.58,5318.52,6750.07,5915.75,5215.67
P00431,Desodorante Poett Primavera 900ml x4,Limpieza,2831.91,3515.86,3506.62,3598.76,3407.3
P00432,Jabón en Polvo Ala 3Kg,Limpieza,10894.66,10674.64,9323.96,8999.49,11565.35
P00433,Galletitas Chocolinas 170g x5,Panificados,3584.4,3413.79,3841.16,2905.19,3020.34
P00434,Arroz Gallo Oro 1Kg,Almacén,9771.7,9343.73,11757.8,11665.94,12301.16
P00435,Manteca Sancor 200g x5,Lácteos,6483.82,5934.45,5728.25,6002.77,5074.24
P00436,Suavizante Comfort 900ml,Limpieza,10853.83,11150.23,11622.7,9025.91,11059.08
P00437,Azúcar Ledesma 1Kg,Almacén,7376.93,9338.6,9480.0,7953.69,8506.06
P00438,Harina Blancaflor 1Kg,Almacén,11907.01,11150.79,11632.16,12755.12,11565.84
P00439,Jabón Dove Original 90g x5,Higiene,4469.36,5414.78,4744.58,5004.83,5089.01
P00440,Papel Higiénico Higienol 4 Rollos x2,Higiene,9098.42,8223.68,7394.48,7949.94,7415.79
P00441,Manteca Sancor 200g,Lácteos,3228.25,3318.91,3562.71,3182.9,3199.92
P00442,Desodorante Poett Primavera 900ml x3,Limpieza,9401.53,9639.37,8781.23,8845.38,10913.13
P00443,Cerveza Quilmes 1L,Bebidas,5053.72,4774.4,6281.77,6199.16,4582.24
P00444,Manteca Sancor 200g,Lácteos,4312.18,3751.31,4031.48,3711.38,4357.7
P00445,Leche La Serenísima Entera 1L,Lácteos,8082.67,7799.3,8117.92,8394.73,6678.87
P00446,Pan de Campo Bimbo 500g,Panificados,6497.46,6121.45,5101.88,5258.27,6921.47
P00447,Bizcochitos Don Satur 200g,Panificados,9176.69,8538.14,9317.96,9409.72,10733.32
P00448,Jugo Baggio Multifruta 1L,Bebidas,5509.23,4485.15,4712.82,6135.45,5262.54
P00449,Jabón en Polvo Ala 3Kg x2,Limpieza,2970.83,3349.29,3441.95,3110.91,2684.82
P00450,Leche Ilolay Descremada 1L,Lácteos,2421.54,2161.53,2394.3,2100.56,2447.92
P00451,Bizcochitos Don Satur 200g,Panificados,5051.61,4638.51,4902.19,5145.59,4944.35
P00452,Azúcar Ledesma 1Kg,Almacén,6826.45,9291.66,9124.49,7823.08,7542.48
P00453,Jabón Dove Original 90g,Higiene,5534.5,5385.71,4525.63,5533.75,4326.71
P00454,Manteca Sancor 200g,Lácteos,6823.65,8822.01,7400.01,7910.22,8534.34
P00455,Arroz Gallo Oro 1Kg,Almacén,9628.54,9490.57,10755.3,8997.31,9427.41
P00456,Suavizante Comfort 900ml,Limpieza,12343.49,10892.25,10962.02,10928.53,12439.02
P00457,Harina Blancaflor 1Kg,Almacén,3400.2,3310.91,4455.03,3625.64,4124.64
P00458,Detergente Magistral Limón 750ml,Limpieza,5430.33,5262.11,5847.15,6492.03,5562.56
P00459,Jugo Baggio Multifruta 1L,Bebidas,11933.94,10605.45,9605.05,12331.66,11796.36
P00460,Yerba Playadito 1Kg x5,Almacén,2572.66,2549.81,2020.52,2440.93,2365.06
P00461,Arroz Gallo Oro 1Kg x2,Almacén,3354.36,3272.79,3091.6,2808.84,3461.59
P00462,Queso Rallado La Paulina 40g x5,Lácteos,8746.69,8363.32,8435.42,6927.19,8780.09
P00463,Detergente Magistral Limón 750ml,Limpieza,10625.55,12330.39,10737.31,10254.38,12293.58
P00464,Cerveza Quilmes 1L,Bebidas,1281.33,1083.45,1125.91,1197.9,1300.99
P00465,Jabón en Polvo Ala 3Kg,Limpieza,8405.76,6876.3,7985.88,7664.38,6523.67
P00466,Fideos Matarazzo Spaghetti 500g,Almacén,1537.01,1511.64,1734.32,1525.88,1754.06
P00467,Galletitas Chocolinas 170g,Panificados,11051.8,9161.76,10269.41,9078.3,10031.99
P00468,Yerba Playadito 1Kg,Almacén,6376.01,6348.75,7981.43,7616.1,7820.75
P00469,Lavandina Ayudín 1L,Limpieza,6938.68,6999.22,7918.81,6561.75,8758.98
P00470,Bizcochitos Don Satur 200g x2,Panificados,7053.84,6784.68,7824.55,6682.54,6304.67
P00471,Pan Lactal Fargo 600g,Panificados,13551.93,12264.59,12525.82,9855.79,13539.92
P00472,Yerba Playadito 1Kg x3,Almacén,897.4,1170.47,985.17,1162.56,1085.38
P00473,Harina Blancaflor 1Kg x2,Almacén,7929.52,7004.52,7080.59,7030.53,8411.46
P00474,Aceite Natura Girasol 1.5L,Almacén,8708.89,9984.54,9799.22,8448.36,9315.05
P00475,Queso Rallado La Paulina 40g,Lácteos,5221.44,5752.75,5214.32,6253.18,5141.97
P00476,Pan de Campo Bimbo 500g,Panificados,8100.67,7037.6,7124.79,6534.79,7035.08
P00477,Galletitas Express 170g,Panificados,7080.43,5876.1,7040.55,5887.11,6030.84
P00478,Queso Rallado La Paulina 40g x5,Lácteos,2313.76,2934.89,2464.88,2830.26,2608.14
P00479,Queso Cremoso Tregar 1Kg,Lácteos,11666.99,9028.33,9854.94,11346.98,11451.71
P00480,Azúcar Ledesma 1Kg,Almacén,4483.29,5710.56,4298.86,4939.18,5204.5
P00481,Fideos Matarazzo Spaghetti 500g,Almacén,3227.67,3270.29,2613.6,2706.47,2962.54
P00482,Papel Higiénico Higienol 4 Rollos,Higiene,12414.24,11937.84,11296.63,13014.06,10457.12
P00483,Pan Lactal Fargo 600g,Panificados,7187.12,8377.2,7439.07,6617.88,8200.85
P00484,Papel Higiénico Higienol 4 Rollos x5,Higiene,10400.61,8356.78,8882.4,8030.68,9625.85
P00485,Desodorante Poett Primavera 900ml x2,Limpieza,11064.07,8617.03,8714.2,8327.32,8861.9
P00486,Pasta Dental Colgate Total 90g x5,Higiene,4498.04,5708.19,5781.12,5880.37,4875.82
P00487,Leche La Serenísima Entera 1L,Lácteos,3428.18,3862.81,4178.79,3937.49,4272.65
P00488,Pan de Campo Bimbo 500g,Panificados,3262.5,2858.47,3216.45,2889.14,3762.66
P00489,Arroz Gallo Oro 1Kg x2,Almacén,6120.3,4622.0,5139.25,4615.09,5032.51
P00490,Suavizante Comfort 900ml,Limpieza,3388.14,2575.29,2934.76,3437.73,2674.99
P00491,Jabón en Polvo Ala 3Kg,Limpieza,12915.03,12701.4,9856.43,12669.1,11445.52
P00492,Arroz Gallo Oro 1Kg,Almacén,10103.06,11369.14,11263.14,13155.21,12414.07
P00493,Suavizante Comfort 900ml,Limpieza,4657.44,4610.59,4642.85,4829.54,4902.95
P00494,Pasta Dental Colgate Total 90g,Higiene,9693.18,9268.14,9634.08,8900.85,9450.32
P00495,Azúcar Ledesma 1Kg,Almacén,1124.85,1306.24,1135.15,1153.05,1328.84
P00496,Galletitas Chocolinas 170g x2,Panificados,7414.59,7237.24,7848.87,6462.03,8266.67
P00497,Coca-Cola 2.25L,Bebidas,11962.81,12754.18,9784.98,9549.55,12591.84
P00498,Jabón Dove Original 90g,Higiene,1323.9,1283.02,1311.08,1338.39,1446.74
P00499,Desodorante Poett Primavera 900ml,Limpieza,5499.0,4571.17,5698.47,5606.29,4958.96
P00500,Yerba Playadito 1Kg,Almacén,5339.66,5108.07,6655.08,5610.86,6806.98
P00501,Arroz Gallo Oro 1Kg,Almacén,12789.76,11871.17,10877.39,10480.29,9558.94
P00502,Arroz Gallo Oro 1Kg,Almacén,10079.72,12588.83,12762.55,12059.52,12178.25
P00503,Shampoo Pantene Restauración 400ml,Higiene,10888.79,12445.47,12085.18,11241.5,11009.39
P00504,Pan de Campo Bimbo 500g,Panificados,12616.74,11473.45,11223.47,11077.6,10410.63
P00505,Leche La Serenísima Entera 1L,Lácteos,1048.93,1219.22,1003.01,1152.0,1197.88
P00506,Azúcar Ledesma 1Kg,Almacén,11933.94,9291.93,8944.49,11085.89,11566.17
P00507,Aceite Natura Girasol 1.5L x5,Almacén,8720.43,8774.83,10143.27,11404.69,11010.07
P00508,Lavandina Ayudín 1L,Limpieza,1346.01,1565.74,1471.8,1428.38,1281.37
P00509,Desodorante Rexona Hombre 150ml,Higiene,8714.08,6473.18,6561.38,8469.93,7687.08
P00510,Arroz Gallo Oro 1Kg,Almacén,12407.48,11585.97,9817.61,9505.18,10202.46
P00511,Pepsi 2.25L,Bebidas,2781.81,3325.28,2750.71,2581.39,2649.51
P00512,Desodorante Rexona Hombre 150ml,Higiene,3841.26,4815.63,3931.86,4840.78,4497.29
P00513,Detergente Magistral Limón 750ml,Limpieza,7606.03,7594.89,8613.17,9328.5,8838.5
P00514,Jugo Baggio Multifruta 1L,Bebidas,5276.3,5682.25,7145.13,7081.83,6058.2
P00515,Cerveza Quilmes 1L,Bebidas,1942.7,2189.34,2473.96,2260.23,2076.12
P00516,Leche Ilolay Descremada 1L,Lácteos,10902.0,11890.31,11960.47,11851.5,10350.29
P00517,Agua Villavicencio 2.25L,Bebidas,10821.99,10873.13,11784.3,10012.7,13105.43
P00518,Desodorante Rexona Hombre 150ml x5,Higiene,6651.93,7899.44,7912.55,6001.53,8040.39
P00519,Desodorante Poett Primavera 900ml,Limpieza,10172.85,10560.57,12408.42,9391.6,9589.73
P00520,Cerveza Quilmes 1L,Bebidas,3940.58,4217.04,3520.16,3291.59,3247.79
P00521,Coca-Cola 2.25L,Bebidas,4435.64,3811.01,3683.3,4144.5,4264.34
P00522,Jugo Baggio Multifruta 1L,Bebidas,9272.8,9690.84,10145.71,9166.7,8134.73
P00523,Shampoo Pantene Restauración 400ml,Higiene,9652.11,9845.74,9835.59,11785.96,10785.87
P00524,Agua Villavicencio 2.25L,Bebidas,6540.14,6745.31,6790.14,6005.73,5703.33
P00525,Galletitas Chocolinas 170g,Panificados,6189.7,5220.54,6178.83,5591.13,4579.26
P00526,Cerveza Heineken 1L,Bebidas,940.36,1020.92,830.42,872.93,977.35
P00527,Pan de Campo Bimbo 500g,Panificados,7372.35,6513.36,5721.46,6094.39,5924.61
P00528,Queso Cremoso Tregar 1Kg x5,Lácteos,3565.85,4758.48,4076.01,4373.15,3834.57
P00529,Fideos Matarazzo Spaghetti 500g x2,Almacén,8369.74,8844.35,7012.41,6886.51,7734.39
P00530,Bizcochitos Don Satur 200g,Panificados,13277.83,10167.0,11955.36,10874.21,11762.11
P00531,Yogur Ser Vainilla 1Kg,Lácteos,9769.67,12332.81,11639.02,10728.3,11675.79
P00532,Jugo Baggio Multifruta 1L,Bebidas,654.41,703.66,770.45,747.92,867.94
P00533,Desodorante Rexona Hombre 150ml,Higiene,2379.32,2381.7,2647.34,2198.98,2259.98
P00534,Aceite Natura Girasol 1.5L,Almacén,7417.87,8448.66,7801.17,7770.29,7685.71
P00535,Jabón en Polvo Ala 3Kg,Limpieza,6352.81,7985.51,7702.81,7720.33,7539.67
P00536,Harina Blancaflor 1Kg x5,Almacén,4896.26,4381.03,3927.04,3844.02,4210.8
P00537,Yerba Taragüi 1Kg,Almacén,2466.77,2263.52,2405.87,2730.52,2426.86
P00538,Cerveza Quilmes 1L,Bebidas,3661.27,3360.68,3093.8,3205.59,3371.81
P00539,Pepsi 2.25L,Bebidas,3626.57,3823.77,4299.79,3183.99,3595.49
P00540,Queso Cremoso Tregar 1Kg,Lácteos,3598.92,3698.25,4147.86,4840.31,4512.26
P00541,Queso Cremoso Tregar 1Kg,Lácteos,2033.63,1696.93,1991.6,1917.76,1722.71
P00542,Cerveza Quilmes 1L,Bebidas,1121.08,1163.7,1339.89,1529.44,1167.38
P00543,Bizcochitos Don Satur 200g x3,Panificados,11585.91,11503.41,10702.35,9625.53,8915.48
P00544,Leche Ilolay Descremada 1L,Lácteos,3693.16,3470.45,4553.85,3724.29,3700.12
P00545,Bizcochitos Don Satur 200g,Panificados,2542.56,2485.92,2691.25,2673.67,2541.36
P00546,Desodorante Poett Primavera 900ml,Limpieza,1495.29,1371.55,1287.12,1443.35,1282.57
P00547,Galletitas Chocolinas 170g x4,Panificados,10262.23,10733.56,10120.97,10409.41,13855.71
P00548,Fideos Matarazzo Spaghetti 500g,Almacén,10848.15,10146.44,10995.75,8798.26,9659.08
P00549,Yogur Ser Vainilla 1Kg,Lácteos,10583.24,9642.81,11050.25,8646.34,10890.2
P00550,Desodorante Poett Primavera 900ml,Limpieza,11589.55,10247.24,9565.06,10445.89,10150.81
P00551,Arroz Gallo Oro 1Kg x2,Almacén,4134.59,3959.8,3380.81,3486.31,4577.87
P00552,Azúcar Ledesma 1Kg x4,Almacén,1546.26,1747.22,1931.17,1734.83,1768.52
P00553,Bizcochitos Don Satur 200g,Panificados,10223.92,7966.9,9010.09,8356.92,9474.82
P00554,Jugo Baggio Multifruta 1L x5,Bebidas,9892.44,8771.38,9078.68,8180.21,9999.18
P00555,Pan de Campo Bimbo 500g,Panificados,3352.97,3009.16,2973.68,3296.83,2736.96
P00556,Yogur Ser Vainilla 1Kg,Lácteos,1613.43,1579.32,1829.08,1495.46,1653.7
P00557,Yerba Taragüi 1Kg,Almacén,3249.13,3055.57,3454.74,2874.07,3357.1
P00558,Fideos Matarazzo Spaghetti 500g,Almacén,2866.09,3105.41,3191.11,2874.2,2743.17
P00559,Queso Cremoso Tregar 1Kg,Lácteos,9442.23,7895.35,8654.34,10026.59,8911.99
P00560,Desodorante Poett Primavera 900ml x3,Limpieza,8417.59,7935.13,8355.01,7954.43,6690.9
P00561,Fideos Matarazzo Spaghetti 500g,Almacén,2815.69,3333.53,3724.22,3782.38,3404.32
P00562,Leche La Serenísima Entera 1L,Lácteos,3757.9,3466.38,3695.8,3351.14,3412.35
P00563,Azúcar Ledesma 1Kg,Almacén,881.82,914.36,791.7,891.44,796.94
P00564,Papel Higiénico Higienol 4 Rollos,Higiene,6801.93,6672.09,6200.74,6084.36,6744.31
P00565,Azúcar Ledesma 1Kg,Almacén,8827.3,6981.36,8005.11,7687.23,8915.53
P00566,Aceite Natura Girasol 1.5L x3,Almacén,3297.26,3442.58,3179.2,2939.38,2731.81
P00567,Bizcochitos Don Satur 200g x5,Panificados,3873.89,3869.69,3127.86,3107.06,3717.46
P00568,Manteca Sancor 200g,Lácteos,1229.05,1107.06,1112.85,1295.07,1202.41
P00569,Detergente Magistral Limón 750ml,Limpieza,2252.36,2480.44,2513.83,2513.25,2348.24
P00570,Jabón en Polvo Ala 3Kg,Limpieza,1821.41,1610.28,1737.11,1409.24,1696.25
P00571,Leche La Serenísima Entera 1L,Lácteos,6847.75,6365.08,6551.9,5651.36,6056.1
P00572,Arroz Gallo Oro 1Kg,Almacén,1064.73,952.72,1250.22,1197.7,1108.47
P00573,Lavandina Ayudín 1L x2,Limpieza,10511.81,10069.47,10002.68,10901.26,10312.35
P00574,Yogur Ser Vainilla 1Kg,Lácteos,5064.79,5124.15,5059.43,4362.84,4748.51
P00575,Desodorante Poett Primavera 900ml,Limpieza,12260.56,10479.16,12911.29,12576.73,12774.29
P00576,Jugo Baggio Multifruta 1L x2,Bebidas,5334.31,6376.41,5714.46,5505.94,5158.13
P00577,Papel Higiénico Higienol 4 Rollos,Higiene,4001.94,3920.62,3939.82,3285.97,3471.03
P00578,Harina Blancaflor 1Kg,Almacén,1608.12,1233.93,1465.89,1385.82,1575.44
P00579,Queso Rallado La Paulina 40g,Lácteos,13585.29,10650.69,11788.99,13439.44,11652.72
P00580,Lavandina Ayudín 1L,Limpieza,2346.84,2325.14,2694.42,2612.48,2643.32
P00581,Bizcochitos Don Satur 200g,Panificados,2925.36,2979.11,2474.46,2519.59,3178.41
P00582,Suavizante Comfort 900ml,Limpieza,10965.53,11366.77,8639.49,10274.63,9650.97
P00583,Leche La Serenísima Entera 1L,Lácteos,3808.93,4799.81,3942.53,4541.93,4435.84
P00584,Fideos Matarazzo Spaghetti 500g,Almacén,6654.7,6126.24,6798.59,7006.32,6452.03
P00585,Suavizante Comfort 900ml x3,Limpieza,1208.53,1085.14,1082.15,1109.74,1073.39
P00586,Leche La Serenísima Entera 1L,Lácteos,10604.19,10186.54,11006.76,12981.79,11266.8
P00587,Jugo Baggio Multifruta 1L,Bebidas,1224.4,1156.6,1332.24,1232.08,1289.52
P00588,Azúcar Ledesma 1Kg,Almacén,4118.24,4751.79,4896.09,5229.01,5217.31
P00589,Yogur Ser Vainilla 1Kg,Lácteos,1806.28,1755.06,1989.27,2189.18,2114.34
P00590,Coca-Cola 2.25L,Bebidas,12944.54,12765.84,12843.89,13066.53,11406.55
P00591,Detergente Magistral Limón 750ml,Limpieza,4634.36,5910.1,4871.71,4687.73,4416.35
P00592,Jabón Dove Original 90g,Higiene,10398.07,10027.65,10261.02,9105.17,11073.65
P00593,Agua Villavicencio 2.25L,Bebidas,3314.24,3937.03,3707.19,3609.55,3346.13
P00594,Agua Villavicencio 2.25L,Bebidas,3741.98,4168.5,4137.16,3930.74,3885.23
P00595,Jabón Dove Original 90g,Higiene,10577.87,10647.01,8563.84,8966.96,11110.59
P00596,Queso Cremoso Tregar 1Kg,Lácteos,12782.52,11643.7,13737.27,12780.81,11424.49
P00597,Jabón Dove Original 90g x2,Higiene,4526.25,4133.71,3541.2,4329.84,4164.76
P00598,Queso Cremoso Tregar 1Kg,Lácteos,823.53,828.0,1044.11,914.11,1030.74
P00599,Suavizante Comfort 900ml x2,Limpieza,11480.73,11035.22,12071.16,11824.83,10513.16
P00600,Leche Ilolay Descremada 1L x3,Lácteos,10390.46,11200.59,9863.95,10666.9,10987.49
P00601,Manteca Sancor 200g,Lácteos,6650.37,6862.75,7116.89,5628.0,5925.55
P00602,Jabón Dove Original 90g,Higiene,10884.16,7985.66,8241.22,9479.3,10836.69
P00603,Jugo Baggio Multifruta 1L,Bebidas,10111.49,9316.09,10060.12,10912.76,10759.48
P00604,Queso Rallado La Paulina 40g,Lácteos,8755.22,8654.77,7224.36,6955.68,7871.8
P00605,Queso Rallado La Paulina 40g,Lácteos,2352.92,2031.13,1830.14,2490.65,1962.92
P00606,Fideos Matarazzo Spaghetti 500g,Almacén,11020.94,9373.96,9951.18,11098.99,9119.73
P00607,Fideos Matarazzo Spaghetti 500g,Almacén,4581.17,4051.08,4237.74,4661.59,3744.49
P00608,Jugo Baggio Multifruta 1L,Bebidas,4370.94,4429.61,3600.39,4562.37,4156.72
P00609,Suavizante Comfort 900ml,Limpieza,8304.86,9050.91,7373.66,7174.22,6950.74
P00610,Pepsi 2.25L,Bebidas,7826.84,7928.89,7895.8,7854.51,9910.93
P00611,Galletitas Express 170g,Panificados,13743.2,13130.52,13272.75,10543.83,13065.27
P00612,Pan de Campo Bimbo 500g,Panificados,3526.22,2957.21,3503.09,3243.47,3765.21
P00613,Cerveza Heineken 1L,Bebidas,6885.98,7238.78,7655.99,7521.59,6014.46
P00614,Yogur Ser Vainilla 1Kg x4,Lácteos,8155.86,9369.27,8481.6,9201.36,7282.3
P00615,Coca-Cola 2.25L,Bebidas,2438.58,2428.41,2060.03,2448.95,2233.63
P00616,Pan de Campo Bimbo 500g,Panificados,5048.51,4236.08,4811.62,4848.99,5220.42
P00617,Agua Villavicencio 2.25L x3,Bebidas,8178.48,7901.24,9780.49,9738.38,8438.58
P00618,Jabón Dove Original 90g,Higiene,5872.97,5280.46,6172.23,6294.59,6286.16
P00619,Jabón en Polvo Ala 3Kg,Limpieza,4577.8,4471.07,5025.5,5611.75,5302.75
P00620,Bizcochitos Don Satur 200g,Panificados,9628.41,10761.13,9915.57,9513.03,10299.51
P00621,Pan de Campo Bimbo 500g,Panificados,7750.76,6724.34,8479.18,7101.37,7189.22
P00622,Fideos Matarazzo Spaghetti 500g,Almacén,2750.45,2966.35,3548.69,3553.92,3309.86
P00623,Leche La Serenísima Entera 1L,Lácteos,6372.08,5545.58,6985.83,6603.86,7010.73
P00624,Aceite Natura Girasol 1.5L,Almacén,5615.79,6253.14,4977.12,5766.42,5928.23
P00625,Pan Lactal Fargo 600g,Panificados,4300.1,5140.65,5177.8,5431.16,5195.85
P00626,Papel Higiénico Higienol 4 Rollos,Higiene,7068.51,6743.73,5957.76,5391.98,5415.29
P00627,Pepsi 2.25L,Bebidas,1245.15,1327.58,1364.92,1368.84,1339.29
P00628,Leche La Serenísima Entera 1L,Lácteos,6928.25,6153.81,6342.09,6559.64,8023.7
P00629,Agua Villavicencio 2.25L,Bebidas,11833.13,11208.91,9537.92,10764.45,10894.38
P00630,Cerveza Heineken 1L,Bebidas,1526.69,1504.85,1513.48,1860.45,1785.14
P00631,Jabón en Polvo Ala 3Kg x3,Limpieza,7569.44,9598.87,7676.65,8819.77,7619.71
P00632,Pan de Campo Bimbo 500g,Panificados,9997.79,12201.28,13090.72,10366.81,13586.12
P00633,Desodorante Rexona Hombre 150ml,Higiene,7958.64,7601.53,6646.32,8542.28,7149.06
P00634,Leche La Serenísima Entera 1L,Lácteos,6922.78,8918.9,7313.51,8671.11,8058.1
P00635,Papel Higiénico Higienol 4 Rollos,Higiene,7669.88,8030.79,7981.84,8695.96,7813.27
P00636,Queso Cremoso Tregar 1Kg x2,Lácteos,3184.45,2609.51,3025.61,2932.49,2593.37
P00637,Arroz Gallo Oro 1Kg x2,Almacén,1966.99,1764.87,1829.51,1878.7,1671.41
P00638,Galletitas Chocolinas 170g,Panificados,5018.77,4661.19,4565.89,4786.59,4260.6
P00639,Yerba Taragüi 1Kg,Almacén,3915.59,4764.09,4145.59,4472.19,4324.48
P00640,Cerveza Quilmes 1L,Bebidas,7100.45,6908.66,6441.62,7373.2,7112.0
P00641,Leche Ilolay Descremada 1L,Lácteos,1580.34,1533.3,1407.83,1456.08,1480.84
P00642,Lavandina Ayudín 1L,Limpieza,6807.43,5575.79,5671.23,6972.51,7150.46
P00643,Jabón en Polvo Ala 3Kg,Limpieza,4331.84,4387.55,4810.23,5130.2,4487.8
P00644,Pasta Dental Colgate Total 90g,Higiene,6187.57,5951.16,5569.88,6654.01,5562.34
P00645,Leche La Serenísima Entera 1L,Lácteos,1328.22,1598.65,1504.69,1547.64,1596.74
P00646,Fideos Matarazzo Spaghetti 500g,Almacén,9008.22,8880.16,7746.96,8251.57,8916.58
P00647,Leche La Serenísima Entera 1L,Lácteos,13850.0,10112.2,10946.97,11989.15,12834.53
P00648,Pepsi 2.25L,Bebidas,13068.64,12199.13,11226.36,12822.32,11006.24
P00649,Cerveza Heineken 1L,Bebidas,4637.06,5750.64,5624.68,4731.24,4619.09
P00650,Jabón Dove Original 90g x5,Higiene,4501.69,4520.83,5900.31,5314.34,5765.02
P00651,Queso Rallado La Paulina 40g,Lácteos,7915.71,8717.32,8427.06,9991.04,9922.15
P00652,Harina Blancaflor 1Kg,Almacén,7851.87,7302.47,6979.9,6264.94,6914.4
P00653,Jugo Baggio Multifruta 1L,Bebidas,10797.73,11367.92,10055.66,9704.97,9861.33
P00654,Pan de Campo Bimbo 500g,Panificados,12113.72,11676.24,12427.52,13440.29,11083.17
P00655,Arroz Gallo Oro 1Kg,Almacén,6547.04,7904.55,8045.8,7848.6,6845.88
P00656,Detergente Magistral Limón 750ml,Limpieza,6523.95,5272.76,6084.8,4742.64,5013.47
P00657,Cerveza Heineken 1L,Bebidas,7792.11,7283.7,8567.74,7788.26,7045.61
P00658,Bizcochitos Don Satur 200g,Panificados,9024.47,8567.05,9523.32,9835.17,9808.15
P00659,Desodorante Poett Primavera 900ml,Limpieza,1270.95,1467.88,1215.79,1391.21,1466.6
P00660,Agua Villavicencio 2.25L,Bebidas,4069.95,4441.54,3895.41,4347.58,4577.63
P00661,Agua Villavicencio 2.25L,Bebidas,6486.92,5799.75,5013.07,5465.71,5765.05
P00662,Detergente Magistral Limón 750ml,Limpieza,9351.68,11599.56,10393.96,9770.45,12633.46
P00663,Jabón en Polvo Ala 3Kg,Limpieza,2529.58,2080.23,2289.97,2385.24,1966.01
P00664,Detergente Magistral Limón 750ml,Limpieza,10151.34,12210.73,10496.6,11946.13,10205.35
P00665,Galletitas Express 170g,Panificados,3214.97,3563.27,3531.62,3113.66,2892.35
P00666,Yerba Taragüi 1Kg,Almacén,7532.63,6347.7,6309.48,7300.11,6198.66
P00667,Yerba Taragüi 1Kg,Almacén,8783.55,7509.16,9028.44,9293.34,7539.05
P00668,Galletitas Chocolinas 170g,Panificados,4884.0,5849.88,5182.31,4480.57,4453.76
P00669,Cerveza Quilmes 1L,Bebidas,7924.9,8758.99,10144.0,7879.38,8283.22
P00670,Desodorante Rexona Hombre 150ml,Higiene,4263.53,5268.56,4717.33,5446.09,4574.81
P00671,Coca-Cola 2.25L,Bebidas,6796.02,7713.2,6360.95,6508.95,7023.36
P00672,Desodorante Poett Primavera 900ml,Limpieza,6300.7,4927.85,4952.06,5949.12,5689.1
P00673,Yerba Taragüi 1Kg,Almacén,4394.69,4187.78,5038.5,4598.61,5149.65
P00674,Pan Lactal Fargo 600g x3,Panificados,7110.98,5259.71,6122.25,6925.17,5413.48
P00675,Papel Higiénico Higienol 4 Rollos,Higiene,3544.34,3460.69,3411.55,3242.73,2895.19
P00676,Azúcar Ledesma 1Kg,Almacén,6237.79,7711.02,7282.48,7743.05,7704.46
P00677,Jabón Dove Original 90g,Higiene,647.19,811.79,690.38,793.56,890.04
P00678,Queso Rallado La Paulina 40g,Lácteos,9417.34,10487.3,9134.09,10405.89,12490.06
P00679,Desodorante Poett Primavera 900ml,Limpieza,3193.34,2797.51,2779.99,2560.76,3281.95
P00680,Shampoo Pantene Restauración 400ml,Higiene,5249.37,6843.47,4982.58,5403.63,5608.71
P00681,Bizcochitos Don Satur 200g,Panificados,9994.31,12014.2,11669.48,12147.33,11158.43
P00682,Yogur Ser Vainilla 1Kg,Lácteos,9941.55,8736.44,8023.85,8406.65,9211.93
P00683,Cerveza Heineken 1L,Bebidas,10214.99,8620.05,7973.83,8868.64,8561.45
P00684,Papel Higiénico Higienol 4 Rollos,Higiene,6753.93,6656.52,5993.36,7726.33,7685.09
P00685,Shampoo Pantene Restauración 400ml x5,Higiene,6262.19,4806.83,5305.94,5142.05,6086.64
P00686,Pepsi 2.25L,Bebidas,9771.29,8659.76,8983.6,9048.62,10095.61
P00687,Arroz Gallo Oro 1Kg x2,Almacén,6934.98,6890.01,7937.28,6593.11,6458.31
P00688,Leche Ilolay Descremada 1L,Lácteos,2789.09,2524.08,2457.7,2778.4,2248.61
P00689,Jugo Baggio Multifruta 1L,Bebidas,10918.68,10523.64,10342.81,12699.82,13852.41
P00690,Fideos Matarazzo Spaghetti 500g x5,Almacén,3570.43,3461.4,2960.15,2994.6,3077.4
P00691,Papel Higiénico Higienol 4 Rollos,Higiene,12607.56,12132.97,12293.58,10937.67,12272.27
P00692,Jabón Dove Original 90g,Higiene,10006.65,8782.27,9690.25,8665.41,8522.39
P00693,Agua Villavicencio 2.25L,Bebidas,5646.04,7116.14,6232.27,5480.96,7132.04
P00694,Jabón en Polvo Ala 3Kg x5,Limpieza,6348.49,6359.38,6341.77,5340.37,6247.37
P00695,Queso Rallado La Paulina 40g x3,Lácteos,7489.42,8397.65,8151.92,8675.05,7018.98
P00696,Lavandina Ayudín 1L,Limpieza,6330.88,5167.48,6185.38,6014.71,5845.54
P00697,Coca-Cola 2.25L,Bebidas,10977.7,8588.96,8428.27,10200.56,8761.36
P00698,Bizcochitos Don Satur 200g,Panificados,9887.13,10702.27,10203.49,10924.47,10559.66
P00699,Pan Lactal Fargo 600g,Panificados,10515.68,12699.32,11274.33,11316.26,12317.89
P00700,Queso Rallado La Paulina 40g x3,Lácteos,5770.57,5415.95,6323.88,5781.07,6330.88
P00701,Pasta Dental Colgate Total 90g,Higiene,712.5,726.89,756.99,827.45,762.21
P00702,Azúcar Ledesma 1Kg,Almacén,8676.75,8524.73,7161.73,9459.18,7003.53
P00703,Suavizante Comfort 900ml,Limpieza,1333.62,1527.02,1720.36,1724.6,1687.73
P00704,Leche Ilolay Descremada 1L x3,Lácteos,3467.3,4253.69,3935.38,3304.84,3615.73
P00705,Galletitas Chocolinas 170g,Panificados,4531.2,3739.32,4405.13,4422.09,3790.48
P00706,Aceite Natura Girasol 1.5L,Almacén,2596.97,2485.91,2470.38,2634.54,3188.07
P00707,Desodorante Rexona Hombre 150ml,Higiene,6327.94,7365.65,7422.61,6016.56,5669.88
P00708,Suavizante Comfort 900ml,Limpieza,9199.99,9462.73,9917.13,8361.85,9703.85
P00709,Cerveza Quilmes 1L,Bebidas,6188.53,5920.23,6313.33,6811.66,6196.62
P00710,Desodorante Poett Primavera 900ml,Limpieza,5570.02,6513.61,6657.52,6688.24,5310.24
P00711,Bizcochitos Don Satur 200g,Panificados,9602.14,7392.99,10022.79,7612.43,9917.75
P00712,Fideos Matarazzo Spaghetti 500g,Almacén,4021.52,3582.69,4476.19,4542.73,3792.35
P00713,Yerba Playadito 1Kg,Almacén,5742.08,6557.5,5144.84,6393.78,6570.17
P00714,Leche Ilolay Descremada 1L,Lácteos,7938.32,8578.64,7374.79,7636.65,7163.76
P00715,Pan Lactal Fargo 600g,Panificados,3130.01,2651.86,2701.05,2937.19,2369.91
P00716,Bizcochitos Don Satur 200g,Panificados,5279.65,4529.05,4464.77,4704.75,5060.4
P00717,Lavandina Ayudín 1L x3,Limpieza,6678.18,6856.35,5972.66,5629.15,6232.33
P00718,Pan de Campo Bimbo 500g,Panificados,7600.19,6105.5,7810.53,5732.38,5749.2
P00719,Azúcar Ledesma 1Kg,Almacén,6932.95,5914.29,6014.29,6182.78,5517.49
P00720,Yerba Playadito 1Kg,Almacén,10116.74,8237.29,8539.99,9190.74,8972.65
P00721,Fideos Matarazzo Spaghetti 500g,Almacén,5944.15,6011.2,5467.95,5238.64,5492.28
P00722,Cerveza Heineken 1L,Bebidas,8195.48,8288.98,8285.06,7220.84,8179.92
P00723,Yerba Taragüi 1Kg,Almacén,8330.94,8993.23,8157.5,9111.65,7728.19
P00724,Azúcar Ledesma 1Kg,Almacén,5109.3,5072.53,4999.27,5056.06,5546.83
P00725,Cerveza Heineken 1L,Bebidas,9619.41,9103.27,9068.97,10025.0,9952.73
P00726,Suavizante Comfort 900ml,Limpieza,9049.37,7454.08,9084.81,7879.67,8702.88
P00727,Yogur Ser Vainilla 1Kg,Lácteos,8202.77,9916.36,7819.32,9901.77,9863.3
P00728,Leche La Serenísima Entera 1L,Lácteos,6536.43,6719.58,5861.76,6148.98,6366.86
P00729,Azúcar Ledesma 1Kg,Almacén,2660.42,2960.13,3073.73,3043.45,2822.96
P00730,Bizcochitos Don Satur 200g,Panificados,7175.95,7186.42,6503.18,6995.44,5625.51
P00731,Coca-Cola 2.25L,Bebidas,7368.06,9615.6,7694.46,8832.88,7470.38
P00732,Suavizante Comfort 900ml,Limpieza,2468.01,2101.19,2128.23,2540.05,2514.49
P00733,Desodorante Rexona Hombre 150ml,Higiene,4759.82,5435.91,4740.65,5379.66,4989.68
P00734,Pan Lactal Fargo 600g,Panificados,7507.52,9508.69,10227.24,7554.57,8276.55
P00735,Aceite Natura Girasol 1.5L x2,Almacén,9077.24,7931.86,10031.37,8775.23,8316.11
P00736,Shampoo Pantene Restauración 400ml,Higiene,7286.24,7381.67,7910.2,7529.06,7037.62
P00737,Leche Ilolay Descremada 1L,Lácteos,6589.77,6528.85,6420.86,6441.64,7077.97
P00738,Fideos Matarazzo Spaghetti 500g,Almacén,3903.85,4108.89,3583.0,3622.88,3075.32
P00739,Desodorante Poett Primavera 900ml x5,Limpieza,4808.07,3693.77,3768.41,3700.33,4577.27
P00740,Galletitas Express 170g,Panificados,2419.38,2478.8,2483.62,1946.2,1891.12
P00741,Detergente Magistral Limón 750ml,Limpieza,8552.84,10154.32,8337.06,9129.26,8011.73
P00742,Lavandina Ayudín 1L,Limpieza,4489.24,4305.18,4351.52,5424.21,5392.18
P00743,Lavandina Ayudín 1L,Limpieza,6511.12,6874.78,5700.8,6305.53,5310.65
P00744,Coca-Cola 2.25L,Bebidas,6134.84,7619.53,7081.19,6904.32,7108.28
P00745,Leche La Serenísima Entera 1L,Lácteos,7790.75,5986.98,6112.18,6735.38,6868.38
P00746,Cerveza Quilmes 1L,Bebidas,5842.1,6399.09,6275.51,7876.88,7828.95
P00747,Yerba Taragüi 1Kg,Almacén,10448.99,12289.15,9515.59,10051.18,12045.05
P00748,Jabón Dove Original 90g,Higiene,3175.84,3579.13,3130.2,4193.31,3608.37
P00749,Jugo Baggio Multifruta 1L,Bebidas,9061.03,10752.42,9416.67,8719.16,9246.51
P00750,Leche Ilolay Descremada 1L x3,Lácteos,8020.83,6532.64,6791.31,7926.7,6772.18
P00751,Papel Higiénico Higienol 4 Rollos,Higiene,4033.23,4090.08,3363.02,4198.78,4079.29
P00752,Pepsi 2.25L,Bebidas,11111.95,8933.31,9607.55,11114.0,10638.21
P00753,Jugo Baggio Multifruta 1L,Bebidas,10582.78,11922.47,10747.78,12059.87,10982.81
P00754,Manteca Sancor 200g,Lácteos,7755.05,7927.89,6100.41,6109.15,8009.89
P00755,Jugo Baggio Multifruta 1L,Bebidas,5416.63,6625.21,5945.3,6416.42,6194.61
P00756,Galletitas Express 170g,Panificados,8676.37,8533.63,9450.06,10203.52,9642.41
P00757,Queso Cremoso Tregar 1Kg,Lácteos,5228.67,4864.53,5040.34,5090.08,4275.99
P00758,Pasta Dental Colgate Total 90g,Higiene,1567.6,1723.46,1308.04,1366.68,1482.21
P00759,Aceite Natura Girasol 1.5L x4,Almacén,4368.97,4723.39,4647.02,3752.37,4254.04
P00760,Pan de Campo Bimbo 500g,Panificados,7639.89,6468.58,8275.01,6863.15,6189.92
P00761,Jabón en Polvo Ala 3Kg,Limpieza,4973.82,3920.3,4477.63,4612.04,5020.73
P00762,Suavizante Comfort 900ml,Limpieza,4012.59,4560.72,4522.48,3508.11,4705.02
P00763,Yerba Playadito 1Kg,Almacén,8748.43,9902.72,9761.81,8927.5,8794.56
P00764,Queso Cremoso Tregar 1Kg,Lácteos,1781.26,1447.45,1550.02,1570.01,1802.1
P00765,Agua Villavicencio 2.25L x4,Bebidas,12251.02,10985.71,11138.07,10922.86,9678.15
P00766,Cerveza Quilmes 1L,Bebidas,7786.82,8145.65,7546.14,7480.76,6430.98
P00767,Bizcochitos Don Satur 200g,Panificados,3169.61,2668.3,3399.78,3211.24,3125.85
P00768,Leche La Serenísima Entera 1L,Lácteos,1310.03,1444.1,1201.23,1534.14,1582.36
P00769,Leche La Serenísima Entera 1L,Lácteos,6996.3,8346.22,8216.43,8850.06,6757.23
P00770,Azúcar Ledesma 1Kg,Almacén,6993.45,5818.9,5933.89,7047.4,5710.57
P00771,Suavizante Comfort 900ml,Limpieza,6969.38,7767.84,7903.99,7455.75,8564.73
P00772,Coca-Cola 2.25L,Bebidas,6745.45,6743.48,6528.95,6191.94,6263.47
P00773,Queso Rallado La Paulina 40g,Lácteos,1363.63,1137.38,1225.92,1412.12,1520.16
P00774,Coca-Cola 2.25L,Bebidas,5457.24,4494.56,5254.23,4894.31,4488.29
P00775,Queso Rallado La Paulina 40g,Lácteos,8024.63,7859.61,6627.07,8573.61,7840.63
P00776,Pan de Campo Bimbo 500g x4,Panificados,2103.94,2240.13,2692.67,2141.44,2735.64
P00777,Queso Rallado La Paulina 40g,Lácteos,10876.87,9240.43,10440.61,10888.77,8613.84
P00778,Bizcochitos Don Satur 200g,Panificados,9294.39,7455.05,7218.98,9035.57,9472.99
P00779,Lavandina Ayudín 1L x3,Limpieza,6887.87,6115.35,6028.34,6344.78,6939.3
P00780,Leche Ilolay Descremada 1L,Lácteos,944.28,942.56,1049.33,1011.66,935.46
P00781,Papel Higiénico Higienol 4 Rollos,Higiene,4103.12,3449.38,3964.68,4111.69,3792.23
P00782,Queso Cremoso Tregar 1Kg,Lácteos,2319.52,2752.86,2651.19,2632.54,2432.34
P00783,Cerveza Heineken 1L,Bebidas,4822.96,4725.22,5355.54,6393.61,5635.17
P00784,Cerveza Heineken 1L,Bebidas,1711.14,1595.48,1824.72,1594.33,1587.37
P00785,Azúcar Ledesma 1Kg,Almacén,2202.66,2740.18,2624.47,2380.54,2841.59
P00786,Desodorante Rexona Hombre 150ml,Higiene,2160.31,1658.54,1870.43,2186.79,1854.66
P00787,Arroz Gallo Oro 1Kg,Almacén,5809.22,5706.65,5429.01,4563.87,5704.08
P00788,Pan de Campo Bimbo 500g,Panificados,7747.67,8417.38,7174.73,7533.46,6854.58
P00789,Lavandina Ayudín 1L,Limpieza,10173.09,11085.77,11681.58,11077.85,10939.76
P00790,Pan de Campo Bimbo 500g x3,Panificados,1468.35,1399.23,1099.46,1105.11,1397.48
P00791,Yerba Playadito 1Kg,Almacén,8096.57,9832.96,10709.41,7982.15,10437.0
P00792,Azúcar Ledesma 1Kg,Almacén,885.62,918.85,1104.23,1154.66,962.01
P00793,Aceite Natura Girasol 1.5L,Almacén,10766.38,10095.83,8927.36,10055.29,9413.06
P00794,Pan de Campo Bimbo 500g,Panificados,10955.42,11170.28,13183.02,11485.67,12716.26
P00795,Jabón en Polvo Ala 3Kg,Limpieza,10129.49,9122.47,11034.67,11111.71,11269.8
P00796,Desodorante Poett Primavera 900ml,Limpieza,1312.76,1253.07,1322.47,1343.91,1529.08
P00797,Pan Lactal Fargo 600g,Panificados,6809.31,6245.3,5946.42,6444.49,6759.6
P00798,Manteca Sancor 200g x4,Lácteos,11209.65,13823.85,12294.63,13109.76,11750.81
P00799,Papel Higiénico Higienol 4 Rollos x2,Higiene,11215.33,12176.17,10274.24,10815.51,10620.12
P00800,Cerveza Quilmes 1L,Bebidas,8767.85,9793.48,8783.15,10441.4,8497.77
P00801,Jabón en Polvo Ala 3Kg,Limpieza,3631.16,3488.36,2903.36,2851.85,3067.82
P00802,Fideos Matarazzo Spaghetti 500g x3,Almacén,1218.91,1422.47,1124.61,1455.11,1182.53
P00803,Desodorante Poett Primavera 900ml,Limpieza,13799.58,12001.09,11521.47,11769.72,13095.63
P00804,Aceite Natura Girasol 1.5L,Almacén,9578.2,8992.44,10277.54,11062.12,9867.24
P00805,Agua Villavicencio 2.25L,Bebidas,6536.21,7092.53,7297.81,5622.09,6031.84
P00806,Shampoo Pantene Restauración 400ml,Higiene,9695.43,12795.29,11416.39,9814.2,11964.51
P00807,Yogur Ser Vainilla 1Kg,Lácteos,8657.66,8711.39,10520.45,10094.2,7856.14
P00808,Pasta Dental Colgate Total 90g,Higiene,11678.34,9822.09,10690.91,11443.18,9232.08
P00809,Azúcar Ledesma 1Kg x5,Almacén,10264.38,11273.71,10410.78,11919.08,12057.1
P00810,Suavizante Comfort 900ml,Limpieza,2043.37,1653.37,1925.95,1560.0,1676.32
P00811,Pepsi 2.25L,Bebidas,7580.0,7906.65,7643.51,8971.4,8034.09
P00812,Coca-Cola 2.25L,Bebidas,4230.85,4521.61,5829.94,4465.52,4773.25
P00813,Fideos Matarazzo Spaghetti 500g,Almacén,2016.85,1793.33,1674.81,1861.98,2057.74
P00814,Pan Lactal Fargo 600g,Panificados,1903.22,1812.95,2257.97,1795.45,1847.7
P00815,Leche Ilolay Descremada 1L,Lácteos,5087.48,5178.53,5381.84,4064.16,3971.46
P00816,Leche Ilolay Descremada 1L,Lácteos,9149.25,10351.67,9875.01,9500.32,10862.49
P00817,Detergente Magistral Limón 750ml,Limpieza,9352.65,10463.87,8382.68,8945.6,7633.81
P00818,Azúcar Ledesma 1Kg,Almacén,5926.44,4853.99,5861.25,5311.34,5148.17
P00819,Galletitas Express 170g,Panificados,5414.85,6004.92,4903.7,4464.62,5213.68
P00820,Pan de Campo Bimbo 500g,Panificados,5895.21,5560.32,7523.36,6251.79,6632.99
P00821,Leche Ilolay Descremada 1L,Lácteos,9052.86,10877.48,9880.69,11346.97,8355.38
P00822,Jabón Dove Original 90g,Higiene,2835.79,2481.38,2893.51,2390.26,2410.73
P00823,Yerba Taragüi 1Kg,Almacén,8444.03,8465.06,8511.71,9746.11,9406.2
P00824,Jabón Dove Original 90g,Higiene,11864.12,11011.91,11385.22,10159.2,10084.1
P00825,Pepsi 2.25L,Bebidas,5476.38,5143.15,5198.24,5887.13,4467.5
P00826,Aceite Natura Girasol 1.5L,Almacén,7763.63,7720.68,6038.75,6142.02,6616.18
P00827,Yerba Taragüi 1Kg x5,Almacén,6573.62,6801.95,6319.64,6421.54,6031.45
P00828,Queso Cremoso Tregar 1Kg,Lácteos,9852.21,9831.41,10760.74,11134.42,8645.81
P00829,Suavizante Comfort 900ml,Limpieza,3511.6,3390.61,3010.5,2763.64,3461.7
P00830,Coca-Cola 2.25L,Bebidas,2985.06,3026.69,2928.93,2792.42,3458.27
P00831,Jugo Baggio Multifruta 1L,Bebidas,4227.5,3738.94,4104.7,4439.68,3829.38
P00832,Desodorante Rexona Hombre 150ml,Higiene,2230.83,1932.72,2137.19,2125.66,1869.18
P00833,Yerba Playadito 1Kg,Almacén,4684.92,5555.61,5195.06,5765.62,5202.05
P00834,Aceite Natura Girasol 1.5L,Almacén,5538.55,5712.15,5464.43,6564.42,6179.85
P00835,Suavizante Comfort 900ml,Limpieza,9132.01,9100.86,8146.47,9779.36,9540.53
P00836,Leche La Serenísima Entera 1L,Lácteos,10593.47,10741.0,10642.68,9817.82,9259.43
P00837,Fideos Matarazzo Spaghetti 500g,Almacén,4826.21,5708.74,4521.21,4845.56,4855.76
P00838,Queso Cremoso Tregar 1Kg,Lácteos,4028.64,4843.21,4157.82,4706.86,3671.42
P00839,Leche La Serenísima Entera 1L,Lácteos,2829.72,2729.73,3066.93,2479.85,2728.52
P00840,Desodorante Poett Primavera 900ml,Limpieza,2348.78,2396.63,2822.92,2642.28,2840.54
P00841,Manteca Sancor 200g,Lácteos,3962.78,4232.02,4706.59,4366.59,3997.68
P00842,Jabón en Polvo Ala 3Kg,Limpieza,11249.54,11170.43,11502.8,10467.22,12632.0
P00843,Desodorante Poett Primavera 900ml x5,Limpieza,10009.02,13253.85,10760.85,13453.49,13123.35
P00844,Desodorante Rexona Hombre 150ml,Higiene,2426.1,2152.53,2367.86,2109.95,2346.44
P00845,Galletitas Express 170g,Panificados,10798.28,8211.11,9210.4,10391.04,9931.16
P00846,Bizcochitos Don Satur 200g,Panificados,11485.27,10290.78,12782.6,9892.51,10442.28
P00847,Fideos Matarazzo Spaghetti 500g,Almacén,6699.35,6151.5,5787.42,5953.31,6637.92
P00848,Papel Higiénico Higienol 4 Rollos,Higiene,3175.82,2936.79,3865.62,3962.75,3882.35
P00849,Pasta Dental Colgate Total 90g,Higiene,6724.43,8415.54,8861.58,8717.12,8380.35
P00850,Fideos Matarazzo Spaghetti 500g,Almacén,9258.95,11496.57,11980.43,10881.08,11061.21
P00851,Desodorante Rexona Hombre 150ml x5,Higiene,5137.62,6184.22,4874.94,6104.66,6304.5
P00852,Arroz Gallo Oro 1Kg,Almacén,6502.73,5293.09,5363.16,5837.87,6734.2
P00853,Suavizante Comfort 900ml,Limpieza,1451.91,1317.07,1676.34,1411.34,1478.6
P00854,Lavandina Ayudín 1L,Limpieza,8969.54,8700.02,9122.79,9388.25,9090.59
P00855,Pan Lactal Fargo 600g,Panificados,2089.07,2771.5,2596.75,2668.24,2512.6
P00856,Azúcar Ledesma 1Kg,Almacén,9968.41,9255.87,8228.88,8320.62,8742.44
P00857,Queso Rallado La Paulina 40g,Lácteos,6003.56,5633.18,5885.02,5282.3,5630.29
P00858,Cerveza Quilmes 1L,Bebidas,4975.41,4530.47,4024.48,4189.83,5007.13
P00859,Detergente Magistral Limón 750ml,Limpieza,2808.75,2888.7,3151.57,2786.86,2922.78
P00860,Jugo Baggio Multifruta 1L,Bebidas,8557.8,9133.66,7950.76,7240.53,8034.63
P00861,Jabón Dove Original 90g,Higiene,11286.48,9978.27,10942.09,11905.86,11236.79
P00862,Yogur Ser Vainilla 1Kg x5,Lácteos,7087.33,5870.54,7381.61,5466.69,6100.98
P00863,Pan de Campo Bimbo 500g,Panificados,6686.01,7627.4,6000.43,6853.55,5866.96
P00864,Cerveza Heineken 1L,Bebidas,8991.71,8702.49,8190.2,9409.54,7516.85
P00865,Cerveza Quilmes 1L,Bebidas,7507.18,5900.34,6220.88,6391.34,6948.46
P00866,Papel Higiénico Higienol 4 Rollos,Higiene,2141.94,2650.3,2831.44,2322.79,2202.95
P00867,Azúcar Ledesma 1Kg,Almacén,3310.75,4038.44,3565.75,4145.86,3494.06
P00868,Yogur Ser Vainilla 1Kg,Lácteos,975.4,1042.14,815.47,1024.89,881.05
P00869,Pepsi 2.25L,Bebidas,8007.15,6979.85,7823.06,6688.43,7794.55
P00870,Jabón en Polvo Ala 3Kg x2,Limpieza,6289.38,6769.35,5849.57,6031.06,5487.34
P00871,Cerveza Heineken 1L,Bebidas,9155.55,9550.76,8418.9,10674.18,10851.08
P00872,Cerveza Quilmes 1L,Bebidas,3838.64,3807.51,3384.41,3418.8,2907.45
P00873,Detergente Magistral Limón 750ml,Limpieza,9363.37,9459.23,9293.5,8946.37,10397.53
P00874,Detergente Magistral Limón 750ml,Limpieza,1266.61,1351.58,1278.51,1407.08,1281.84
P00875,Suavizante Comfort 900ml,Limpieza,2057.82,2028.49,1961.19,1663.62,1610.76
P00876,Yerba Playadito 1Kg,Almacén,4846.64,4247.96,3738.17,3684.88,3804.28
P00877,Shampoo Pantene Restauración 400ml,Higiene,10530.91,8451.43,10000.99,10895.96,8694.44
P00878,Suavizante Comfort 900ml x3,Limpieza,3174.01,3482.26,3580.73,3119.69,3105.61
P00879,Agua Villavicencio 2.25L,Bebidas,1443.69,1141.87,1331.01,1100.48,1439.73
P00880,Leche Ilolay Descremada 1L,Lácteos,11570.01,11020.61,12817.54,12864.05,10539.81
P00881,Pasta Dental Colgate Total 90g x4,Higiene,6532.18,5634.0,6207.72,5847.06,6325.88
P00882,Coca-Cola 2.25L,Bebidas,2376.46,2063.61,2386.99,2409.15,2163.44
P00883,Suavizante Comfort 900ml,Limpieza,4618.7,4371.75,3619.43,4250.33,3877.99
P00884,Cerveza Heineken 1L,Bebidas,11611.0,11984.03,12539.55,11435.92,13152.86
P00885,Fideos Matarazzo Spaghetti 500g,Almacén,9699.56,12226.36,10694.12,12034.73,9520.3
P00886,Aceite Natura Girasol 1.5L,Almacén,12138.31,10865.33,12253.81,11287.58,10706.43
P00887,Leche Ilolay Descremada 1L,Lácteos,10005.48,10116.9,11074.95,11578.65,11158.59
P00888,Leche La Serenísima Entera 1L,Lácteos,10293.69,10763.95,10611.07,13853.05,11959.3
P00889,Leche Ilolay Descremada 1L,Lácteos,10752.41,9598.08,11121.79,9731.21,8611.22
P00890,Desodorante Poett Primavera 900ml,Limpieza,7705.56,8563.97,7287.76,8714.83,7324.35
P00891,Fideos Matarazzo Spaghetti 500g,Almacén,6627.25,5333.37,6494.29,6193.15,7063.3
P00892,Bizcochitos Don Satur 200g,Panificados,3730.73,3810.35,4431.66,5004.28,4388.23
P00893,Shampoo Pantene Restauración 400ml,Higiene,4286.5,3634.63,4642.53,3563.59,4173.86
P00894,Cerveza Quilmes 1L,Bebidas,7142.44,9212.77,8104.26,7583.65,7471.86
P00895,Arroz Gallo Oro 1Kg,Almacén,8778.24,8120.84,9483.37,8103.23,8744.49
P00896,Yogur Ser Vainilla 1Kg x5,Lácteos,3270.55,2772.59,3568.81,3020.68,3249.14
P00897,Pasta Dental Colgate Total 90g,Higiene,1457.41,1256.37,1400.04,1273.95,1145.36
P00898,Pan Lactal Fargo 600g,Panificados,12199.14,13715.1,12559.37,13718.07,12617.26
P00899,Agua Villavicencio 2.25L,Bebidas,4008.2,3178.26,3619.48,3919.67,3503.79
P00900,Aceite Natura Girasol 1.5L,Almacén,5276.28,5793.77,6151.25,5994.02,5156.81
P00901,Queso Rallado La Paulina 40g,Lácteos,926.64,728.91,752.91,933.58,959.83
P00902,Yogur Ser Vainilla 1Kg,Lácteos,2129.12,1589.74,2056.68,1634.32,1864.29
P00903,Jugo Baggio Multifruta 1L,Bebidas,8042.81,7268.18,7736.71,8747.05,9136.82
P00904,Jabón Dove Original 90g,Higiene,1101.84,1086.86,1130.9,1109.04,1111.97
P00905,Lavandina Ayudín 1L,Limpieza,8289.64,8426.05,11111.8,10560.95,9493.66
P00906,Manteca Sancor 200g,Lácteos,3457.67,3867.5,3889.99,3797.51,3308.54
P00907,Queso Cremoso Tregar 1Kg,Lácteos,1954.01,1845.85,1750.24,1746.84,1901.05
P00908,Lavandina Ayudín 1L,Limpieza,4880.74,5377.83,4973.01,5450.74,5000.53
P00909,Jabón en Polvo Ala 3Kg,Limpieza,9314.3,9912.18,9135.95,9409.28,9240.03
P00910,Jugo Baggio Multifruta 1L,Bebidas,926.3,891.08,1108.06,890.42,1069.38
P00911,Pan Lactal Fargo 600g,Panificados,6869.8,7469.33,5973.44,7506.47,7293.38
P00912,Agua Villavicencio 2.25L,Bebidas,11705.19,10690.56,11922.44,11984.2,10282.03
P00913,Pasta Dental Colgate Total 90g,Higiene,667.97,759.12,829.03,697.66,778.64
P00914,Bizcochitos Don Satur 200g,Panificados,7008.52,7641.16,8265.77,7716.72,8621.1
P00915,Arroz Gallo Oro 1Kg,Almacén,4736.51,5111.82,4657.92,4799.34,5031.36
P00916,Desodorante Poett Primavera 900ml,Limpieza,2308.4,2359.1,2159.41,2376.83,2621.57
P00917,Leche Ilolay Descremada 1L,Lácteos,5690.14,6065.09,5535.32,6454.84,5738.47
P00918,Bizcochitos Don Satur 200g,Panificados,2954.21,3085.05,2659.18,2760.25,2560.58
P00919,Leche La Serenísima Entera 1L,Lácteos,7579.82,7461.44,7237.03,6945.26,8591.59
P00920,Bizcochitos Don Satur 200g,Panificados,10277.38,9961.71,11214.1,12997.5,10238.45
P00921,Leche La Serenísima Entera 1L,Lácteos,1182.26,1349.0,1510.11,1176.18,1116.62
P00922,Jabón en Polvo Ala 3Kg,Limpieza,2576.05,2987.59,3337.5,3406.66,2691.12
P00923,Galletitas Chocolinas 170g,Panificados,923.47,1119.49,914.57,951.68,950.61
P00924,Manteca Sancor 200g,Lácteos,4068.25,4352.99,3873.34,4216.72,4636.63
P00925,Jabón en Polvo Ala 3Kg x2,Limpieza,10550.68,10024.57,10183.55,13108.19,12617.0
P00926,Galletitas Express 170g,Panificados,6446.92,5201.56,6743.76,5835.71,6068.18
P00927,Pan de Campo Bimbo 500g,Panificados,3089.08,3192.93,4006.56,3398.82,3409.38
P00928,Queso Cremoso Tregar 1Kg x5,Lácteos,6884.48,7536.4,7319.5,7292.87,6763.02
P00929,Manteca Sancor 200g x5,Lácteos,7276.95,8967.44,8588.68,7678.94,8323.3
P00930,Leche La Serenísima Entera 1L,Lácteos,2374.75,3007.52,2733.2,3015.77,2339.56
P00931,Galletitas Chocolinas 170g,Panificados,1029.89,1139.36,829.95,935.53,1057.9
P00932,Suavizante Comfort 900ml x5,Limpieza,9244.01,10584.15,10955.12,11656.69,9944.34
P00933,Aceite Natura Girasol 1.5L,Almacén,8072.91,8897.14,8567.04,9737.54,8572.32
P00934,Leche Ilolay Descremada 1L,Lácteos,4671.77,5260.31,3948.63,4354.51,4329.1
P00935,Harina Blancaflor 1Kg,Almacén,7555.73,6258.96,5606.83,6702.83,7325.47
P00936,Coca-Cola 2.25L,Bebidas,7405.78,8142.23,6032.04,7466.42,7401.7
P00937,Galletitas Express 170g,Panificados,11911.71,10570.44,10879.05,13330.12,11489.36
P00938,Jabón Dove Original 90g x3,Higiene,2759.06,2367.07,3104.86,2778.85,2805.62
P00939,Arroz Gallo Oro 1Kg x5,Almacén,13059.84,10446.31,12586.71,10118.41,10335.79
P00940,Galletitas Chocolinas 170g,Panificados,11192.64,10167.6,10265.76,12684.7,10486.8
P00941,Leche La Serenísima Entera 1L,Lácteos,7999.02,8188.65,8863.42,9791.49,7817.52
P00942,Arroz Gallo Oro 1Kg,Almacén,6560.21,6304.39,6365.37,7568.6,7018.08
P00943,Agua Villavicencio 2.25L,Bebidas,1848.01,2003.57,2041.4,1515.69,2041.94
P00944,Desodorante Poett Primavera 900ml,Limpieza,5068.02,5592.91,4112.1,4674.73,5027.36
P00945,Jugo Baggio Multifruta 1L,Bebidas,4348.18,5043.92,4801.5,4029.31,4671.13
P00946,Cerveza Quilmes 1L,Bebidas,1587.53,1417.04,1409.08,1344.42,1562.59
P00947,Queso Rallado La Paulina 40g x2,Lácteos,918.35,1059.58,890.31,934.96,1060.4
P00948,Cerveza Quilmes 1L,Bebidas,5509.96,6882.9,5693.49,6672.67,6717.92
P00949,Jabón Dove Original 90g,Higiene,8672.93,8732.91,7939.73,8443.11,8757.29
P00950,Jabón Dove Original 90g,Higiene,1154.54,1089.75,1037.38,1161.83,1124.14
P00951,Arroz Gallo Oro 1Kg,Almacén,5987.6,5584.02,6541.09,6389.98,6082.25
P00952,Desodorante Poett Primavera 900ml,Limpieza,2346.29,2324.97,2579.43,2400.03,2618.37
P00953,Cerveza Quilmes 1L,Bebidas,9317.93,9894.23,9228.48,11598.79,9582.19
P00954,Azúcar Ledesma 1Kg,Almacén,8387.5,8802.31,7887.34,8519.07,7179.69
P00955,Yogur Ser Vainilla 1Kg,Lácteos,2301.78,2419.06,2800.91,2262.93,2903.24
P00956,Bizcochitos Don Satur 200g,Panificados,6435.63,6508.53,6601.88,5449.02,5910.2
P00957,Desodorante Rexona Hombre 150ml,Higiene,1627.17,1891.11,1804.55,1697.15,1648.17
P00958,Shampoo Pantene Restauración 400ml,Higiene,8786.71,8529.4,8519.24,10917.48,11709.82
P00959,Bizcochitos Don Satur 200g,Panificados,7355.29,8703.21,8953.71,7303.08,8336.21
P00960,Pan de Campo Bimbo 500g x2,Panificados,5342.59,5436.29,5872.39,6278.38,6085.04
P00961,Desodorante Poett Primavera 900ml x4,Limpieza,13298.01,10245.05,13861.76,13362.96,11558.99
P00962,Desodorante Poett Primavera 900ml,Limpieza,797.39,867.06,1005.65,759.05,904.54
P00963,Leche La Serenísima Entera 1L,Lácteos,7839.53,9366.58,9654.99,8168.65,9972.34
P00964,Lavandina Ayudín 1L x3,Limpieza,11059.9,9448.9,10897.75,11043.14,8835.55
P00965,Cerveza Heineken 1L,Bebidas,7327.41,7104.29,6129.14,5640.96,6397.99
P00966,Bizcochitos Don Satur 200g,Panificados,4762.2,5134.39,5207.22,4419.11,3873.36
P00967,Fideos Matarazzo Spaghetti 500g,Almacén,8984.4,6952.5,7307.46,8698.12,7799.54
P00968,Fideos Matarazzo Spaghetti 500g,Almacén,1157.21,1139.85,954.93,890.94,1034.39
P00969,Bizcochitos Don Satur 200g,Panificados,989.94,910.27,1141.41,882.04,1060.01
P00970,Leche Ilolay Descremada 1L,Lácteos,9275.24,8616.35,7362.66,8988.97,9786.27
P00971,Yerba Playadito 1Kg,Almacén,4273.89,3818.18,3999.63,4306.87,4249.0
P00972,Harina Blancaflor 1Kg x5,Almacén,4361.52,5084.68,4762.81,4202.88,4916.32
P00973,Cerveza Quilmes 1L,Bebidas,3595.16,3569.52,4586.72,3458.96,4503.5
P00974,Jugo Baggio Multifruta 1L x3,Bebidas,4583.45,4701.62,4124.52,3918.9,3931.51
P00975,Arroz Gallo Oro 1Kg,Almacén,1335.33,1413.8,1457.66,1418.22,1269.32
P00976,Arroz Gallo Oro 1Kg,Almacén,5929.13,6956.27,7606.21,6788.64,5956.66
P00977,Agua Villavicencio 2.25L x4,Bebidas,5287.6,4935.77,4974.84,6406.69,5687.66
P00978,Jabón Dove Original 90g,Higiene,5381.7,5764.15,4569.81,5532.03,5237.49
P00979,Aceite Natura Girasol 1.5L,Almacén,10868.82,10970.97,11097.66,10051.44,9901.32
P00980,Desodorante Rexona Hombre 150ml,Higiene,9503.73,12145.27,11993.95,11571.79,12151.64
P00981,Jabón en Polvo Ala 3Kg,Limpieza,9505.49,8698.37,9942.04,8356.77,9925.0
P00982,Bizcochitos Don Satur 200g,Panificados,9354.97,10508.08,10303.68,7912.4,7878.98
P00983,Jugo Baggio Multifruta 1L,Bebidas,6554.01,7494.41,7294.11,6016.93,5605.15
P00984,Pepsi 2.25L,Bebidas,1544.53,1587.33,1338.9,1599.92,1412.04
P00985,Pasta Dental Colgate Total 90g,Higiene,7562.52,6937.01,6632.46,6877.24,7354.05
P00986,Cerveza Quilmes 1L,Bebidas,9815.79,7375.73,10027.29,7668.06,8547.95
P00987,Manteca Sancor 200g,Lácteos,9161.52,7784.48,6749.54,9021.35,9170.3
P00988,Leche Ilolay Descremada 1L,Lácteos,894.74,1000.84,855.38,1041.4,818.27
P00989,Jugo Baggio Multifruta 1L,Bebidas,3563.25,3196.38,2617.02,3263.93,3188.82
P00990,Queso Cremoso Tregar 1Kg,Lácteos,5081.02,3729.51,4241.0,4033.64,4394.48
P00991,Detergente Magistral Limón 750ml,Limpieza,2767.82,2160.13,2152.04,2321.13,2514.01
P00992,Pan Lactal Fargo 600g,Panificados,10287.09,9620.13,8111.82,8350.06,9600.33
P00993,Azúcar Ledesma 1Kg,Almacén,4373.62,4347.96,4025.85,4443.4,3972.36
P00994,Pan de Campo Bimbo 500g x3,Panificados,8258.45,9078.34,8266.75,9370.64,9522.58
P00995,Cerveza Quilmes 1L,Bebidas,7706.81,8607.68,6952.14,8363.19,6993.5
P00996,Coca-Cola 2.25L,Bebidas,12669.43,11855.44,12500.8,10140.79,12588.22
P00997,Pepsi 2.25L,Bebidas,4799.29,5806.65,5916.47,6353.75,5430.54
P00998,Leche Ilolay Descremada 1L,Lácteos,13030.43,9735.05,12487.77,11225.29,12262.28
P00999,Suavizante Comfort 900ml,Limpieza,10926.36,10125.53,10381.61,10969.51,10743.42
P01000,Azúcar Ledesma 1Kg,Almacén,5061.89,4912.48,5404.0,5700.63,5604.37
P01001,Papel Higiénico Higienol 4 Rollos,Higiene,13420.53,12716.7,11103.8,13405.39,10848.69
P01002,Leche Ilolay Descremada 1L,Lácteos,1489.34,1518.47,1295.54,1278.56,1247.99
P01003,Queso Cremoso Tregar 1Kg,Lácteos,3142.34,3095.68,3204.8,3870.27,4149.96
P01004,Cerveza Heineken 1L,Bebidas,7448.71,9420.09,7660.34,9632.77,7246.95
P01005,Leche La Serenísima Entera 1L,Lácteos,1346.92,1342.68,1306.29,1726.63,1726.68
P01006,Pasta Dental Colgate Total 90g,Higiene,7347.96,6594.17,7780.9,7381.45,7916.47
P01007,Manteca Sancor 200g,Lácteos,2554.03,2727.63,2166.34,2691.98,2656.5
P01008,Jabón en Polvo Ala 3Kg,Limpieza,9088.26,7584.95,7412.92,9138.57,8771.21
P01009,Jugo Baggio Multifruta 1L,Bebidas,3061.43,3157.49,3055.88,2996.48,2929.49
P01010,Coca-Cola 2.25L x2,Bebidas,13683.57,13237.99,11311.27,12448.62,12897.03
P01011,Detergente Magistral Limón 750ml x4,Limpieza,1816.97,1874.55,1776.26,1845.32,1978.72
P01012,Desodorante Poett Primavera 900ml,Limpieza,6951.43,7196.91,6534.37,7791.44,7356.56
P01013,Azúcar Ledesma 1Kg,Almacén,9020.81,7000.72,7415.01,7925.71,9091.7
P01014,Jugo Baggio Multifruta 1L,Bebidas,10517.27,9784.66,10102.7,8993.49,9885.4
P01015,Jabón en Polvo Ala 3Kg,Limpieza,8995.79,7966.49,7490.0,8234.19,7901.21
P01016,Shampoo Pantene Restauración 400ml,Higiene,7556.13,8138.34,8118.73,7168.63,7796.85
P01017,Pasta Dental Colgate Total 90g,Higiene,9244.48,11872.67,11823.47,9024.64,8951.67
P01018,Detergente Magistral Limón 750ml,Limpieza,9322.69,12223.23,11198.2,10286.2,11065.62
P01019,Aceite Natura Girasol 1.5L,Almacén,13522.14,10306.55,13332.44,10746.12,11597.61
P01020,Cerveza Heineken 1L,Bebidas,8611.77,7194.62,7641.0,6717.6,7907.88
P01021,Azúcar Ledesma 1Kg,Almacén,1246.97,1213.98,1323.82,1236.37,1087.83
P01022,Desodorante Rexona Hombre 150ml,Higiene,4614.81,4904.39,4401.8,4335.36,4097.58
P01023,Pan de Campo Bimbo 500g,Panificados,2076.5,2065.48,2128.74,2315.88,1772.83
P01024,Desodorante Rexona Hombre 150ml,Higiene,9519.68,10045.53,11357.95,9385.48,10979.31
P01025,Desodorante Rexona Hombre 150ml,Higiene,3514.11,3240.61,3573.64,3223.23,2791.23
P01026,Jugo Baggio Multifruta 1L,Bebidas,1004.91,988.16,1142.64,999.11,1283.59
P01027,Arroz Gallo Oro 1Kg,Almacén,5868.29,5978.01,5372.51,5110.08,5483.95
P01028,Manteca Sancor 200g,Lácteos,1521.51,1317.05,1386.91,1429.32,1315.56
P01029,Galletitas Chocolinas 170g,Panificados,10116.48,11751.36,10478.01,11434.96,11780.61
P01030,Yerba Playadito 1Kg,Almacén,8090.32,7967.91,6938.6,8735.73,7826.61
P01031,Lavandina Ayudín 1L,Limpieza,1268.62,1208.98,1062.64,1103.54,1069.22
P01032,Harina Blancaflor 1Kg,Almacén,2713.12,3473.93,2643.0,2862.45,3448.7
P01033,Yogur Ser Vainilla 1Kg,Lácteos,10721.7,10898.96,9681.29,11957.65,9955.09
P01034,Papel Higiénico Higienol 4 Rollos,Higiene,1552.34,1465.84,1757.34,1570.3,1407.7
P01035,Yerba Taragüi 1Kg,Almacén,10262.23,9928.9,11162.46,12376.25,12849.4
P01036,Yogur Ser Vainilla 1Kg,Lácteos,9968.25,9852.15,9766.61,8493.96,8557.08
P01037,Queso Cremoso Tregar 1Kg,Lácteos,1508.91,1627.58,1737.98,1425.41,1332.29
P01038,Yerba Playadito 1Kg,Almacén,4854.48,4442.6,4591.17,4183.15,4843.21
P01039,Jabón Dove Original 90g,Higiene,3167.79,2600.54,2542.87,2534.75,2745.49
P01040,Queso Rallado La Paulina 40g,Lácteos,10472.09,10664.8,9979.98,10521.93,8396.42
P01041,Queso Cremoso Tregar 1Kg,Lácteos,10539.65,12146.1,11697.09,12168.65,11784.16
P01042,Pan de Campo Bimbo 500g,Panificados,6357.26,6353.25,7647.36,6694.38,8000.73
P01043,Papel Higiénico Higienol 4 Rollos,Higiene,1847.62,1584.8,1712.59,1742.74,1829.89
P01044,Galletitas Express 170g,Panificados,12223.89,10535.06,13397.68,10944.17,13541.84
P01045,Desodorante Poett Primavera 900ml,Limpieza,10645.69,10670.62,11494.25,10109.02,13444.3
P01046,Coca-Cola 2.25L,Bebidas,3214.12,4243.87,3431.66,4054.76,3840.04
P01047,Desodorante Rexona Hombre 150ml,Higiene,8202.28,7346.4,6713.25,8750.37,7785.54
P01048,Queso Rallado La Paulina 40g,Lácteos,3976.72,3511.26,3514.09,3646.53,3301.79
P01049,Suavizante Comfort 900ml,Limpieza,1686.85,1776.92,1502.5,1685.55,1694.2
P01050,Queso Cremoso Tregar 1Kg,Lácteos,3493.51,4564.59,3807.36,3543.44,4551.72
P01051,Yogur Ser Vainilla 1Kg,Lácteos,5818.93,5601.72,5484.16,5896.15,5449.78
P01052,Bizcochitos Don Satur 200g,Panificados,1671.7,1700.36,1504.78,1911.76,1702.66
P01053,Jugo Baggio Multifruta 1L,Bebidas,2989.03,3322.41,2818.71,3288.84,2736.47
P01054,Yogur Ser Vainilla 1Kg x3,Lácteos,7800.6,8866.18,8339.18,7771.78,7162.87
P01055,Arroz Gallo Oro 1Kg,Almacén,12417.58,11797.06,12603.37,13739.19,10633.26
P01056,Detergente Magistral Limón 750ml,Limpieza,2658.11,3501.19,3307.42,2797.23,3453.01
P01057,Harina Blancaflor 1Kg,Almacén,5974.49,7039.4,6485.37,5877.5,5527.12
P01058,Pepsi 2.25L,Bebidas,7843.04,8219.05,7123.63,6441.26,8228.47
P01059,Yerba Taragüi 1Kg,Almacén,6007.87,7413.19,6187.02,7400.73,6605.54
P01060,Harina Blancaflor 1Kg,Almacén,2334.81,2124.35,2217.54,1772.77,1731.8
P01061,Arroz Gallo Oro 1Kg,Almacén,11408.36,8945.37,8476.97,10105.16,8413.71
P01062,Desodorante Poett Primavera 900ml,Limpieza,6820.75,6658.75,7692.3,6777.07,8237.65
P01063,Aceite Natura Girasol 1.5L,Almacén,2377.61,2048.86,2353.69,1945.35,2214.22
P01064,Arroz Gallo Oro 1Kg x2,Almacén,7212.37,9244.66,8524.29,9634.68,8372.01
P01065,Desodorante Poett Primavera 900ml,Limpieza,7282.04,8700.99,6893.72,7119.76,7620.9
P01066,Bizcochitos Don Satur 200g,Panificados,4406.76,4097.14,4780.33,4578.54,5481.15
P01067,Desodorante Rexona Hombre 150ml,Higiene,3297.67,2934.27,2923.08,3177.55,3637.12
P01068,Galletitas Express 170g,Panificados,11224.12,10021.85,10239.68,12449.36,9525.9
P01069,Queso Rallado La Paulina 40g,Lácteos,8268.93,7815.96,8165.72,6923.58,8013.76
P01070,Galletitas Express 170g x5,Panificados,6191.83,6992.38,5990.99,6890.74,7301.24
P01071,Galletitas Chocolinas 170g,Panificados,3233.79,3976.51,3786.72,3275.3,3452.83
P01072,Detergente Magistral Limón 750ml,Limpieza,12093.7,9341.15,10295.45,9826.01,9855.8
P01073,Jabón Dove Original 90g,Higiene,9292.28,10216.05,9389.18,8423.81,10411.85
P01074,Lavandina Ayudín 1L,Limpieza,8986.95,8836.25,9446.92,9592.62,10883.99
P01075,Desodorante Rexona Hombre 150ml x3,Higiene,5547.54,5577.35,7010.7,6189.52,6630.17
P01076,Leche Ilolay Descremada 1L,Lácteos,6319.4,5863.05,7493.9,6874.23,6905.37
P01077,Harina Blancaflor 1Kg,Almacén,898.49,984.81,957.78,1001.9,874.76
P01078,Jugo Baggio Multifruta 1L,Bebidas,4282.47,4767.96,4480.63,4651.81,4598.47
P01079,Leche Ilolay Descremada 1L,Lácteos,2121.43,1886.66,2055.08,1938.16,1943.99
P01080,Lavandina Ayudín 1L,Limpieza,8765.93,10507.58,11408.53,9518.94,10006.9
P01081,Agua Villavicencio 2.25L,Bebidas,5840.4,6284.13,5057.0,5180.08,5800.83
P01082,Queso Rallado La Paulina 40g,Lácteos,8746.39,9294.84,9048.19,10164.77,10684.32
P01083,Cerveza Heineken 1L,Bebidas,1253.78,1221.3,1407.2,1154.75,1438.97
P01084,Agua Villavicencio 2.25L x2,Bebidas,7199.07,8185.43,8365.22,8026.56,8798.37
P01085,Bizcochitos Don Satur 200g x5,Panificados,2658.47,2176.3,2420.28,2763.98,2666.89
P01086,Harina Blancaflor 1Kg,Almacén,1910.26,2464.42,2469.62,2117.51,2193.56
P01087,Pepsi 2.25L,Bebidas,3942.72,4688.46,4775.07,3558.94,4336.19
P01088,Jabón Dove Original 90g,Higiene,7821.72,7833.45,9537.39,8647.89,9410.01
P01089,Galletitas Express 170g,Panificados,2012.79,1531.29,1656.09,2057.38,1809.0
P01090,Jabón en Polvo Ala 3Kg x2,Limpieza,10408.65,11534.44,9637.14,10134.94,12815.79
P01091,Aceite Natura Girasol 1.5L,Almacén,7319.42,8195.64,6777.47,8380.86,7674.84
P01092,Leche Ilolay Descremada 1L x3,Lácteos,6788.87,7243.88,7736.12,6636.27,7564.97
P01093,Shampoo Pantene Restauración 400ml x4,Higiene,2187.66,1882.03,2431.53,2027.49,2458.91
P01094,Jabón Dove Original 90g,Higiene,12091.79,9852.04,11742.16,10005.42,9765.78
P01095,Leche Ilolay Descremada 1L,Lácteos,5500.84,4880.2,5354.11,6136.71,5065.06
P01096,Cerveza Quilmes 1L,Bebidas,1866.83,1586.0,1941.63,1893.05,1656.73
P01097,Pasta Dental Colgate Total 90g,Higiene,9190.55,9254.86,7979.68,7625.41,8748.02
P01098,Galletitas Chocolinas 170g,Panificados,8661.58,10488.79,8583.0,10252.35,9403.01
P01099,Jugo Baggio Multifruta 1L,Bebidas,7191.55,7079.82,8478.72,8216.18,8184.72
P01100,Manteca Sancor 200g,Lácteos,6183.81,4697.29,5547.34,4690.53,5588.56
P01101,Pan Lactal Fargo 600g,Panificados,6814.54,7222.0,8290.34,7804.37,7814.37
P01102,Manteca Sancor 200g,Lácteos,5903.17,5308.81,5449.59,5582.23,4706.04
P01103,Manteca Sancor 200g,Lácteos,2451.16,2338.51,2571.81,2667.15,2526.79
P01104,Jugo Baggio Multifruta 1L,Bebidas,10083.16,11119.54,9375.06,11301.0,8989.87
P01105,Bizcochitos Don Satur 200g,Panificados,654.24,838.1,658.1,771.99,842.79
P01106,Suavizante Comfort 900ml,Limpieza,2117.42,2009.55,2402.98,1977.18,2434.46
P01107,Queso Cremoso Tregar 1Kg,Lácteos,8739.65,11117.23,10543.95,10682.05,8823.78
P01108,Jugo Baggio Multifruta 1L,Bebidas,7252.44,8497.14,6317.07,7407.55,7156.42
P01109,Jabón Dove Original 90g,Higiene,11383.89,12974.42,11096.11,11888.78,9627.16
P01110,Manteca Sancor 200g,Lácteos,2869.21,2546.95,2733.88,2262.9,2650.94
P01111,Bizcochitos Don Satur 200g,Panificados,11301.64,9884.64,10280.81,8874.4,8599.91
P01112,Leche La Serenísima Entera 1L,Lácteos,4745.91,4407.47,4384.02,4004.32,4693.76
P01113,Galletitas Express 170g x5,Panificados,7227.28,7354.02,6034.98,7673.32,7817.67
P01114,Cerveza Heineken 1L,Bebidas,1000.23,1078.28,924.91,854.5,1082.33
P01115,Queso Rallado La Paulina 40g,Lácteos,1751.5,1850.2,1684.73,1543.95,1624.85
P01116,Queso Rallado La Paulina 40g,Lácteos,8805.35,8581.32,9644.74,10943.97,10004.82
P01117,Detergente Magistral Limón 750ml,Limpieza,5093.5,6144.23,5818.72,4779.67,5663.36
P01118,Cerveza Quilmes 1L,Bebidas,3705.36,4334.97,3960.7,4040.35,4529.05
P01119,Detergente Magistral Limón 750ml x2,Limpieza,9017.08,7195.59,7136.79,7944.43,8524.55
P01120,Queso Rallado La Paulina 40g,Lácteos,3383.78,3853.74,3646.59,3242.41,4052.08
P01121,Yerba Playadito 1Kg x4,Almacén,8724.57,8617.06,8135.62,7893.16,9161.82
P01122,Azúcar Ledesma 1Kg,Almacén,8463.88,10570.13,10830.08,10248.86,9005.06
P01123,Desodorante Rexona Hombre 150ml x5,Higiene,9462.09,7556.44,8171.02,7900.19,9400.24
P01124,Leche La Serenísima Entera 1L,Lácteos,4358.6,4681.77,4067.58,4588.34,4273.42
P01125,Desodorante Rexona Hombre 150ml,Higiene,5467.46,4765.95,5791.31,6520.99,5785.15
P01126,Azúcar Ledesma 1Kg,Almacén,6982.36,8318.83,6519.1,7163.96,8022.33
P01127,Fideos Matarazzo Spaghetti 500g,Almacén,5002.92,4611.26,4000.37,5292.16,5165.65
P01128,Queso Rallado La Paulina 40g,Lácteos,2445.48,2282.23,2742.65,2684.68,2444.11
P01129,Pepsi 2.25L,Bebidas,1788.83,1677.11,1483.93,1752.58,1682.97
P01130,Detergente Magistral Limón 750ml,Limpieza,9776.32,7427.13,7608.3,7946.07,8971.4
P01131,Desodorante Poett Primavera 900ml,Limpieza,8779.39,7120.66,6807.05,7065.33,7383.91
P01132,Jabón en Polvo Ala 3Kg,Limpieza,2172.06,2516.53,2803.04,2879.87,2790.4
P01133,Azúcar Ledesma 1Kg,Almacén,9461.69,10341.36,8191.26,8258.02,7840.06
P01134,Pan de Campo Bimbo 500g,Panificados,3044.31,3254.42,2673.91,2891.79,2988.26
P01135,Yerba Playadito 1Kg x5,Almacén,11592.9,9943.33,9497.08,10683.95,12365.58
P01136,Desodorante Rexona Hombre 150ml,Higiene,1201.47,1380.61,1385.73,1217.69,1124.63
P01137,Fideos Matarazzo Spaghetti 500g,Almacén,2860.44,2803.38,3021.77,3078.04,2601.7
P01138,Pan de Campo Bimbo 500g,Panificados,2068.87,2175.21,2000.79,2202.57,2196.74
P01139,Suavizante Comfort 900ml,Limpieza,7777.79,7384.88,8194.89,7361.71,6860.56
P01140,Shampoo Pantene Restauración 400ml,Higiene,8432.49,6978.91,7615.61,8332.1,6806.44
P01141,Galletitas Chocolinas 170g x4,Panificados,7297.36,7568.25,9119.99,9127.79,7753.82
P01142,Queso Cremoso Tregar 1Kg,Lácteos,9352.1,8791.04,8276.05,7603.34,8310.42
P01143,Arroz Gallo Oro 1Kg,Almacén,1449.84,1328.33,1619.69,1382.65,1522.41
P01144,Pan Lactal Fargo 600g,Panificados,1878.29,2040.15,2236.34,2278.36,2242.82
P01145,Cerveza Quilmes 1L,Bebidas,5342.2,5383.78,6512.02,6801.63,6659.92
P01146,Azúcar Ledesma 1Kg,Almacén,5868.24,5564.32,6718.54,6816.17,6313.4
P01147,Yogur Ser Vainilla 1Kg,Lácteos,12977.21,13183.91,12116.44,10904.52,12474.9
P01148,Queso Cremoso Tregar 1Kg,Lácteos,5180.01,4862.04,5936.09,4725.29,5662.0
P01149,Jugo Baggio Multifruta 1L,Bebidas,11176.48,12637.37,10115.06,11625.87,10208.61
P01150,Arroz Gallo Oro 1Kg x4,Almacén,9225.14,8858.36,10402.13,11167.89,11386.89
P01151,Queso Rallado La Paulina 40g,Lácteos,10282.28,10917.05,10298.0,11540.47,9968.4
P01152,Jugo Baggio Multifruta 1L x5,Bebidas,9015.42,9710.1,9253.36,9515.06,9202.53
P01153,Aceite Natura Girasol 1.5L,Almacén,7148.34,7378.78,6299.88,6037.95,6650.18
P01154,Galletitas Express 170g x3,Panificados,2525.97,2666.76,2349.0,2731.21,2727.66
P01155,Suavizante Comfort 900ml,Limpieza,8986.39,7357.12,9103.21,8466.62,7348.78
P01156,Shampoo Pantene Restauración 400ml,Higiene,2258.84,2086.93,2021.82,1774.06,2072.1
P01157,Shampoo Pantene Restauración 400ml,Higiene,6248.09,6302.65,5274.38,5800.16,5792.1
P01158,Fideos Matarazzo Spaghetti 500g,Almacén,11247.8,10413.42,9906.41,9447.35,10852.66
P01159,Suavizante Comfort 900ml,Limpieza,5646.98,6321.64,6192.22,5205.08,5964.08
P01160,Jugo Baggio Multifruta 1L x4,Bebidas,2126.9,2199.2,2143.57,2264.01,2356.32
P01161,Desodorante Rexona Hombre 150ml,Higiene,8450.7,6617.13,7315.8,8490.93,8217.51
P01162,Fideos Matarazzo Spaghetti 500g,Almacén,2415.43,2310.8,2225.47,2789.68,2719.92
P01163,Yerba Playadito 1Kg,Almacén,1296.86,1553.11,1540.86,1352.49,1346.48
P01164,Jabón en Polvo Ala 3Kg,Limpieza,9368.58,9951.1,9156.36,9763.54,8710.58
P01165,Pan Lactal Fargo 600g,Panificados,3288.29,3432.38,3219.02,3770.39,3371.55
P01166,Detergente Magistral Limón 750ml,Limpieza,1384.4,1606.15,1439.57,1283.33,1635.95
P01167,Queso Rallado La Paulina 40g,Lácteos,12130.31,12969.58,11487.05,10971.33,10968.32
P01168,Suavizante Comfort 900ml,Limpieza,1076.22,899.24,1132.9,963.63,924.96
P01169,Leche La Serenísima Entera 1L,Lácteos,5314.36,4692.54,4593.73,5168.05,4860.49
P01170,Jabón en Polvo Ala 3Kg,Limpieza,5553.92,4746.08,5168.78,4774.41,5480.1
P01171,Suavizante Comfort 900ml x5,Limpieza,1571.17,1241.96,1361.54,1374.9,1619.16
P01172,Desodorante Rexona Hombre 150ml,Higiene,9978.15,8408.87,9290.03,8405.17,8896.14
P01173,Cerveza Quilmes 1L,Bebidas,12316.8,13546.99,12606.4,12427.28,13204.75
P01174,Desodorante Poett Primavera 900ml,Limpieza,3157.46,4131.55,3488.29,4187.76,3064.67
P01175,Shampoo Pantene Restauración 400ml,Higiene,8025.24,8870.99,7987.45,10033.17,10452.23
P01176,Desodorante Rexona Hombre 150ml x2,Higiene,9644.66,11919.36,10026.04,11011.54,11705.07
P01177,Arroz Gallo Oro 1Kg x3,Almacén,7755.07,9277.77,9384.96,9234.12,7831.72
P01178,Azúcar Ledesma 1Kg,Almacén,1114.41,1140.22,1019.14,1064.16,1006.38
P01179,Shampoo Pantene Restauración 400ml,Higiene,1109.58,1101.03,1223.77,1165.04,1189.25
P01180,Pan Lactal Fargo 600g,Panificados,7300.79,6990.13,8117.82,8545.75,8395.47
P01181,Galletitas Chocolinas 170g,Panificados,2281.78,2802.69,2744.54,2588.51,2929.78
P01182,Pepsi 2.25L,Bebidas,9110.35,9976.14,8465.04,8813.59,9212.11
P01183,Papel Higiénico Higienol 4 Rollos,Higiene,10950.74,10001.34,8864.29,8812.09,9444.52
P01184,Detergente Magistral Limón 750ml,Limpieza,12735.21,10128.58,11310.06,13783.49,11702.15
P01185,Jabón Dove Original 90g,Higiene,8438.08,6754.75,7819.88,7201.06,6964.23
P01186,Leche Ilolay Descremada 1L,Lácteos,10788.77,9953.55,11611.76,11559.94,9845.61
P01187,Queso Cremoso Tregar 1Kg,Lácteos,4712.18,4690.64,5668.37,5092.73,5651.54
P01188,Agua Villavicencio 2.25L,Bebidas,5929.65,5744.43,7046.66,5607.62,5613.71
P01189,Desodorante Rexona Hombre 150ml,Higiene,6949.55,8017.05,7796.65,9062.14,7703.32
P01190,Azúcar Ledesma 1Kg,Almacén,10692.49,11375.18,10254.66,10765.11,10829.19
P01191,Shampoo Pantene Restauración 400ml,Higiene,10686.49,9563.9,8842.2,9582.14,10775.0
P01192,Agua Villavicencio 2.25L,Bebidas,1701.87,2009.24,2014.14,1572.92,1584.72
P01193,Cerveza Quilmes 1L,Bebidas,4994.6,4344.94,4245.53,5392.83,4500.93
P01194,Leche La Serenísima Entera 1L x5,Lácteos,4437.72,5252.74,5133.41,5014.96,5508.45
P01195,Shampoo Pantene Restauración 400ml x3,Higiene,5020.99,5029.09,3953.09,3815.38,4090.65
P01196,Coca-Cola 2.25L x4,Bebidas,5718.03,5333.86,6082.46,5412.51,4638.24
P01197,Pepsi 2.25L x2,Bebidas,6168.28,5370.77,6213.73,7038.53,6683.03
P01198,Bizcochitos Don Satur 200g x5,Panificados,3815.83,3604.21,2948.41,3361.59,3399.86
P01199,Jabón en Polvo Ala 3Kg,Limpieza,1626.31,1896.46,1502.86,1468.48,1938.75
P01200,Leche Ilolay Descremada 1L,Lácteos,10737.02,13048.81,13092.87,11738.38,11705.47
P01201,Aceite Natura Girasol 1.5L,Almacén,5788.23,6095.28,4709.79,4665.33,4797.26
P01202,Lavandina Ayudín 1L,Limpieza,11225.32,9885.98,10901.21,9138.76,10238.45
P01203,Cerveza Heineken 1L,Bebidas,4137.22,4029.8,4144.77,5139.89,4748.34
P01204,Bizcochitos Don Satur 200g x4,Panificados,1810.3,1812.98,1700.72,1817.71,1717.33
P01205,Galletitas Chocolinas 170g,Panificados,9490.41,8843.65,8159.96,9232.84,10051.81
P01206,Azúcar Ledesma 1Kg,Almacén,8308.22,9508.05,7868.81,9980.35,8639.24
P01207,Jabón en Polvo Ala 3Kg,Limpieza,5124.64,4347.73,4148.37,3844.69,3844.69
P01208,Desodorante Poett Primavera 900ml,Limpieza,6338.79,7459.04,7526.47,6361.7,6361.5
P01209,Suavizante Comfort 900ml,Limpieza,4713.94,4245.72,4566.03,4474.39,3552.23
P01210,Fideos Matarazzo Spaghetti 500g,Almacén,6944.03,5976.51,6979.66,5866.82,5844.12
P01211,Manteca Sancor 200g,Lácteos,7677.95,7809.98,10016.82,10169.48,8764.24
P01212,Fideos Matarazzo Spaghetti 500g,Almacén,9254.55,9265.22,8845.16,9565.37,9140.02
P01213,Jabón en Polvo Ala 3Kg,Limpieza,5295.54,5111.49,6143.7,5632.72,5935.6
P01214,Lavandina Ayudín 1L,Limpieza,13236.2,11182.14,11394.3,11818.58,13261.58
P01215,Detergente Magistral Limón 750ml,Limpieza,8399.21,7521.0,7077.3,8558.38,7249.21
P01216,Manteca Sancor 200g,Lácteos,12678.42,9579.92,11287.96,10101.3,9405.76
P01217,Desodorante Poett Primavera 900ml,Limpieza,9376.44,10882.89,9805.75,9823.35,9224.78
P01218,Yerba Playadito 1Kg,Almacén,4474.0,5490.6,5618.27,4541.82,4440.08
P01219,Cerveza Heineken 1L,Bebidas,2969.93,3788.96,3075.79,3651.13,3555.37
P01220,Bizcochitos Don Satur 200g,Panificados,3049.63,3062.48,2461.73,2502.24,3051.37
P01221,Yerba Playadito 1Kg,Almacén,9781.17,11692.28,10921.47,11985.67,11397.03
P01222,Cerveza Quilmes 1L,Bebidas,6695.62,8236.5,8075.32,7173.08,8351.3
P01223,Queso Rallado La Paulina 40g,Lácteos,8092.77,6877.67,6835.05,8061.93,8380.29
P01224,Desodorante Poett Primavera 900ml,Limpieza,2820.37,2195.6,2331.83,2291.56,2831.14
P01225,Galletitas Express 170g,Panificados,9639.52,8712.83,9164.98,8476.45,11217.76
P01226,Cerveza Quilmes 1L,Bebidas,1252.82,1412.28,1444.01,1193.09,1104.91
P01227,Desodorante Rexona Hombre 150ml x2,Higiene,10296.47,11166.08,12144.51,12985.04,12547.64
P01228,Pepsi 2.25L x5,Bebidas,3872.74,4964.07,4965.21,4018.83,3888.05
P01229,Harina Blancaflor 1Kg,Almacén,5410.08,5980.99,5655.39,5973.3,6076.53
P01230,Pasta Dental Colgate Total 90g,Higiene,2878.56,2767.92,3234.2,2886.21,2957.81
P01231,Azúcar Ledesma 1Kg,Almacén,1438.68,1390.87,1322.97,1716.07,1420.18
P01232,Harina Blancaflor 1Kg,Almacén,8993.73,11261.53,10886.98,8964.5,11055.37
P01233,Yogur Ser Vainilla 1Kg,Lácteos,6788.86,6255.01,6252.42,5672.07,5393.89
P01234,Cerveza Heineken 1L x3,Bebidas,6439.34,8296.57,6836.29,8899.23,6835.89
P01235,Pepsi 2.25L,Bebidas,9322.97,7510.02,7809.05,7074.94,9002.13
P01236,Fideos Matarazzo Spaghetti 500g,Almacén,4995.1,5453.22,5142.35,4396.58,5498.98
P01237,Galletitas Express 170g,Panificados,9419.71,11865.18,10637.98,9373.04,8984.56
P01238,Cerveza Heineken 1L,Bebidas,9435.62,8812.19,8902.95,9171.37,8569.08
P01239,Agua Villavicencio 2.25L,Bebidas,11081.56,13312.42,12317.84,13164.22,13070.14
P01240,Leche Ilolay Descremada 1L,Lácteos,4631.95,4966.84,5125.4,4600.37,5088.54
P01241,Bizcochitos Don Satur 200g x5,Panificados,9446.97,9442.43,10662.0,8462.17,9886.25
P01242,Lavandina Ayudín 1L,Limpieza,4056.75,3176.31,3164.98,4165.05,4007.39
P01243,Detergente Magistral Limón 750ml,Limpieza,1992.67,1755.49,1952.65,2025.48,1981.12
P01244,Queso Rallado La Paulina 40g x3,Lácteos,7487.0,6974.04,8307.18,8599.43,6575.0
P01245,Cerveza Quilmes 1L,Bebidas,10396.06,9964.7,9759.31,10212.38,11602.68
P01246,Jugo Baggio Multifruta 1L,Bebidas,6295.16,7785.36,7346.24,6232.34,6499.54
P01247,Lavandina Ayudín 1L x5,Limpieza,664.18,839.79,648.35,750.34,646.6
P01248,Coca-Cola 2.25L,Bebidas,7531.52,6703.22,6085.29,6588.72,5645.69
P01249,Yerba Taragüi 1Kg,Almacén,1930.1,1623.63,1652.44,1913.45,1779.89
P01250,Lavandina Ayudín 1L,Limpieza,7414.49,7561.66,5840.17,6905.88,7300.41
P01251,Queso Rallado La Paulina 40g,Lácteos,768.55,819.48,812.77,685.56,600.96
P01252,Papel Higiénico Higienol 4 Rollos,Higiene,3187.04,3952.78,3378.61,3218.16,3756.77
P01253,Desodorante Rexona Hombre 150ml,Higiene,7448.74,8768.33,8785.45,6912.91,8098.93
P01254,Manteca Sancor 200g,Lácteos,10075.06,8844.94,9804.93,9475.24,10061.68
P01255,Bizcochitos Don Satur 200g,Panificados,7498.85,6785.97,5667.17,5981.52,6334.42
P01256,Yerba Playadito 1Kg,Almacén,10685.41,8904.07,8146.16,8865.15,8670.06
P01257,Leche Ilolay Descremada 1L,Lácteos,4089.52,4462.68,4670.28,5201.39,4563.05
P01258,Manteca Sancor 200g,Lácteos,4621.67,4505.26,4271.38,4496.11,4683.54
P01259,Desodorante Poett Primavera 900ml,Limpieza,11568.79,10232.79,9374.84,9749.53,12028.06
P01260,Cerveza Quilmes 1L,Bebidas,6783.38,6630.6,7120.53,6990.22,5865.47
P01261,Jugo Baggio Multifruta 1L x5,Bebidas,2614.89,2725.5,2497.74,2299.24,2893.09
P01262,Yerba Taragüi 1Kg,Almacén,4357.37,5419.56,5064.81,4362.98,5118.37
P01263,Harina Blancaflor 1Kg x5,Almacén,9652.2,10472.95,9902.17,9456.08,10269.73
P01264,Leche La Serenísima Entera 1L,Lácteos,2422.84,2858.54,2436.09,2571.44,2414.28
P01265,Leche La Serenísima Entera 1L,Lácteos,3741.08,3685.96,3333.66,3367.45,3723.51
P01266,Cerveza Quilmes 1L,Bebidas,9188.32,10743.14,9400.02,11039.28,8966.9
P01267,Pasta Dental Colgate Total 90g,Higiene,10818.25,9558.14,9875.42,10765.92,11425.46
P01268,Manteca Sancor 200g,Lácteos,944.85,886.16,973.28,806.08,1031.22
P01269,Galletitas Express 170g,Panificados,11300.64,10787.21,10481.88,10549.93,10527.04
P01270,Cerveza Quilmes 1L x2,Bebidas,4482.01,3573.68,4266.7,3668.17,3563.56
P01271,Yerba Taragüi 1Kg,Almacén,6740.04,7034.45,7271.8,7677.15,6746.41
P01272,Jabón Dove Original 90g,Higiene,11568.77,10534.25,10080.56,11286.77,10726.66
P01273,Jabón Dove Original 90g x5,Higiene,7652.31,8535.34,8034.39,7791.75,9754.1
P01274,Yogur Ser Vainilla 1Kg x4,Lácteos,3527.93,3551.77,3425.33,3624.45,3844.72
P01275,Desodorante Rexona Hombre 150ml,Higiene,11404.0,10118.83,10175.13,10442.91,9560.29
P01276,Papel Higiénico Higienol 4 Rollos,Higiene,2080.51,1665.86,2046.98,1684.69,2203.95
P01277,Queso Cremoso Tregar 1Kg,Lácteos,9033.18,7950.98,8933.82,9097.7,8634.73
P01278,Yerba Playadito 1Kg,Almacén,1224.81,1211.74,1228.33,1351.4,1100.42
P01279,Yerba Taragüi 1Kg,Almacén,5613.17,4319.97,4846.84,5722.7,4937.28
P01280,Galletitas Express 170g,Panificados,9267.93,9425.31,8802.83,10439.33,10354.95
P01281,Bizcochitos Don Satur 200g,Panificados,7543.97,8949.82,8457.34,8955.91,8507.89
P01282,Jugo Baggio Multifruta 1L x3,Bebidas,8312.52,8324.53,7627.01,8015.0,8158.84
P01283,Yogur Ser Vainilla 1Kg,Lácteos,3939.4,3092.82,3997.97,3436.65,4170.91
P01284,Pan Lactal Fargo 600g,Panificados,7518.83,8807.38,8144.63,7309.11,8897.85
P01285,Jabón Dove Original 90g x2,Higiene,8778.67,9517.74,8695.61,9359.83,9826.52
P01286,Galletitas Express 170g,Panificados,2728.27,2427.74,2160.92,2248.32,2432.37
P01287,Manteca Sancor 200g,Lácteos,10281.2,9467.9,8521.45,9152.37,9912.55
P01288,Galletitas Express 170g,Panificados,8200.24,9982.31,8370.7,8680.42,11102.2
P01289,Jabón Dove Original 90g,Higiene,1176.62,1359.53,1292.91,1272.65,1188.81
P01290,Cerveza Quilmes 1L,Bebidas,10670.3,11033.21,9317.16,9953.97,9762.82
P01291,Lavandina Ayudín 1L,Limpieza,754.33,769.55,766.1,738.33,735.18
P01292,Desodorante Poett Primavera 900ml,Limpieza,13303.8,10128.57,12820.37,10138.41,10141.48
P01293,Harina Blancaflor 1Kg,Almacén,12407.25,11172.07,12359.93,12466.31,10921.57
P01294,Galletitas Express 170g,Panificados,7580.88,9750.31,7691.27,9948.76,8432.79
P01295,Pan de Campo Bimbo 500g,Panificados,4487.64,5091.96,4631.92,5153.61,5340.36
P01296,Shampoo Pantene Restauración 400ml,Higiene,12573.66,11618.57,12333.4,12730.55,10803.92
P01297,Jabón Dove Original 90g,Higiene,5253.91,5049.43,5791.15,5855.3,5097.15
P01298,Queso Rallado La Paulina 40g,Lácteos,9088.25,8326.73,8055.88,9238.28,8072.01
P01299,Papel Higiénico Higienol 4 Rollos,Higiene,2859.94,3547.77,2630.49,3198.83,3171.88
P01300,Harina Blancaflor 1Kg x5,Almacén,8997.38,6967.51,7811.18,8320.99,8215.45
P01301,Desodorante Poett Primavera 900ml,Limpieza,759.61,982.94,785.21,968.43,939.13
P01302,Yerba Playadito 1Kg,Almacén,5110.6,5123.29,5188.56,4185.86,5620.02
P01303,Coca-Cola 2.25L,Bebidas,11940.47,9297.47,9423.34,10876.98,9654.47
P01304,Yerba Playadito 1Kg,Almacén,4751.62,4818.17,4234.28,4716.04,4343.96
P01305,Yogur Ser Vainilla 1Kg,Lácteos,8879.78,8541.78,8859.04,9854.37,10582.31
P01306,Azúcar Ledesma 1Kg,Almacén,4937.82,5614.36,4395.07,5365.65,4665.2
P01307,Coca-Cola 2.25L,Bebidas,2954.68,2773.29,2638.67,2964.3,2585.11
P01308,Aceite Natura Girasol 1.5L,Almacén,10520.28,9864.44,9282.62,9778.1,9865.82
P01309,Pan de Campo Bimbo 500g,Panificados,9545.12,8151.57,8983.13,8991.3,9265.59
P01310,Desodorante Poett Primavera 900ml x2,Limpieza,9303.65,10223.98,9329.91,8752.27,10923.73
P01311,Shampoo Pantene Restauración 400ml x5,Higiene,6256.5,7223.89,7009.09,6313.18,5986.14
P01312,Pasta Dental Colgate Total 90g,Higiene,3405.9,3988.42,3672.11,3705.33,3390.15
P01313,Cerveza Heineken 1L,Bebidas,3788.76,3675.02,3123.53,3429.19,3763.43
P01314,Agua Villavicencio 2.25L,Bebidas,5025.73,4603.47,4255.64,4563.68,4506.56
P01315,Lavandina Ayudín 1L,Limpieza,7342.35,6632.81,7578.21,7100.89,6282.85
P01316,Galletitas Express 170g,Panificados,8250.61,8612.74,10680.82,9416.54,10270.66
P01317,Jabón Dove Original 90g,Higiene,631.41,767.38,814.06,822.74,772.62
P01318,Pan Lactal Fargo 600g,Panificados,3463.54,4104.53,3964.94,4598.23,4074.95
P01319,Papel Higiénico Higienol 4 Rollos,Higiene,10159.8,8811.85,8962.98,11159.16,9429.87
P01320,Azúcar Ledesma 1Kg,Almacén,3858.03,4410.53,4234.99,3622.23,4036.06
P01321,Cerveza Heineken 1L,Bebidas,10410.08,11574.83,13384.67,12908.54,10145.4
P01322,Cerveza Quilmes 1L,Bebidas,7361.63,6685.36,8722.66,7474.05,8962.89
P01323,Queso Rallado La Paulina 40g,Lácteos,657.85,645.96,802.09,843.55,710.54
P01324,Cerveza Quilmes 1L x2,Bebidas,10484.9,11130.26,13655.2,10946.28,9980.19
P01325,Galletitas Express 170g,Panificados,2156.5,2356.35,2962.26,2657.47,2574.79
P01326,Agua Villavicencio 2.25L x3,Bebidas,2856.0,2619.35,2734.87,2897.69,2383.73
P01327,Pepsi 2.25L,Bebidas,9231.62,8979.29,9141.44,11155.23,9359.03
P01328,Shampoo Pantene Restauración 400ml,Higiene,9880.24,8657.63,10591.16,11848.05,11432.04
P01329,Leche La Serenísima Entera 1L,Lácteos,2060.01,2343.86,1986.06,1797.24,2156.85
P01330,Azúcar Ledesma 1Kg,Almacén,5441.69,5731.33,6289.08,6387.4,6015.73
P01331,Desodorante Rexona Hombre 150ml x3,Higiene,1354.96,1032.06,1087.98,1167.69,1052.17
P01332,Papel Higiénico Higienol 4 Rollos x5,Higiene,1036.03,1007.88,1210.61,985.36,1252.53
P01333,Galletitas Chocolinas 170g,Panificados,3709.18,3418.92,3161.22,3456.05,3258.78
P01334,Arroz Gallo Oro 1Kg,Almacén,838.04,671.71,830.06,719.3,720.18
P01335,Pan de Campo Bimbo 500g x4,Panificados,10438.61,10488.49,9185.0,9495.31,9127.12
P01336,Jugo Baggio Multifruta 1L x4,Bebidas,4586.44,5018.81,4942.13,4759.37,4517.89
P01337,Queso Cremoso Tregar 1Kg,Lácteos,3098.69,3293.74,3216.31,3120.45,3676.0
P01338,Galletitas Chocolinas 170g,Panificados,11856.91,10300.89,10724.45,9689.11,12291.38
P01339,Fideos Matarazzo Spaghetti 500g,Almacén,4057.45,5027.53,4695.44,5166.01,5560.76
P01340,Pan de Campo Bimbo 500g,Panificados,1475.09,1656.61,1530.18,1654.45,1626.88
P01341,Desodorante Poett Primavera 900ml,Limpieza,1124.34,1218.12,985.8,1218.97,1217.93
P01342,Pan de Campo Bimbo 500g,Panificados,4898.2,4862.56,4466.56,4177.53,4621.95
P01343,Cerveza Quilmes 1L,Bebidas,1224.82,1084.91,1108.98,1291.04,1173.06
P01344,Queso Rallado La Paulina 40g,Lácteos,1489.75,1327.72,1496.12,1169.5,1333.99
P01345,Shampoo Pantene Restauración 400ml,Higiene,10288.49,9949.19,11505.58,9020.83,9948.59
P01346,Lavandina Ayudín 1L x3,Limpieza,8080.22,8388.44,8434.62,7480.15,7857.62
P01347,Lavandina Ayudín 1L,Limpieza,7688.17,8211.58,7269.74,6398.85,7179.23
P01348,Desodorante Poett Primavera 900ml,Limpieza,8646.05,7954.56,8959.66,10469.2,10472.42
P01349,Fideos Matarazzo Spaghetti 500g,Almacén,1725.59,1554.18,1489.73,1540.13,1613.03
P01350,Shampoo Pantene Restauración 400ml,Higiene,5963.07,6513.48,7759.85,6574.83,6348.13
P01351,Desodorante Poett Primavera 900ml x5,Limpieza,8929.99,8416.73,8129.2,8832.6,9092.37
P01352,Fideos Matarazzo Spaghetti 500g,Almacén,11253.96,8606.53,8923.78,11594.79,8719.11
P01353,Cerveza Quilmes 1L,Bebidas,6887.49,6929.75,5887.83,5473.48,7049.25
P01354,Pepsi 2.25L,Bebidas,3945.9,4598.66,4455.0,4510.24,3918.91
P01355,Leche Ilolay Descremada 1L,Lácteos,9962.3,12315.84,10564.29,11670.4,10929.66
P01356,Galletitas Express 170g,Panificados,5338.03,5513.87,5555.4,5008.56,5337.93
P01357,Yerba Playadito 1Kg,Almacén,1252.41,1136.62,1127.83,1513.75,1465.14
P01358,Yogur Ser Vainilla 1Kg,Lácteos,1242.06,1222.97,1501.58,1555.23,1423.86
P01359,Shampoo Pantene Restauración 400ml x5,Higiene,7568.88,6615.39,8975.96,7361.56,8036.3
P01360,Manteca Sancor 200g,Lácteos,9586.36,9309.4,10813.62,9911.31,12193.31
P01361,Suavizante Comfort 900ml,Limpieza,11309.59,11856.81,10699.11,13219.93,11060.85
P01362,Pasta Dental Colgate Total 90g,Higiene,8654.51,6279.19,6580.91,8656.23,7615.32
P01363,Pasta Dental Colgate Total 90g,Higiene,4004.67,4625.38,4757.76,4490.99,4108.01
P01364,Jugo Baggio Multifruta 1L,Bebidas,5716.39,5299.49,5388.73,5694.45,5428.87
P01365,Desodorante Poett Primavera 900ml,Limpieza,9117.81,7963.05,8948.77,7779.36,8487.57
P01366,Detergente Magistral Limón 750ml,Limpieza,6493.33,6633.13,6284.54,6989.23,5490.97
P01367,Desodorante Rexona Hombre 150ml x3,Higiene,7601.89,6118.64,6952.99,6167.53,6250.74
P01368,Jugo Baggio Multifruta 1L,Bebidas,4627.54,5412.93,5413.06,4523.79,4370.36
P01369,Yerba Taragüi 1Kg,Almacén,12196.28,9678.75,11261.62,10348.55,12580.44
P01370,Pan Lactal Fargo 600g,Panificados,9266.69,12044.98,10493.71,10817.72,9071.46
P01371,Suavizante Comfort 900ml,Limpieza,2939.9,2367.8,2298.93,2515.86,2960.59
P01372,Pepsi 2.25L,Bebidas,1546.27,1553.6,1942.22,1581.66,1659.98
P01373,Desodorante Rexona Hombre 150ml,Higiene,5847.9,6990.62,6910.87,6495.4,6599.9
P01374,Harina Blancaflor 1Kg,Almacén,2641.0,2239.58,2774.29,2641.6,2508.22
P01375,Jabón Dove Original 90g x4,Higiene,10743.85,13313.22,12737.26,11474.95,12982.01
P01376,Suavizante Comfort 900ml,Limpieza,4602.86,4361.22,4692.25,4530.14,4801.07
P01377,Aceite Natura Girasol 1.5L,Almacén,5789.06,5874.58,6042.65,5682.61,5453.23
P01378,Detergente Magistral Limón 750ml,Limpieza,9103.68,12202.16,10519.85,9317.38,12578.32
P01379,Coca-Cola 2.25L,Bebidas,1497.49,1480.75,1845.55,1483.38,1582.51
P01380,Galletitas Express 170g x4,Panificados,4240.72,5796.47,5180.29,5420.66,5098.95
P01381,Fideos Matarazzo Spaghetti 500g,Almacén,2259.11,1751.14,2268.48,2071.78,2159.17
P01382,Jugo Baggio Multifruta 1L,Bebidas,10433.18,9319.48,9506.52,11585.42,10493.49
P01383,Lavandina Ayudín 1L,Limpieza,9397.15,9386.09,12205.06,11296.03,11415.5
P01384,Yerba Taragüi 1Kg,Almacén,7913.06,7795.84,8010.9,8340.3,6237.6
P01385,Jugo Baggio Multifruta 1L,Bebidas,7133.77,7892.23,7381.06,7212.51,8765.21
P01386,Coca-Cola 2.25L,Bebidas,6681.61,7475.71,7181.78,6654.55,6820.62
P01387,Desodorante Poett Primavera 900ml,Limpieza,1737.77,2011.99,1872.52,2311.05,1974.19
P01388,Jabón en Polvo Ala 3Kg,Limpieza,9391.89,7876.39,8352.22,9526.3,9296.74
P01389,Manteca Sancor 200g,Lácteos,6147.32,7265.51,6324.26,6000.77,6666.17
P01390,Lavandina Ayudín 1L,Limpieza,4143.48,4012.86,3974.27,4560.82,4348.47
P01391,Galletitas Express 170g,Panificados,6364.73,6663.72,6145.34,7263.04,6391.11
P01392,Cerveza Quilmes 1L x2,Bebidas,1606.66,1868.07,1838.42,1624.17,1847.27
P01393,Azúcar Ledesma 1Kg,Almacén,7267.39,6336.32,8256.53,7956.32,7406.89
P01394,Desodorante Poett Primavera 900ml,Limpieza,10550.79,9767.78,10892.84,11133.27,11377.62
P01395,Yerba Playadito 1Kg,Almacén,7671.72,8521.2,9581.79,9175.21,8901.82
P01396,Jugo Baggio Multifruta 1L,Bebidas,4801.2,5275.64,4789.94,6454.93,4872.23
P01397,Cerveza Heineken 1L,Bebidas,5219.11,6677.1,5651.79,6443.71,5480.15
P01398,Bizcochitos Don Satur 200g,Panificados,1769.52,1886.53,1507.83,1831.35,1781.65
P01399,Harina Blancaflor 1Kg x4,Almacén,1107.34,1222.05,945.52,1014.18,934.58
P01400,Fideos Matarazzo Spaghetti 500g,Almacén,1426.98,1663.12,1684.58,1678.81,1470.17
P01401,Harina Blancaflor 1Kg,Almacén,5398.2,4942.31,4010.68,4467.52,5136.33
P01402,Desodorante Poett Primavera 900ml,Limpieza,4003.41,3522.7,3155.18,3352.42,3481.6
P01403,Galletitas Express 170g,Panificados,1497.06,1428.25,1291.84,1476.91,1231.5
P01404,Shampoo Pantene Restauración 400ml,Higiene,6662.88,7784.53,6468.04,6029.42,6897.84
P01405,Leche Ilolay Descremada 1L,Lácteos,6520.92,5494.18,5444.58,5525.03,6540.12
P01406,Bizcochitos Don Satur 200g,Panificados,8056.78,6636.31,7836.38,6740.62,6292.92
P01407,Lavandina Ayudín 1L,Limpieza,6076.67,6121.81,5936.16,7571.03,7550.17
P01408,Suavizante Comfort 900ml x2,Limpieza,5306.71,4419.63,5388.41,5056.03,4466.26
P01409,Jugo Baggio Multifruta 1L x3,Bebidas,10401.83,10070.15,10586.46,11318.54,11894.97
P01410,Pasta Dental Colgate Total 90g,Higiene,7306.59,9521.36,8813.23,8602.87,8129.31
P01411,Yerba Taragüi 1Kg,Almacén,3402.12,3360.47,3713.34,3251.1,3572.05
P01412,Pepsi 2.25L,Bebidas,7219.36,7033.99,7489.58,7913.14,7475.15
P01413,Fideos Matarazzo Spaghetti 500g,Almacén,5556.69,7140.91,6753.05,5985.62,6868.03
P01414,Yerba Taragüi 1Kg,Almacén,10473.13,9334.09,8053.75,9663.51,8557.09
P01415,Suavizante Comfort 900ml,Limpieza,6334.33,4989.9,6013.1,5050.92,5019.01
P01416,Jabón Dove Original 90g,Higiene,5985.27,5297.62,6213.49,5157.46,5344.49
P01417,Galletitas Chocolinas 170g,Panificados,7367.16,6086.12,6253.48,7311.69,6631.39
P01418,Desodorante Poett Primavera 900ml x3,Limpieza,2918.63,3499.87,3070.81,3509.94,2854.42
P01419,Pasta Dental Colgate Total 90g,Higiene,3532.88,3348.06,2821.75,3500.48,3055.33
P01420,Arroz Gallo Oro 1Kg x5,Almacén,6048.58,6368.93,5841.93,4940.11,5796.3
P01421,Fideos Matarazzo Spaghetti 500g,Almacén,5370.29,4215.08,5251.79,5453.52,4867.99
P01422,Fideos Matarazzo Spaghetti 500g,Almacén,6218.5,7096.02,6651.31,5424.98,6081.13
P01423,Jabón Dove Original 90g,Higiene,4289.72,4054.84,4481.5,4230.1,3535.19
P01424,Jabón Dove Original 90g x2,Higiene,9571.98,9557.77,7764.29,7692.26,8587.81
P01425,Cerveza Heineken 1L x5,Bebidas,4322.52,4006.87,3942.56,4009.27,3419.8
P01426,Leche La Serenísima Entera 1L,Lácteos,10909.69,11744.27,10640.94,10352.83,9547.6
P01427,Queso Rallado La Paulina 40g,Lácteos,11001.0,10378.21,11429.51,11318.01,9878.75
P01428,Aceite Natura Girasol 1.5L,Almacén,1281.2,1505.45,1485.36,1235.03,1216.7
P01429,Manteca Sancor 200g,Lácteos,3939.66,4025.27,3763.2,5113.54,4200.89
P01430,Jabón Dove Original 90g,Higiene,2188.73,1768.79,1967.64,2309.19,1839.15
P01431,Desodorante Poett Primavera 900ml,Limpieza,8454.02,7902.0,6951.55,7942.97,7093.07
P01432,Fideos Matarazzo Spaghetti 500g,Almacén,11045.01,12460.21,12656.57,11806.03,11535.71
P01433,Jugo Baggio Multifruta 1L,Bebidas,897.75,920.86,1052.86,1009.97,1022.68
P01434,Lavandina Ayudín 1L,Limpieza,12907.82,11756.8,13623.68,11741.61,11599.53
P01435,Leche Ilolay Descremada 1L,Lácteos,4566.94,4180.66,4003.02,4548.7,4671.18
P01436,Pepsi 2.25L,Bebidas,8021.06,9963.4,7883.35,8733.26,8716.37
P01437,Harina Blancaflor 1Kg,Almacén,7532.85,7160.28,6556.86,6826.54,7274.53
P01438,Aceite Natura Girasol 1.5L x3,Almacén,1276.43,1488.39,1240.01,1404.93,1267.0
P01439,Bizcochitos Don Satur 200g,Panificados,3100.96,3268.25,2856.28,2921.99,2934.55
P01440,Cerveza Heineken 1L,Bebidas,12868.07,11057.98,12974.74,9436.02,10517.52
P01441,Leche La Serenísima Entera 1L x2,Lácteos,1684.05,1511.56,1424.55,1710.05,1439.53
P01442,Suavizante Comfort 900ml,Limpieza,1190.86,1242.39,1158.13,1387.61,1428.97
P01443,Harina Blancaflor 1Kg,Almacén,11697.68,11834.6,12053.51,13147.13,11149.1
P01444,Desodorante Poett Primavera 900ml x5,Limpieza,8423.33,7326.8,7200.4,7170.23,6762.76
P01445,Jabón Dove Original 90g,Higiene,3547.71,3789.48,3543.18,2984.03,3204.95
P01446,Yerba Taragüi 1Kg,Almacén,1725.11,1908.71,1501.28,1855.48,1539.73
P01447,Yerba Taragüi 1Kg,Almacén,8225.38,7852.54,8703.11,7567.48,10391.58
P01448,Galletitas Express 170g,Panificados,9434.6,8642.83,8741.29,9152.58,9097.43
P01449,Queso Rallado La Paulina 40g x2,Lácteos,6945.77,7991.14,6537.33,6864.64,7883.54
P01450,Jugo Baggio Multifruta 1L,Bebidas,3852.0,3310.9,3134.13,3170.21,2918.49
P01451,Yogur Ser Vainilla 1Kg,Lácteos,4077.77,3857.78,4394.66,3749.62,4608.82
P01452,Leche La Serenísima Entera 1L,Lácteos,2884.27,3181.92,3084.87,3294.28,2997.13
P01453,Desodorante Rexona Hombre 150ml x2,Higiene,5112.63,4621.75,5269.1,5696.42,5522.14
P01454,Queso Cremoso Tregar 1Kg,Lácteos,11351.47,11504.52,8941.34,8942.43,11686.86
P01455,Leche La Serenísima Entera 1L x4,Lácteos,5386.88,5667.85,4952.91,6642.64,5838.53
P01456,Queso Cremoso Tregar 1Kg,Lácteos,8896.57,8841.15,9315.46,9839.67,9086.54
P01457,Pan Lactal Fargo 600g,Panificados,9998.84,9417.87,11209.46,11809.22,9181.36
P01458,Harina Blancaflor 1Kg x4,Almacén,1265.54,1349.34,1310.33,1197.76,1142.29
P01459,Arroz Gallo Oro 1Kg x3,Almacén,12176.54,12607.15,12072.57,12149.88,13460.38
P01460,Arroz Gallo Oro 1Kg,Almacén,7738.73,7889.6,7519.81,7588.8,8266.82
P01461,Leche La Serenísima Entera 1L,Lácteos,6074.92,5483.18,5878.54,6253.12,5354.85
P01462,Harina Blancaflor 1Kg,Almacén,2243.58,2568.35,2563.71,2323.55,2744.25
P01463,Yogur Ser Vainilla 1Kg,Lácteos,2292.9,3040.64,2972.9,2346.06,2529.24
P01464,Coca-Cola 2.25L x2,Bebidas,6570.27,6631.0,6134.46,6576.86,6065.52
P01465,Leche La Serenísima Entera 1L,Lácteos,2996.56,3863.12,3575.81,3808.88,3253.13
P01466,Aceite Natura Girasol 1.5L x2,Almacén,9137.57,9074.82,10215.99,9106.81,10613.64
P01467,Leche Ilolay Descremada 1L,Lácteos,1320.06,1441.72,1535.55,1323.85,1282.08
P01468,Arroz Gallo Oro 1Kg,Almacén,6434.12,6574.97,5271.47,6525.31,6468.65
P01469,Papel Higiénico Higienol 4 Rollos,Higiene,4097.85,4224.76,3947.46,4619.31,4332.28
P01470,Desodorante Rexona Hombre 150ml,Higiene,2033.64,1914.31,2139.63,2228.07,2304.81
P01471,Yerba Playadito 1Kg,Almacén,8683.6,9444.18,9095.21,9765.15,9296.1
P01472,Leche La Serenísima Entera 1L,Lácteos,4896.88,4460.89,4759.24,4755.87,4861.73
P01473,Leche La Serenísima Entera 1L,Lácteos,3215.51,3481.37,2994.3,3640.8,3347.58
P01474,Cerveza Heineken 1L x2,Bebidas,5968.8,5463.25,6696.66,6966.99,6784.35
P01475,Agua Villavicencio 2.25L,Bebidas,6891.59,8201.82,8004.06,8238.74,7499.71
P01476,Queso Cremoso Tregar 1Kg x5,Lácteos,2604.13,2636.1,3012.25,2777.27,2453.61
P01477,Desodorante Poett Primavera 900ml,Limpieza,7682.7,7594.48,5929.86,6691.46,7867.49
P01478,Cerveza Heineken 1L,Bebidas,2803.76,2896.87,2571.16,3450.54,2957.26
P01479,Galletitas Chocolinas 170g,Panificados,10110.7,10931.55,11117.77,10292.35,11170.38
P01480,Pan de Campo Bimbo 500g,Panificados,9943.14,10600.38,11111.82,10445.68,10154.3
P01481,Azúcar Ledesma 1Kg,Almacén,2003.6,2238.97,2179.56,2591.65,2395.66
P01482,Arroz Gallo Oro 1Kg,Almacén,9676.54,10775.93,11182.61,10561.17,11823.86
P01483,Pasta Dental Colgate Total 90g,Higiene,3843.7,3597.03,3177.39,3644.42,3169.45
P01484,Jabón en Polvo Ala 3Kg,Limpieza,7836.7,6266.28,7118.2,6868.54,7191.04
P01485,Galletitas Express 170g,Panificados,8259.75,8300.38,9724.84,8584.76,8193.9
P01486,Manteca Sancor 200g,Lácteos,1233.93,1556.29,1237.33,1287.22,1512.47
P01487,Yerba Playadito 1Kg,Almacén,5212.9,4870.02,5633.15,5368.17,5679.18
P01488,Manteca Sancor 200g,Lácteos,2132.68,1913.43,2209.96,2132.08,2616.98
P01489,Desodorante Rexona Hombre 150ml,Higiene,5961.89,5608.49,6221.13,4927.62,4643.9
P01490,Lavandina Ayudín 1L,Limpieza,10356.55,10850.88,8840.26,10398.79,9335.01
P01491,Leche La Serenísima Entera 1L,Lácteos,2234.31,2348.16,2693.05,2750.06,2995.9
P01492,Harina Blancaflor 1Kg,Almacén,13702.12,12512.8,13198.87,11671.8,12263.11
P01493,Leche La Serenísima Entera 1L,Lácteos,3861.59,4081.04,4711.19,3821.89,4505.78
P01494,Shampoo Pantene Restauración 400ml,Higiene,1471.75,1680.03,1635.62,1487.73,1523.34
P01495,Jabón Dove Original 90g,Higiene,10250.28,7683.76,10012.51,7851.91,8556.47
P01496,Yerba Taragüi 1Kg,Almacén,6092.25,7725.13,6576.28,8408.54,8078.29
P01497,Pan de Campo Bimbo 500g x5,Panificados,2831.82,3306.61,2955.88,3144.35,3073.33
P01498,Jugo Baggio Multifruta 1L,Bebidas,9785.7,9883.76,12679.87,11380.78,11547.04
P01499,Arroz Gallo Oro 1Kg,Almacén,2460.05,2115.17,2480.07,2647.9,2603.69
P01500,Cerveza Quilmes 1L,Bebidas,12888.82,11272.32,10736.47,11171.79,12093.98
P01501,Queso Rallado La Paulina 40g,Lácteos,4514.46,3824.19,4130.96,4210.49,4413.57
P01502,Manteca Sancor 200g,Lácteos,3439.39,2935.2,2978.19,3464.3,3301.99
P01503,Arroz Gallo Oro 1Kg,Almacén,5022.68,6479.15,5310.37,6695.63,6823.89
P01504,Yerba Taragüi 1Kg,Almacén,3451.53,3224.72,3559.14,3015.2,3448.23
P01505,Coca-Cola 2.25L,Bebidas,2188.19,2600.92,1973.83,2642.31,2467.58
P01506,Harina Blancaflor 1Kg,Almacén,7779.62,9113.73,8353.81,7610.74,8609.65
P01507,Jabón en Polvo Ala 3Kg,Limpieza,9189.27,8115.06,7811.84,9011.3,7314.18
P01508,Fideos Matarazzo Spaghetti 500g,Almacén,3326.73,2684.19,3054.83,2940.38,3369.62
P01509,Desodorante Rexona Hombre 150ml,Higiene,2137.74,2349.89,2051.0,1826.5,1836.55
P01510,Manteca Sancor 200g,Lácteos,5970.52,6952.17,5477.99,5366.87,6588.71
P01511,Cerveza Quilmes 1L,Bebidas,10342.91,11107.0,9606.73,8458.33,10945.96
P01512,Leche Ilolay Descremada 1L,Lácteos,1592.67,1769.99,1780.18,1914.57,1666.47
P01513,Bizcochitos Don Satur 200g,Panificados,2539.33,2849.0,2224.71,2110.8,2495.63
P01514,Suavizante Comfort 900ml,Limpieza,9440.92,11427.98,10362.59,9414.62,10664.02
P01515,Suavizante Comfort 900ml,Limpieza,8952.05,8502.04,8557.19,7610.13,7679.86
P01516,Agua Villavicencio 2.25L,Bebidas,2233.74,2157.16,2635.98,2301.68,2569.79
P01517,Jabón en Polvo Ala 3Kg,Limpieza,9785.84,9325.93,11470.56,11956.19,9391.19
P01518,Shampoo Pantene Restauración 400ml,Higiene,10162.43,11397.61,12288.7,13305.27,13177.84
P01519,Yerba Taragüi 1Kg,Almacén,5595.62,5506.06,4697.45,4867.67,5172.5
P01520,Leche Ilolay Descremada 1L,Lácteos,6073.14,5719.32,6460.89,4898.69,6242.42
P01521,Detergente Magistral Limón 750ml,Limpieza,7689.23,6854.32,6540.79,6703.38,6052.7
P01522,Leche Ilolay Descremada 1L,Lácteos,3333.21,3961.6,4270.69,4464.53,3667.11
P01523,Desodorante Poett Primavera 900ml,Limpieza,12025.1,10641.4,11481.98,11676.67,9430.12
P01524,Desodorante Rexona Hombre 150ml,Higiene,2107.52,1885.66,1758.68,2039.08,1907.03
P01525,Harina Blancaflor 1Kg,Almacén,5292.06,5382.66,5568.48,4784.29,5549.31
P01526,Lavandina Ayudín 1L,Limpieza,6224.06,7123.47,7677.14,7367.95,7329.45
P01527,Arroz Gallo Oro 1Kg,Almacén,1515.57,1514.27,1598.0,1544.9,1517.94
P01528,Cerveza Quilmes 1L,Bebidas,6383.21,5707.66,5223.9,6768.73,5782.48
P01529,Azúcar Ledesma 1Kg x4,Almacén,785.51,718.45,771.68,939.3,922.62
P01530,Pan Lactal Fargo 600g,Panificados,2987.08,2736.21,2834.16,3111.68,2589.27
P01531,Bizcochitos Don Satur 200g,Panificados,2479.18,2846.84,2351.55,2876.35,2236.43
P01532,Pan de Campo Bimbo 500g,Panificados,4399.63,4233.55,4667.59,4627.15,3746.85
P01533,Jabón en Polvo Ala 3Kg,Limpieza,6006.02,6851.09,7000.1,7162.79,7296.52
P01534,Yerba Playadito 1Kg,Almacén,9562.62,11199.38,9270.62,11678.01,11616.85
P01535,Galletitas Express 170g x3,Panificados,4427.47,5298.77,5210.7,5265.19,4827.48
P01536,Galletitas Chocolinas 170g,Panificados,3963.92,3395.37,4050.05,4204.71,3783.56
P01537,Suavizante Comfort 900ml,Limpieza,4133.04,3692.59,3202.12,3802.56,4220.0
P01538,Pepsi 2.25L,Bebidas,8515.06,8557.73,6505.38,8739.71,6507.55
P01539,Jabón Dove Original 90g,Higiene,11728.79,9214.24,9805.32,9141.45,11516.51
P01540,Azúcar Ledesma 1Kg,Almacén,3324.43,4459.31,3987.87,3745.23,4149.82
P01541,Harina Blancaflor 1Kg,Almacén,10245.97,10526.94,8938.48,11662.35,9759.71
P01542,Yogur Ser Vainilla 1Kg,Lácteos,2324.75,2117.55,1683.45,1765.2,2217.93
P01543,Cerveza Quilmes 1L,Bebidas,1455.43,1605.6,1749.76,1564.79,1679.06
P01544,Lavandina Ayudín 1L,Limpieza,6101.7,6207.37,4550.65,6121.66,4906.1
P01545,Shampoo Pantene Restauración 400ml,Higiene,8911.33,7793.1,8857.06,7527.39,8405.04
P01546,Fideos Matarazzo Spaghetti 500g,Almacén,794.04,1056.44,982.36,1055.35,786.38
P01547,Queso Cremoso Tregar 1Kg,Lácteos,2849.93,2511.46,2893.15,2687.35,2662.02
P01548,Queso Rallado La Paulina 40g,Lácteos,10442.53,12340.28,12296.31,10010.9,12336.99
P01549,Coca-Cola 2.25L,Bebidas,6612.89,9104.81,8363.51,6945.42,6958.67
P01550,Suavizante Comfort 900ml,Limpieza,9171.08,11049.36,8985.09,10490.61,11065.05
P01551,Cerveza Quilmes 1L,Bebidas,3472.61,3668.96,3011.15,3877.72,3787.15
P01552,Cerveza Quilmes 1L,Bebidas,11659.71,10006.27,12436.35,9960.77,12885.09
P01553,Desodorante Poett Primavera 900ml,Limpieza,3303.78,2956.7,3470.78,3556.72,3901.42
P01554,Queso Rallado La Paulina 40g x3,Lácteos,5352.68,5054.31,6456.32,6577.93,6586.73
P01555,Manteca Sancor 200g,Lácteos,7167.51,6502.75,7234.96,6491.06,8731.16
P01556,Leche La Serenísima Entera 1L,Lácteos,6678.12,5964.29,6465.15,5782.13,5455.13
P01557,Desodorante Poett Primavera 900ml,Limpieza,4395.99,4782.5,3786.75,3770.65,4404.81
P01558,Suavizante Comfort 900ml,Limpieza,3768.78,2888.98,3428.9,3097.5,2865.72
P01559,Pasta Dental Colgate Total 90g,Higiene,3492.45,3107.93,3081.52,3059.9,3024.11
P01560,Pan de Campo Bimbo 500g,Panificados,5372.24,5369.64,5417.38,5270.36,5576.99
P01561,Jabón en Polvo Ala 3Kg,Limpieza,3264.39,2798.03,3170.48,3029.2,3053.86
P01562,Arroz Gallo Oro 1Kg,Almacén,1271.0,1444.61,1272.41,1313.56,1475.97
P01563,Cerveza Quilmes 1L,Bebidas,6654.77,7140.11,6009.69,5441.2,6109.6
P01564,Harina Blancaflor 1Kg,Almacén,3587.29,3158.43,3886.34,4124.26,3453.36
P01565,Aceite Natura Girasol 1.5L,Almacén,7333.61,7416.14,9949.26,7629.43,7349.62
P01566,Pepsi 2.25L,Bebidas,9055.36,9219.12,9244.54,9159.76,9691.28
P01567,Bizcochitos Don Satur 200g,Panificados,5775.8,4657.06,5293.7,6203.86,5082.3
P01568,Azúcar Ledesma 1Kg,Almacén,6053.83,6211.17,7186.83,7120.23,7162.13
P01569,Galletitas Express 170g,Panificados,3120.88,2774.67,2999.01,3186.8,3459.64
P01570,Detergente Magistral Limón 750ml,Limpieza,11674.34,10924.58,9759.55,10735.23,9019.19
P01571,Arroz Gallo Oro 1Kg,Almacén,3049.59,2219.84,2860.8,2478.74,2364.73
P01572,Leche La Serenísima Entera 1L x4,Lácteos,2343.08,2263.83,1925.04,2031.02,2145.86
P01573,Azúcar Ledesma 1Kg,Almacén,2140.55,2490.77,1819.0,2270.15,2445.96
P01574,Yerba Playadito 1Kg,Almacén,9046.1,8825.4,7999.75,8759.94,6849.16
P01575,Leche La Serenísima Entera 1L,Lácteos,6545.49,5699.65,5134.32,5433.84,6410.02
P01576,Galletitas Chocolinas 170g,Panificados,3217.03,2933.15,3617.06,3414.38,3450.15
P01577,Cerveza Heineken 1L,Bebidas,9783.11,9266.68,10985.03,10469.95,8570.04
P01578,Fideos Matarazzo Spaghetti 500g x2,Almacén,6661.34,6643.52,8580.09,8420.53,6881.07
P01579,Pasta Dental Colgate Total 90g,Higiene,6796.38,7092.74,7031.44,9191.42,9383.47
P01580,Pasta Dental Colgate Total 90g,Higiene,5895.96,5330.9,6787.09,6911.29,5623.62
P01581,Manteca Sancor 200g,Lácteos,8943.58,8360.9,8327.11,6832.21,7917.45
P01582,Fideos Matarazzo Spaghetti 500g,Almacén,3208.59,4150.24,3155.41,3882.84,3936.12
P01583,Jugo Baggio Multifruta 1L x4,Bebidas,3254.14,4217.75,3508.24,4003.77,4147.71
P01584,Suavizante Comfort 900ml,Limpieza,5382.01,5945.2,7060.06,5724.98,6207.8
P01585,Pan Lactal Fargo 600g,Panificados,9299.16,10828.8,11016.88,9685.1,10666.08
P01586,Agua Villavicencio 2.25L,Bebidas,1138.76,1313.29,1299.0,1134.43,998.38
P01587,Yerba Playadito 1Kg,Almacén,8777.24,10657.87,9168.91,9694.9,8231.0
P01588,Manteca Sancor 200g x2,Lácteos,2664.0,3316.67,3171.25,2871.24,3468.3
P01589,Papel Higiénico Higienol 4 Rollos,Higiene,9060.16,10031.72,7956.68,7988.63,8205.81
P01590,Jabón Dove Original 90g,Higiene,6815.87,5740.54,6116.83,5723.2,6571.74
P01591,Leche La Serenísima Entera 1L,Lácteos,2946.42,2731.33,3075.87,2541.62,2662.0
P01592,Arroz Gallo Oro 1Kg,Almacén,4248.44,3685.12,4313.35,4765.5,4210.1
P01593,Jugo Baggio Multifruta 1L,Bebidas,9947.73,11709.2,10174.27,12318.86,12491.96
P01594,Leche La Serenísima Entera 1L,Lácteos,3499.77,3320.77,2707.8,3170.75,3379.78
P01595,Shampoo Pantene Restauración 400ml,Higiene,1103.55,1511.17,1224.11,1167.32,1190.23
P01596,Cerveza Quilmes 1L,Bebidas,7826.89,7000.3,6907.17,6504.14,6203.2
P01597,Pepsi 2.25L,Bebidas,5252.74,5463.14,6507.47,4774.9,5313.18
P01598,Jabón Dove Original 90g,Higiene,5737.15,5881.57,5659.23,6349.6,6079.21
P01599,Yerba Taragüi 1Kg x3,Almacén,2619.58,3060.04,2631.22,2573.07,2907.66
P01600,Leche La Serenísima Entera 1L x4,Lácteos,1374.91,1730.78,1405.04,1544.94,1597.52
P01601,Bizcochitos Don Satur 200g,Panificados,2446.78,2677.58,2962.22,3286.6,2681.02
P01602,Papel Higiénico Higienol 4 Rollos,Higiene,961.53,958.53,1025.91,931.11,1050.56
P01603,Detergente Magistral Limón 750ml,Limpieza,9801.93,12861.3,10780.77,10967.14,10202.81
P01604,Cerveza Heineken 1L,Bebidas,3249.95,2843.04,3343.51,3431.8,2908.57
P01605,Aceite Natura Girasol 1.5L,Almacén,6494.28,6915.5,5157.33,6302.83,5234.87
P01606,Yerba Taragüi 1Kg,Almacén,1166.45,1402.76,1535.04,1198.22,1278.54
P01607,Jabón en Polvo Ala 3Kg,Limpieza,3962.23,5085.13,4769.1,4926.1,5222.47
P01608,Desodorante Poett Primavera 900ml,Limpieza,2233.97,2364.08,2614.79,2204.12,2216.89
P01609,Leche Ilolay Descremada 1L,Lácteos,9777.35,11289.02,12025.53,11158.81,11167.32
P01610,Manteca Sancor 200g,Lácteos,7912.59,6874.39,7113.57,6371.12,7009.1
P01611,Cerveza Heineken 1L,Bebidas,8473.06,9349.02,9053.89,10947.71,11006.11
P01612,Queso Cremoso Tregar 1Kg,Lácteos,6864.01,6994.75,6163.2,6369.97,5934.47
P01613,Suavizante Comfort 900ml,Limpieza,4686.35,5379.34,6201.41,6058.13,6132.35
P01614,Yogur Ser Vainilla 1Kg,Lácteos,3231.19,2654.01,3050.33,3418.29,3262.13
P01615,Jugo Baggio Multifruta 1L,Bebidas,4352.79,4899.87,5150.38,4396.79,4516.41
P01616,Leche La Serenísima Entera 1L,Lácteos,3281.38,3290.44,4032.41,4006.31,3242.23
P01617,Pasta Dental Colgate Total 90g,Higiene,11072.85,12774.42,13241.11,12697.28,13157.19
P01618,Jabón Dove Original 90g x3,Higiene,1553.79,1555.55,1563.91,1453.76,1666.97
P01619,Suavizante Comfort 900ml,Limpieza,1235.08,1235.4,1017.23,978.22,1094.77
P01620,Pan Lactal Fargo 600g,Panificados,5326.24,5281.75,5136.89,4801.69,4659.71
P01621,Queso Cremoso Tregar 1Kg,Lácteos,10812.48,11310.53,10809.84,8845.12,9685.54
P01622,Suavizante Comfort 900ml x2,Limpieza,8730.67,8891.08,9101.54,9789.97,8017.81
P01623,Coca-Cola 2.25L,Bebidas,7187.0,8456.0,8233.09,8136.96,6532.56
P01624,Queso Rallado La Paulina 40g,Lácteos,3447.83,2708.13,2553.77,2935.01,3186.3
P01625,Yerba Playadito 1Kg x2,Almacén,2810.27,2947.6,2603.13,2762.42,3491.64
P01626,Pan de Campo Bimbo 500g,Panificados,11401.01,11431.4,10248.88,11249.19,10786.67
P01627,Queso Cremoso Tregar 1Kg x4,Lácteos,2335.52,2189.67,2300.58,2397.48,2297.13
P01628,Detergente Magistral Limón 750ml,Limpieza,2881.24,2453.21,2288.45,2386.97,3038.32
P01629,Jabón en Polvo Ala 3Kg,Limpieza,7493.03,7534.65,7005.86,7122.8,7207.49
P01630,Leche Ilolay Descremada 1L,Lácteos,8470.57,10668.83,9675.06,8791.79,9124.47
P01631,Papel Higiénico Higienol 4 Rollos,Higiene,7648.0,8051.62,8733.37,9926.38,7939.26
P01632,Detergente Magistral Limón 750ml,Limpieza,3599.92,4342.09,3711.02,3535.56,4163.92
P01633,Queso Rallado La Paulina 40g,Lácteos,7724.58,7145.47,6830.77,8131.59,6155.25
P01634,Yerba Taragüi 1Kg,Almacén,2147.69,1928.4,1669.92,1691.3,2073.23
P01635,Suavizante Comfort 900ml,Limpieza,3188.6,3230.1,3943.48,3888.68,3642.67
P01636,Arroz Gallo Oro 1Kg x2,Almacén,9579.0,7892.65,9805.86,10058.23,7425.02
P01637,Pepsi 2.25L,Bebidas,6152.38,5208.51,5959.08,5694.19,6522.34
P01638,Yogur Ser Vainilla 1Kg x3,Lácteos,6773.1,7644.72,7917.11,6504.99,7654.89
P01639,Galletitas Express 170g,Panificados,1429.67,1579.96,1803.98,1391.21,1691.29
P01640,Manteca Sancor 200g,Lácteos,10616.5,13061.39,13383.82,13141.42,10594.57
P01641,Fideos Matarazzo Spaghetti 500g,Almacén,10557.22,10582.21,11340.0,11382.4,10161.02
P01642,Shampoo Pantene Restauración 400ml,Higiene,7391.82,6563.23,7319.05,8603.59,7223.41
P01643,Yogur Ser Vainilla 1Kg,Lácteos,11689.35,10658.88,10099.22,12485.2,11178.37
P01644,Shampoo Pantene Restauración 400ml,Higiene,4806.76,5028.73,4327.76,4302.86,4201.41
P01645,Pan Lactal Fargo 600g,Panificados,7363.68,7290.03,8110.53,6761.71,8413.23
P01646,Queso Rallado La Paulina 40g,Lácteos,10110.51,11469.84,10421.54,11053.03,9750.02
P01647,Azúcar Ledesma 1Kg x5,Almacén,934.15,765.31,836.45,900.83,803.73
P01648,Pan de Campo Bimbo 500g,Panificados,1128.0,1145.26,1116.64,1255.65,954.02
P01649,Azúcar Ledesma 1Kg x4,Almacén,7342.85,7933.39,8038.6,7546.41,6648.86
P01650,Queso Rallado La Paulina 40g,Lácteos,10191.22,10014.74,9494.4,10304.02,10447.39
P01651,Leche Ilolay Descremada 1L,Lácteos,9243.78,10818.32,11081.2,11177.55,9274.62
P01652,Queso Rallado La Paulina 40g,Lácteos,2690.87,2320.73,2382.14,2936.95,2436.78
P01653,Harina Blancaflor 1Kg,Almacén,7448.33,7833.48,8910.14,7685.35,8945.79
P01654,Suavizante Comfort 900ml,Limpieza,8521.66,8495.11,10241.5,9377.08,7823.3
P01655,Aceite Natura Girasol 1.5L,Almacén,5192.94,4582.85,4277.81,5595.9,5133.64
P01656,Fideos Matarazzo Spaghetti 500g x2,Almacén,3993.76,3748.88,3167.76,2970.5,3616.95
P01657,Fideos Matarazzo Spaghetti 500g,Almacén,3037.9,3155.31,3429.87,3257.86,3181.31
P01658,Galletitas Express 170g,Panificados,5253.91,5904.74,6193.44,5157.75,5416.37
P01659,Arroz Gallo Oro 1Kg,Almacén,5889.68,6146.66,6495.98,7096.09,6360.3
P01660,Agua Villavicencio 2.25L,Bebidas,13161.82,12047.37,11142.42,9670.0,10028.69
P01661,Cerveza Heineken 1L,Bebidas,4869.26,5622.32,5455.93,4443.53,4792.91
P01662,Yerba Playadito 1Kg,Almacén,10846.34,11024.34,9938.55,11981.57,13106.29
P01663,Harina Blancaflor 1Kg x4,Almacén,9686.66,11608.04,9401.22,10920.54,9629.94
P01664,Pan de Campo Bimbo 500g,Panificados,9088.75,8309.98,7887.4,9317.88,9589.79
P01665,Cerveza Quilmes 1L,Bebidas,11356.04,9095.66,11508.2,10697.78,9725.33
P01666,Pasta Dental Colgate Total 90g,Higiene,3239.91,2918.59,3514.45,3577.83,3177.03
P01667,Aceite Natura Girasol 1.5L x2,Almacén,2456.61,2911.56,2522.21,2431.94,3243.14
P01668,Queso Cremoso Tregar 1Kg,Lácteos,3001.97,3054.97,3174.48,3124.73,2641.61
P01669,Pepsi 2.25L,Bebidas,1480.78,1583.56,2011.02,1563.75,1481.94
P01670,Agua Villavicencio 2.25L,Bebidas,8496.76,10638.1,10550.65,10220.84,10546.04
P01671,Arroz Gallo Oro 1Kg,Almacén,11147.76,10381.02,10608.54,12446.62,12827.55
P01672,Yerba Playadito 1Kg,Almacén,5987.65,5196.63,5755.85,4995.13,4880.33
P01673,Bizcochitos Don Satur 200g,Panificados,4241.39,4349.88,4729.84,4270.29,4717.24
P01674,Queso Rallado La Paulina 40g x5,Lácteos,8115.1,7228.56,6677.95,6826.77,7399.84
P01675,Fideos Matarazzo Spaghetti 500g,Almacén,3801.05,4047.63,3398.54,4149.4,4484.21
P01676,Manteca Sancor 200g x3,Lácteos,11915.79,9923.77,10358.14,10237.45,9526.86
P01677,Agua Villavicencio 2.25L,Bebidas,10768.14,13003.31,10441.19,11629.81,10169.68
P01678,Shampoo Pantene Restauración 400ml,Higiene,7022.79,7119.37,7318.23,6776.11,6099.85
P01679,Harina Blancaflor 1Kg x2,Almacén,11733.61,13733.21,13194.88,10329.59,12493.81
P01680,Jabón Dove Original 90g,Higiene,12284.35,10648.17,12735.06,12770.44,11015.68
P01681,Manteca Sancor 200g,Lácteos,8046.57,7484.84,7202.05,9030.67,7455.3
P01682,Agua Villavicencio 2.25L,Bebidas,9948.41,12803.07,10623.25,10731.96,12590.01
P01683,Coca-Cola 2.25L,Bebidas,638.87,785.71,790.62,778.75,637.68
P01684,Leche Ilolay Descremada 1L,Lácteos,1570.36,1638.82,1615.84,1871.85,2030.09
P01685,Agua Villavicencio 2.25L,Bebidas,5844.57,4914.23,4394.9,5287.15,4456.33
P01686,Harina Blancaflor 1Kg,Almacén,4906.24,5003.88,4893.12,5706.02,4280.15
P01687,Papel Higiénico Higienol 4 Rollos x5,Higiene,10107.15,9411.01,9559.87,9536.11,11048.76
P01688,Suavizante Comfort 900ml,Limpieza,678.8,701.37,837.34,846.59,721.03
P01689,Papel Higiénico Higienol 4 Rollos,Higiene,835.56,830.99,936.68,1053.12,873.95
P01690,Agua Villavicencio 2.25L,Bebidas,1318.32,1401.52,1602.5,1335.96,1227.1
P01691,Pan de Campo Bimbo 500g,Panificados,7921.14,8287.57,6831.29,7784.07,6731.29
P01692,Shampoo Pantene Restauración 400ml x3,Higiene,7301.65,7031.25,6356.9,7832.25,6888.26
P01693,Yogur Ser Vainilla 1Kg,Lácteos,10725.32,9769.15,12534.8,9533.18,11145.5
P01694,Detergente Magistral Limón 750ml,Limpieza,7661.46,7778.53,9369.15,7588.21,9412.59
P01695,Coca-Cola 2.25L,Bebidas,9121.34,7839.46,7213.68,8920.93,7937.52
P01696,Coca-Cola 2.25L x4,Bebidas,5297.84,5141.67,4808.95,4040.05,5213.92
P01697,Pan Lactal Fargo 600g x2,Panificados,1437.72,1581.24,1583.33,1900.66,1574.91
P01698,Agua Villavicencio 2.25L,Bebidas,11016.76,12401.82,11578.8,10617.04,11289.22
P01699,Queso Cremoso Tregar 1Kg,Lácteos,10834.77,8912.93,9766.89,11117.72,10121.92
P01700,Harina Blancaflor 1Kg,Almacén,11086.56,11254.45,11487.66,9169.33,11598.5
P01701,Pan Lactal Fargo 600g,Panificados,1090.14,1076.09,1087.56,1062.57,1000.07
P01702,Desodorante Poett Primavera 900ml,Limpieza,4016.44,4494.91,4668.87,3587.36,3596.73
P01703,Desodorante Poett Primavera 900ml,Limpieza,2858.09,2642.08,3075.11,2910.77,3341.35
P01704,Queso Rallado La Paulina 40g,Lácteos,6101.75,5283.88,5436.37,4634.54,4576.26
P01705,Yerba Taragüi 1Kg,Almacén,6286.68,6588.26,5421.07,6431.67,5282.69
P01706,Azúcar Ledesma 1Kg,Almacén,856.78,712.72,885.93,747.7,755.94
P01707,Fideos Matarazzo Spaghetti 500g,Almacén,10118.16,12055.77,10863.48,12808.42,9807.04
P01708,Yogur Ser Vainilla 1Kg,Lácteos,11768.03,12572.01,9862.42,11870.79,12125.42
P01709,Papel Higiénico Higienol 4 Rollos,Higiene,5484.42,5010.46,4603.46,5932.85,5320.6
P01710,Cerveza Quilmes 1L,Bebidas,1562.05,1300.99,1680.92,1673.81,1647.79
P01711,Desodorante Rexona Hombre 150ml,Higiene,3411.36,3344.57,3963.24,3385.19,3934.24
P01712,Manteca Sancor 200g,Lácteos,3739.72,4774.98,4010.96,4712.58,5040.3
P01713,Manteca Sancor 200g,Lácteos,1841.06,1481.39,1614.85,1532.22,1626.73
P01714,Leche Ilolay Descremada 1L,Lácteos,2407.1,2454.54,2370.28,2281.9,2377.94
P01715,Manteca Sancor 200g,Lácteos,11728.75,10520.28,10377.64,12471.85,13060.07
P01716,Detergente Magistral Limón 750ml x3,Limpieza,2279.82,2444.75,2242.76,2124.12,2466.54
P01717,Coca-Cola 2.25L,Bebidas,9808.7,10493.02,10246.78,9711.03,7610.13
P01718,Desodorante Poett Primavera 900ml,Limpieza,6306.06,7467.35,7542.41,7583.96,6399.63
P01719,Desodorante Poett Primavera 900ml,Limpieza,8757.59,8453.34,7561.05,7360.52,7134.81
P01720,Jugo Baggio Multifruta 1L,Bebidas,7162.87,6530.25,6261.25,6666.7,6818.33
P01721,Bizcochitos Don Satur 200g x3,Panificados,9098.55,11405.6,9493.74,10857.14,11904.47
P01722,Shampoo Pantene Restauración 400ml,Higiene,6520.78,5669.2,5986.49,7151.48,6165.18
P01723,Harina Blancaflor 1Kg,Almacén,11340.82,12161.19,11615.28,12104.25,11561.7
P01724,Pan Lactal Fargo 600g,Panificados,5132.91,5505.75,4986.29,5505.26,5222.15
P01725,Coca-Cola 2.25L x2,Bebidas,7752.04,7239.56,7800.99,6424.38,6261.18
P01726,Jabón Dove Original 90g,Higiene,4464.82,4704.25,4762.63,4421.53,4245.99
P01727,Cerveza Quilmes 1L,Bebidas,8708.43,8997.96,9580.29,8379.62,10358.05
P01728,Shampoo Pantene Restauración 400ml,Higiene,687.78,786.79,811.63,670.79,737.86
P01729,Detergente Magistral Limón 750ml,Limpieza,5929.59,5855.99,6867.39,6386.65,6683.17
P01730,Queso Cremoso Tregar 1Kg,Lácteos,2057.1,2030.56,2244.99,1953.5,2582.18
P01731,Pan de Campo Bimbo 500g,Panificados,9152.19,8863.08,8957.4,9038.67,8629.94
P01732,Bizcochitos Don Satur 200g,Panificados,8556.95,10484.11,10485.4,8310.08,8029.75
P01733,Leche La Serenísima Entera 1L,Lácteos,10636.24,11481.07,12825.88,10885.83,12226.83
P01734,Yogur Ser Vainilla 1Kg,Lácteos,10025.41,10588.66,9426.82,11588.61,11558.36
P01735,Cerveza Quilmes 1L,Bebidas,4324.18,4268.01,3861.92,5084.69,4467.59
P01736,Pan de Campo Bimbo 500g x2,Panificados,10343.84,10087.56,10046.32,8465.27,10231.62
P01737,Queso Cremoso Tregar 1Kg x2,Lácteos,5671.65,7268.2,6590.7,6764.12,6578.92
P01738,Azúcar Ledesma 1Kg,Almacén,4572.72,4203.67,4960.7,5445.33,4045.13
P01739,Galletitas Chocolinas 170g,Panificados,901.62,971.72,1246.28,927.53,1042.23
P01740,Azúcar Ledesma 1Kg,Almacén,6551.35,5662.01,6614.38,6747.15,6424.64
P01741,Yerba Playadito 1Kg,Almacén,11054.4,9416.51,12418.24,10004.88,12179.12
P01742,Desodorante Poett Primavera 900ml,Limpieza,8138.4,7971.65,8663.79,7609.1,8782.12
P01743,Jugo Baggio Multifruta 1L,Bebidas,1419.02,1581.05,1612.18,1653.07,1631.77
P01744,Agua Villavicencio 2.25L,Bebidas,862.68,819.33,702.5,835.73,762.07
P01745,Jugo Baggio Multifruta 1L,Bebidas,7921.88,7400.34,6724.33,7209.53,7487.34
P01746,Pepsi 2.25L,Bebidas,1438.01,1354.06,1416.61,1228.81,1145.22
P01747,Leche La Serenísima Entera 1L,Lácteos,7446.43,6775.5,8172.22,7228.97,7988.57
P01748,Desodorante Poett Primavera 900ml,Limpieza,4792.6,4842.53,4639.64,4107.14,4963.85
P01749,Cerveza Heineken 1L,Bebidas,11325.26,9876.89,10723.53,9730.04,11350.82
P01750,Pepsi 2.25L x5,Bebidas,6371.19,6399.67,6540.25,5673.92,6400.58
P01751,Jabón en Polvo Ala 3Kg,Limpieza,9975.72,8583.02,10206.21,7728.66,10246.52
P01752,Pan Lactal Fargo 600g,Panificados,6513.45,6346.55,7659.84,6928.68,6481.37
P01753,Detergente Magistral Limón 750ml,Limpieza,4645.58,5628.55,5936.81,5305.48,4461.46
P01754,Pan Lactal Fargo 600g,Panificados,9889.92,9870.03,8655.73,10741.04,10735.72
P01755,Bizcochitos Don Satur 200g,Panificados,3367.77,3518.34,3571.58,3623.58,4613.35
P01756,Desodorante Rexona Hombre 150ml,Higiene,10444.17,10898.42,11626.93,12209.74,10955.6
P01757,Desodorante Poett Primavera 900ml,Limpieza,5092.69,6401.48,4815.78,5410.68,4875.18
P01758,Jabón Dove Original 90g,Higiene,1758.55,1287.66,1568.33,1549.74,1694.94
P01759,Coca-Cola 2.25L,Bebidas,8276.12,9135.84,10699.81,9814.18,10375.4
P01760,Leche Ilolay Descremada 1L,Lácteos,3358.11,3423.98,4086.04,3802.55,3622.69
P01761,Fideos Matarazzo Spaghetti 500g,Almacén,11014.57,11507.72,8859.31,10759.85,9912.36
P01762,Galletitas Express 170g,Panificados,9885.16,9260.45,10120.13,10186.14,9563.63
P01763,Manteca Sancor 200g x2,Lácteos,5287.37,4841.11,5382.36,5338.21,5104.75
P01764,Queso Cremoso Tregar 1Kg,Lácteos,2209.16,2023.63,1673.04,2111.12,2068.72
P01765,Jabón Dove Original 90g,Higiene,8720.9,9717.94,9168.55,7885.9,8590.09
P01766,Fideos Matarazzo Spaghetti 500g,Almacén,3668.15,3055.57,3899.04,3350.74,3799.38
P01767,Arroz Gallo Oro 1Kg x2,Almacén,3743.26,4400.81,3924.32,3438.39,4454.11
P01768,Galletitas Express 170g,Panificados,6922.4,7467.17,8599.38,7900.25,6650.96
P01769,Jabón Dove Original 90g,Higiene,3730.02,3638.16,4193.66,3966.35,4211.24
P01770,Aceite Natura Girasol 1.5L,Almacén,11935.05,10017.16,12011.25,9116.4,9438.56
P01771,Arroz Gallo Oro 1Kg,Almacén,10725.79,11088.09,9836.32,10195.74,8988.18
P01772,Leche La Serenísima Entera 1L,Lácteos,4884.42,5279.3,4653.15,6018.43,6181.15
P01773,Bizcochitos Don Satur 200g,Panificados,12450.45,12439.57,11128.23,11904.51,11381.02
P01774,Queso Cremoso Tregar 1Kg,Lácteos,1194.57,1300.97,1415.75,1209.85,1345.74
P01775,Agua Villavicencio 2.25L,Bebidas,9302.78,9480.05,9306.79,9339.56,9603.42
P01776,Lavandina Ayudín 1L,Limpieza,3860.27,4237.45,4374.05,4169.26,4531.45
P01777,Aceite Natura Girasol 1.5L,Almacén,5574.51,4865.28,5602.11,5814.94,5266.08
P01778,Azúcar Ledesma 1Kg,Almacén,6315.05,5416.56,4906.66,6393.31,5608.13
P01779,Galletitas Express 170g,Panificados,4334.62,4492.76,3911.44,3543.6,3611.47
P01780,Jugo Baggio Multifruta 1L,Bebidas,3209.34,2691.77,3258.24,3282.98,2568.5
P01781,Suavizante Comfort 900ml,Limpieza,8574.07,10916.52,9067.44,8520.47,8412.48
P01782,Yogur Ser Vainilla 1Kg x5,Lácteos,2687.21,2777.14,2619.5,2921.79,2325.1
P01783,Jugo Baggio Multifruta 1L x2,Bebidas,1044.08,1083.92,1023.39,1005.62,893.41
P01784,Desodorante Rexona Hombre 150ml x4,Higiene,7660.81,6313.09,6274.31,7360.02,6373.75
P01785,Galletitas Express 170g,Panificados,10623.04,10317.78,12942.01,12010.65,10933.45
P01786,Papel Higiénico Higienol 4 Rollos,Higiene,9450.69,8538.39,9118.82,10036.95,9247.16
P01787,Detergente Magistral Limón 750ml,Limpieza,7130.27,7455.65,6437.52,6656.43,6557.75
P01788,Yogur Ser Vainilla 1Kg,Lácteos,1052.94,931.05,1018.42,1073.65,967.48
P01789,Detergente Magistral Limón 750ml,Limpieza,7646.13,7572.1,7999.2,8437.44,7831.81
P01790,Suavizante Comfort 900ml,Limpieza,5092.23,5953.81,6343.05,6500.36,6108.21
P01791,Yerba Playadito 1Kg,Almacén,5439.45,5283.06,4843.53,5026.26,5189.64
P01792,Jabón Dove Original 90g x5,Higiene,7175.41,8764.24,7297.65,9276.32,8771.94
P01793,Yerba Taragüi 1Kg,Almacén,2559.72,2544.54,2593.6,2792.77,2508.76
P01794,Suavizante Comfort 900ml,Limpieza,8351.72,9176.62,6826.4,7421.13,8569.91
P01795,Cerveza Quilmes 1L x5,Bebidas,872.36,936.91,990.22,770.5,839.45
P01796,Yogur Ser Vainilla 1Kg x2,Lácteos,3820.73,4863.16,3908.42,3887.1,4488.21
P01797,Pepsi 2.25L x5,Bebidas,1492.08,1589.36,1301.85,1488.85,1486.0
P01798,Detergente Magistral Limón 750ml,Limpieza,3438.36,2798.58,3529.86,3350.74,3553.15
P01799,Detergente Magistral Limón 750ml,Limpieza,3870.9,3444.09,3473.63,3946.23,4685.31
P01800,Desodorante Rexona Hombre 150ml,Higiene,7731.15,8614.89,7627.85,9524.82,10194.65
P01801,Jabón Dove Original 90g x2,Higiene,4872.29,3617.0,4549.68,3857.68,4795.2
P01802,Yerba Playadito 1Kg,Almacén,7231.12,7509.68,8554.62,8150.09,8663.28
P01803,Harina Blancaflor 1Kg,Almacén,7667.27,6722.49,7090.96,7169.23,7485.7
P01804,Detergente Magistral Limón 750ml x3,Limpieza,12215.5,9477.89,11002.37,11374.72,10340.89
P01805,Cerveza Quilmes 1L,Bebidas,6580.71,5886.17,6729.59,6213.7,5547.12
P01806,Yerba Playadito 1Kg,Almacén,3865.74,4635.73,3852.44,4846.45,4750.85
P01807,Azúcar Ledesma 1Kg,Almacén,10458.98,8657.96,8100.21,7736.82,8526.87
P01808,Cerveza Heineken 1L,Bebidas,967.39,1056.05,1089.21,1011.58,832.93
P01809,Jabón en Polvo Ala 3Kg,Limpieza,10408.32,10851.01,8551.12,10211.12,8040.22
P01810,Yerba Playadito 1Kg,Almacén,3253.87,3378.37,3941.58,3192.7,3830.26
P01811,Leche La Serenísima Entera 1L x5,Lácteos,10758.89,11123.98,8448.02,10569.11,9921.6
P01812,Pan de Campo Bimbo 500g,Panificados,2559.37,2302.56,2280.48,2754.44,2487.3
P01813,Jugo Baggio Multifruta 1L,Bebidas,11727.1,10743.18,12689.02,13723.41,13502.75
P01814,Papel Higiénico Higienol 4 Rollos,Higiene,3292.58,2788.44,3496.56,2860.75,3253.47
P01815,Manteca Sancor 200g,Lácteos,3699.94,3822.45,3109.04,3656.42,3374.62
P01816,Queso Rallado La Paulina 40g,Lácteos,10428.38,10949.46,10889.56,8002.48,9865.21
P01817,Yogur Ser Vainilla 1Kg,Lácteos,6714.21,7102.71,7214.07,6486.83,6435.02
P01818,Leche La Serenísima Entera 1L,Lácteos,4239.35,3748.21,4042.85,4578.14,5159.71
P01819,Shampoo Pantene Restauración 400ml x2,Higiene,3244.8,2591.89,2936.94,2385.75,2812.47
P01820,Jabón Dove Original 90g x4,Higiene,3889.03,4587.38,5192.42,4517.32,4583.81
P01821,Leche Ilolay Descremada 1L,Lácteos,3779.03,3090.4,3180.77,3715.08,2980.35
P01822,Queso Rallado La Paulina 40g x2,Lácteos,10540.96,10330.1,9485.08,9149.38,9124.87
P01823,Yerba Playadito 1Kg x4,Almacén,10845.09,11247.28,9079.04,9507.5,9391.1
P01824,Yerba Playadito 1Kg,Almacén,1978.46,1673.56,2039.75,1616.88,1543.21
P01825,Yogur Ser Vainilla 1Kg,Lácteos,2224.76,2460.31,2596.52,2422.89,2270.86
P01826,Arroz Gallo Oro 1Kg,Almacén,9538.19,8753.16,10350.39,10887.59,9036.53
P01827,Desodorante Poett Primavera 900ml,Limpieza,7374.2,9949.02,8147.23,8872.53,7406.66
P01828,Pasta Dental Colgate Total 90g,Higiene,11699.41,9088.73,10911.81,11964.02,10427.36
P01829,Suavizante Comfort 900ml,Limpieza,3918.22,5026.83,4048.88,3885.17,4460.63
P01830,Leche Ilolay Descremada 1L,Lácteos,9123.6,7512.2,7864.84,8221.14,9540.82
P01831,Galletitas Chocolinas 170g,Panificados,8349.85,8595.29,9014.46,8038.76,8584.98
P01832,Queso Rallado La Paulina 40g,Lácteos,7173.71,7388.16,8427.33,9449.92,8147.5
P01833,Pan de Campo Bimbo 500g,Panificados,10689.8,9646.61,9584.74,9310.03,9131.06
P01834,Lavandina Ayudín 1L,Limpieza,1090.48,947.4,1085.55,871.18,907.73
P01835,Jabón en Polvo Ala 3Kg,Limpieza,2601.89,2447.47,3115.53,2728.59,2730.19
P01836,Leche La Serenísima Entera 1L,Lácteos,6986.33,7540.87,8726.72,8072.89,8541.35
P01837,Pepsi 2.25L,Bebidas,5712.22,4990.91,5803.77,5223.22,5899.66
P01838,Galletitas Express 170g,Panificados,10816.85,9806.36,9460.88,10899.51,11068.21
P01839,Fideos Matarazzo Spaghetti 500g,Almacén,7308.22,9106.14,8374.04,7237.98,8680.2
P01840,Galletitas Chocolinas 170g,Panificados,3285.91,2797.92,3293.71,3635.78,2894.65
P01841,Bizcochitos Don Satur 200g x2,Panificados,6191.41,5080.2,5161.16,5027.12,6052.05
P01842,Shampoo Pantene Restauración 400ml,Higiene,7583.58,9235.61,8256.71,8216.09,9288.23
P01843,Harina Blancaflor 1Kg x2,Almacén,7245.67,7023.03,7557.72,8363.33,6782.97
P01844,Cerveza Heineken 1L,Bebidas,3048.56,3151.36,3545.78,3062.18,3458.82
P01845,Cerveza Heineken 1L,Bebidas,4105.82,3465.3,4088.4,4298.61,3690.21
P01846,Galletitas Express 170g,Panificados,5820.17,7192.82,5518.84,6667.77,5852.03
P01847,Cerveza Quilmes 1L,Bebidas,4608.66,3519.75,3552.16,3990.88,4137.89
P01848,Cerveza Quilmes 1L,Bebidas,2452.92,2197.48,2361.28,2403.86,2165.77
P01849,Leche La Serenísima Entera 1L,Lácteos,5236.72,6219.96,5905.3,6381.68,4995.21
P01850,Aceite Natura Girasol 1.5L,Almacén,5759.64,5134.18,6581.22,6087.41,6255.33
P01851,Papel Higiénico Higienol 4 Rollos,Higiene,7272.76,8800.0,7008.86,7705.85,7795.19
P01852,Galletitas Express 170g,Panificados,11541.84,12032.78,12298.78,9296.27,9108.88
P01853,Queso Cremoso Tregar 1Kg,Lácteos,3366.96,3288.42,4094.32,3314.63,3775.61
P01854,Queso Rallado La Paulina 40g,Lácteos,11408.28,9583.07,11517.51,8925.5,9166.03
P01855,Cerveza Heineken 1L,Bebidas,2908.41,3023.34,2563.34,2359.27,2548.87
P01856,Detergente Magistral Limón 750ml,Limpieza,2003.54,1635.91,1755.79,2155.65,1941.52
P01857,Galletitas Chocolinas 170g,Panificados,9796.25,9217.88,11514.62,12362.06,10475.44
P01858,Suavizante Comfort 900ml,Limpieza,10811.84,10365.24,9748.96,10483.18,11589.67
P01859,Manteca Sancor 200g x3,Lácteos,9150.62,8640.65,7650.77,7236.65,9074.59
P01860,Cerveza Quilmes 1L,Bebidas,8294.99,9505.79,9972.56,11200.72,8420.92
P01861,Arroz Gallo Oro 1Kg x5,Almacén,3278.89,3558.2,3292.45,3254.1,3215.98
P01862,Manteca Sancor 200g,Lácteos,9960.17,8275.45,9317.65,9157.39,8383.58
P01863,Leche Ilolay Descremada 1L x4,Lácteos,9550.03,7026.84,8761.12,9129.85,8287.02
P01864,Harina Blancaflor 1Kg,Almacén,968.76,809.65,889.3,959.37,999.94
P01865,Yogur Ser Vainilla 1Kg,Lácteos,7341.12,6516.18,6481.45,6706.77,5957.88
P01866,Leche Ilolay Descremada 1L,Lácteos,2819.21,3196.51,3007.93,2608.09,2436.31
P01867,Yogur Ser Vainilla 1Kg,Lácteos,1613.64,1566.92,1659.36,1979.82,1477.64
P01868,Manteca Sancor 200g,Lácteos,3142.91,2674.66,2548.12,3066.96,2582.36
P01869,Galletitas Express 170g,Panificados,757.99,644.97,727.14,795.85,696.79
P01870,Lavandina Ayudín 1L,Limpieza,8446.66,7329.6,6888.33,6757.16,7390.15
P01871,Yerba Taragüi 1Kg,Almacén,9727.87,12208.87,10490.07,11779.78,11811.25
P01872,Lavandina Ayudín 1L x5,Limpieza,1724.61,1541.77,1843.26,1922.0,1610.55
P01873,Pan Lactal Fargo 600g,Panificados,8381.75,8269.94,9983.31,9514.72,10863.85
P01874,Queso Cremoso Tregar 1Kg,Lácteos,9616.01,9861.82,10836.83,9747.71,10888.06
P01875,Shampoo Pantene Restauración 400ml,Higiene,11792.56,14001.8,13709.13,10428.33,11940.82
P01876,Lavandina Ayudín 1L,Limpieza,10048.4,10833.49,8314.89,11335.62,9047.13
P01877,Pepsi 2.25L,Bebidas,10658.27,11448.18,11947.45,9451.76,9938.78
P01878,Pepsi 2.25L x4,Bebidas,8392.26,7287.54,7830.35,8081.0,7567.81
P01879,Pasta Dental Colgate Total 90g,Higiene,9929.29,9779.83,12071.34,10758.21,9755.88
P01880,Aceite Natura Girasol 1.5L,Almacén,9050.87,10268.5,9300.19,8826.78,10031.57
P01881,Pan de Campo Bimbo 500g x3,Panificados,2170.46,2233.52,1990.06,1886.25,1823.22
P01882,Jabón Dove Original 90g x2,Higiene,11341.87,11336.87,9231.75,10993.6,9681.38
P01883,Pasta Dental Colgate Total 90g,Higiene,12949.22,13533.85,12775.91,13117.22,12288.85
P01884,Cerveza Heineken 1L,Bebidas,12474.78,9902.96,11502.39,10983.1,11929.31
P01885,Aceite Natura Girasol 1.5L,Almacén,2939.2,3200.02,2455.87,2432.92,2876.49
P01886,Shampoo Pantene Restauración 400ml,Higiene,9132.72,10110.54,10120.77,9960.72,8950.81
P01887,Yerba Taragüi 1Kg,Almacén,4859.8,3557.87,4151.04,4892.55,3808.72
P01888,Yerba Taragüi 1Kg x3,Almacén,7882.92,8904.78,7639.45,6641.28,7598.95
P01889,Jabón en Polvo Ala 3Kg,Limpieza,8966.94,9241.08,9409.07,9181.77,7617.03
P01890,Coca-Cola 2.25L,Bebidas,2874.09,3808.36,3803.31,3819.19,3011.27
P01891,Desodorante Rexona Hombre 150ml,Higiene,6026.39,6081.45,6020.78,6260.32,5991.7
P01892,Arroz Gallo Oro 1Kg,Almacén,6782.46,6163.9,7107.96,7189.57,6772.63
P01893,Pan Lactal Fargo 600g x3,Panificados,9495.15,10329.72,11108.75,10213.17,11766.57
P01894,Lavandina Ayudín 1L,Limpieza,8421.87,8509.34,7254.66,8009.07,8101.02
P01895,Yerba Taragüi 1Kg,Almacén,5584.14,5509.6,5273.25,6309.67,5185.93
P01896,Jabón Dove Original 90g x3,Higiene,6748.49,6550.84,6617.48,8869.78,7584.69
P01897,Agua Villavicencio 2.25L,Bebidas,8344.25,8603.5,10167.39,9252.76,10599.78
P01898,Shampoo Pantene Restauración 400ml,Higiene,3678.42,3766.14,3569.84,3810.3,3771.79
P01899,Yogur Ser Vainilla 1Kg,Lácteos,937.56,1004.23,1034.61,809.78,785.23
P01900,Fideos Matarazzo Spaghetti 500g,Almacén,12942.21,12065.16,10379.21,10043.76,12395.7
P01901,Jabón Dove Original 90g x2,Higiene,5450.49,5470.53,5126.09,6384.59,5643.97
P01902,Pepsi 2.25L x3,Bebidas,1591.56,1735.24,1642.37,2086.49,1608.2
P01903,Leche La Serenísima Entera 1L,Lácteos,7793.54,9307.74,8292.76,7154.97,7748.17
P01904,Bizcochitos Don Satur 200g,Panificados,9825.35,8303.87,7229.68,7889.41,8605.35
P01905,Yogur Ser Vainilla 1Kg,Lácteos,3128.92,2877.39,2750.39,3397.51,2793.1
P01906,Fideos Matarazzo Spaghetti 500g,Almacén,3706.71,3269.27,3476.9,3353.73,3232.34
P01907,Pepsi 2.25L,Bebidas,1523.72,1645.9,1578.5,1729.32,1590.33
P01908,Galletitas Chocolinas 170g,Panificados,9369.41,9559.44,9763.89,7291.34,7896.29
P01909,Galletitas Express 170g,Panificados,1008.02,938.04,1096.64,1120.84,1170.96
P01910,Coca-Cola 2.25L,Bebidas,11017.84,9035.54,9849.64,10368.59,9698.52
P01911,Papel Higiénico Higienol 4 Rollos x4,Higiene,2300.06,2452.65,2799.74,2531.86,2833.38
P01912,Coca-Cola 2.25L,Bebidas,9544.03,8970.8,8479.77,8925.11,10057.75
P01913,Jugo Baggio Multifruta 1L,Bebidas,10388.12,8797.48,9428.69,9442.76,9894.28
P01914,Azúcar Ledesma 1Kg,Almacén,1939.9,2045.14,1931.29,2054.97,1930.68
P01915,Leche La Serenísima Entera 1L,Lácteos,6643.02,6723.25,6907.93,8672.47,8900.25
P01916,Coca-Cola 2.25L,Bebidas,5600.27,4963.61,4176.03,5390.26,5177.58
P01917,Pan Lactal Fargo 600g,Panificados,5133.47,6128.1,6142.29,4992.86,5121.76
P01918,Galletitas Express 170g,Panificados,7665.48,6370.16,6456.28,7057.31,7605.6
P01919,Papel Higiénico Higienol 4 Rollos,Higiene,12650.47,12501.86,11046.52,9299.28,9765.04
P01920,Agua Villavicencio 2.25L,Bebidas,12568.98,9390.98,10910.36,12112.57,12622.48
P01921,Galletitas Express 170g,Panificados,11718.13,12938.92,9866.15,10434.76,13228.83
P01922,Papel Higiénico Higienol 4 Rollos x3,Higiene,3321.14,2970.23,2717.97,2883.47,3042.4
P01923,Lavandina Ayudín 1L,Limpieza,8204.87,9861.22,8970.29,8612.27,8115.44
P01924,Pasta Dental Colgate Total 90g,Higiene,5596.36,6435.18,5396.03,6401.8,6498.75
P01925,Pan de Campo Bimbo 500g,Panificados,3791.29,3784.77,3819.82,4489.86,3671.76
P01926,Papel Higiénico Higienol 4 Rollos,Higiene,8201.07,6309.98,8240.32,6833.27,7228.27
P01927,Pan Lactal Fargo 600g,Panificados,8142.98,7965.81,7364.88,6956.97,8579.03
P01928,Leche La Serenísima Entera 1L,Lácteos,4941.2,4844.92,5034.02,5328.42,5042.92
P01929,Pan de Campo Bimbo 500g,Panificados,1662.04,1773.91,2004.25,1601.69,1989.44
P01930,Pan Lactal Fargo 600g x3,Panificados,4892.8,4185.53,5326.51,4362.38,4761.8
P01931,Pan de Campo Bimbo 500g,Panificados,4504.94,3840.68,4373.2,3841.29,3924.14
P01932,Fideos Matarazzo Spaghetti 500g,Almacén,3318.38,3969.65,3949.38,3838.75,4140.48
P01933,Jabón Dove Original 90g,Higiene,10113.75,8855.48,8829.04,10435.96,9844.73
P01934,Cerveza Heineken 1L,Bebidas,856.66,1089.04,841.75,860.28,884.38
P01935,Queso Rallado La Paulina 40g x5,Lácteos,12727.44,13549.34,10744.62,13487.41,11197.43
P01936,Manteca Sancor 200g,Lácteos,5895.74,6249.49,6201.0,5313.86,6197.28
P01937,Cerveza Heineken 1L,Bebidas,7786.11,7054.66,6017.27,6133.39,5936.04
P01938,Leche Ilolay Descremada 1L,Lácteos,3765.87,3985.15,3717.96,3766.65,4239.9
P01939,Cerveza Quilmes 1L,Bebidas,8225.95,8428.87,6707.82,7107.05,6652.75
P01940,Pan Lactal Fargo 600g,Panificados,2663.09,3300.04,3053.54,2405.28,2937.48
P01941,Yerba Taragüi 1Kg,Almacén,6326.12,4955.34,5437.41,5601.06,6529.22
P01942,Jabón en Polvo Ala 3Kg x2,Limpieza,3371.98,3076.26,3362.97,2860.81,3122.22
P01943,Galletitas Chocolinas 170g,Panificados,4273.84,4672.0,5124.76,4142.9,4895.0
P01944,Jugo Baggio Multifruta 1L,Bebidas,7529.66,9357.06,8107.37,9437.62,7633.11
P01945,Shampoo Pantene Restauración 400ml,Higiene,10476.5,11042.23,11569.54,11346.96,11460.65
P01946,Jugo Baggio Multifruta 1L,Bebidas,10740.61,11973.29,11933.85,12928.85,12766.44
P01947,Leche La Serenísima Entera 1L,Lácteos,6825.78,6589.14,6183.87,6820.47,6309.71
P01948,Azúcar Ledesma 1Kg,Almacén,5732.26,5363.26,4538.81,5598.37,5417.01
P01949,Galletitas Chocolinas 170g,Panificados,1154.4,1073.19,1216.64,1330.17,1142.39
P01950,Coca-Cola 2.25L x2,Bebidas,12539.67,12297.9,12504.83,10667.17,11229.01
P01951,Desodorante Rexona Hombre 150ml x5,Higiene,11582.12,10841.21,12226.94,13666.6,11164.2
P01952,Agua Villavicencio 2.25L,Bebidas,12214.57,10027.18,13169.51,10407.03,9997.83
P01953,Detergente Magistral Limón 750ml,Limpieza,5693.56,5813.02,5420.24,6166.06,5827.04
P01954,Manteca Sancor 200g,Lácteos,7035.04,9005.05,8283.68,9124.88,7920.04
P01955,Coca-Cola 2.25L,Bebidas,2140.45,1939.87,2042.47,2241.2,2087.0
P01956,Yerba Taragüi 1Kg,Almacén,9629.85,7800.29,9549.86,7780.69,9359.58
P01957,Pasta Dental Colgate Total 90g,Higiene,5261.86,5888.01,5259.42,4987.79,5076.34
P01958,Jabón en Polvo Ala 3Kg,Limpieza,7649.46,7287.34,5937.89,7658.21,5821.68
P01959,Jabón Dove Original 90g x2,Higiene,11297.54,9348.36,9735.17,11321.52,8772.58
P01960,Shampoo Pantene Restauración 400ml,Higiene,5283.07,4762.7,5032.89,4761.53,5085.58
P01961,Yogur Ser Vainilla 1Kg,Lácteos,9937.24,7859.27,7542.47,7262.73,8789.67
P01962,Jugo Baggio Multifruta 1L x3,Bebidas,11566.86,11060.21,12036.26,10864.3,9149.48
P01963,Agua Villavicencio 2.25L,Bebidas,8217.31,7520.85,7641.84,9741.66,9142.59
P01964,Suavizante Comfort 900ml x3,Limpieza,6463.87,5874.35,5850.88,5985.87,5529.43
P01965,Aceite Natura Girasol 1.5L,Almacén,2583.88,2572.76,2227.13,2731.23,2141.95
P01966,Pepsi 2.25L,Bebidas,7230.5,7035.18,8915.93,9111.45,7967.42
P01967,Fideos Matarazzo Spaghetti 500g,Almacén,2740.51,2480.42,2519.04,2392.86,2191.81
P01968,Jugo Baggio Multifruta 1L,Bebidas,1554.83,1725.88,1488.97,1726.97,1876.63
P01969,Manteca Sancor 200g,Lácteos,8752.58,8005.42,9424.17,8373.79,8180.71
P01970,Manteca Sancor 200g x5,Lácteos,11037.49,10222.53,9614.52,10648.37,10918.14
P01971,Manteca Sancor 200g,Lácteos,749.98,800.82,810.41,756.83,900.69
P01972,Desodorante Rexona Hombre 150ml,Higiene,5525.64,4462.93,4105.13,4513.71,5320.53
P01973,Azúcar Ledesma 1Kg,Almacén,3895.97,4249.63,4752.96,5300.9,4269.16
P01974,Shampoo Pantene Restauración 400ml x2,Higiene,13083.26,13238.8,12090.21,10887.74,11424.06
P01975,Papel Higiénico Higienol 4 Rollos x5,Higiene,2852.18,3424.88,3055.5,3070.66,3535.34
P01976,Pan Lactal Fargo 600g,Panificados,9453.96,7908.87,10315.21,8621.61,8210.27
P01977,Arroz Gallo Oro 1Kg,Almacén,9038.45,9190.54,10087.9,10208.14,10717.76
P01978,Coca-Cola 2.25L,Bebidas,11552.1,13634.0,11097.15,10947.55,11399.08
P01979,Pasta Dental Colgate Total 90g,Higiene,9690.75,9810.6,9440.13,10394.24,9026.57
P01980,Desodorante Poett Primavera 900ml,Limpieza,11719.79,12822.36,13349.43,12709.57,10228.64
P01981,Leche La Serenísima Entera 1L,Lácteos,11696.36,12052.51,11329.24,10285.9,11629.9
P01982,Papel Higiénico Higienol 4 Rollos,Higiene,6393.03,5029.67,5612.35,6329.81,6153.92
P01983,Azúcar Ledesma 1Kg x5,Almacén,9993.86,8736.06,8884.44,9860.78,8969.05
P01984,Leche Ilolay Descremada 1L,Lácteos,6219.98,5728.27,4967.06,5532.51,5033.14
P01985,Galletitas Express 170g,Panificados,3642.44,3860.41,3523.46,3668.04,3931.39
P01986,Galletitas Chocolinas 170g,Panificados,13179.55,11731.13,10448.82,10466.66,12201.33
P01987,Galletitas Chocolinas 170g,Panificados,2610.12,2961.47,2562.04,2474.23,2347.55
P01988,Fideos Matarazzo Spaghetti 500g x5,Almacén,5741.27,5303.99,5519.8,4569.55,5061.03
P01989,Queso Rallado La Paulina 40g,Lácteos,4619.09,3722.58,4317.5,3925.85,4735.76
P01990,Jugo Baggio Multifruta 1L,Bebidas,4348.53,3518.02,4779.01,3993.54,4621.56
P01991,Coca-Cola 2.25L,Bebidas,4538.79,4853.68,4708.67,4848.3,5020.05
P01992,Azúcar Ledesma 1Kg,Almacén,8840.97,9052.85,9735.18,9902.16,8783.01
P01993,Jabón Dove Original 90g,Higiene,9840.52,11158.53,10574.85,11241.33,10545.83
P01994,Azúcar Ledesma 1Kg,Almacén,3548.53,3722.9,3713.26,3812.69,3291.69
P01995,Coca-Cola 2.25L,Bebidas,6344.76,6911.7,5558.1,6493.5,6784.59
P01996,Queso Rallado La Paulina 40g,Lácteos,13254.47,12342.29,12037.13,10025.67,11569.03
P01997,Arroz Gallo Oro 1Kg,Almacén,8148.14,9327.98,8270.46,8965.87,8946.11
P01998,Galletitas Chocolinas 170g x5,Panificados,10098.59,9560.89,8935.33,9515.5,7464.13
P01999,Yerba Playadito 1Kg x4,Almacén,9626.64,8594.39,9567.23,7789.77,10517.06
P02000,Yerba Playadito 1Kg,Almacén,3546.02,3382.61,3459.6,3847.72,3252.64
P02001,Leche Ilolay Descremada 1L,Lácteos,12601.21,10769.1,13671.72,10228.84,12481.35
P02002,Harina Blancaflor 1Kg,Almacén,11520.17,12159.64,9565.16,10621.94,12167.62
P02003,Yerba Taragüi 1Kg,Almacén,8592.78,9777.32,8372.47,9387.88,10002.29
P02004,Desodorante Rexona Hombre 150ml x3,Higiene,1901.66,1947.44,2021.68,1518.55,1896.6
P02005,Leche Ilolay Descremada 1L,Lácteos,2024.27,2569.4,2471.03,2470.2,2322.15
P02006,Galletitas Express 170g,Panificados,1585.97,1633.83,1583.18,1952.22,1785.47
P02007,Jabón en Polvo Ala 3Kg,Limpieza,10714.25,11199.52,12529.98,11197.52,13817.7
P02008,Yogur Ser Vainilla 1Kg,Lácteos,9004.9,10830.11,9604.58,8760.76,9086.99
P02009,Shampoo Pantene Restauración 400ml x2,Higiene,2389.9,2901.33,2442.5,2908.92,2646.12
P02010,Agua Villavicencio 2.25L,Bebidas,3368.71,3293.54,3571.97,3185.06,3634.25
P02011,Leche Ilolay Descremada 1L,Lácteos,1006.52,1065.57,903.01,963.91,1090.46
P02012,Manteca Sancor 200g,Lácteos,8893.57,10757.78,10371.36,10741.28,9611.45
P02013,Jabón en Polvo Ala 3Kg x4,Limpieza,11059.62,10929.34,11295.5,10767.36,9263.26
P02014,Jabón en Polvo Ala 3Kg,Limpieza,8086.77,7684.76,7686.08,7068.11,7490.96
P02015,Desodorante Poett Primavera 900ml,Limpieza,8134.96,7805.35,8873.86,9344.26,8466.9
P02016,Jabón en Polvo Ala 3Kg,Limpieza,3657.46,3690.18,2869.7,3508.95,3510.84
P02017,Galletitas Express 170g x3,Panificados,2898.15,2661.9,3184.83,3255.65,3348.64
P02018,Cerveza Quilmes 1L,Bebidas,7163.86,7868.16,6809.08,8814.87,7219.99
P02019,Pasta Dental Colgate Total 90g x3,Higiene,3882.6,3378.73,4165.23,3580.04,4174.36
P02020,Aceite Natura Girasol 1.5L,Almacén,7119.14,5881.73,6955.87,6423.15,6001.24
P02021,Suavizante Comfort 900ml,Limpieza,8311.79,7412.09,6774.49,8258.46,7719.69
P02022,Yerba Playadito 1Kg,Almacén,6901.84,6399.58,6392.89,5861.87,7602.74
P02023,Pan de Campo Bimbo 500g,Panificados,6037.6,8102.15,6830.43,6223.36,6290.69
P02024,Cerveza Heineken 1L,Bebidas,2574.77,2805.18,2496.27,2642.24,2354.62
P02025,Queso Rallado La Paulina 40g,Lácteos,9445.22,9878.16,7903.16,8351.0,9055.53
P02026,Pepsi 2.25L,Bebidas,722.36,767.39,720.05,762.64,800.85
P02027,Pepsi 2.25L x2,Bebidas,5709.03,5643.51,4724.78,5509.09,5731.88
P02028,Harina Blancaflor 1Kg,Almacén,9086.64,10017.06,9435.35,11887.16,11249.44
P02029,Yerba Taragüi 1Kg x2,Almacén,9167.15,9157.21,7606.1,8044.87,7909.28
P02030,Galletitas Chocolinas 170g,Panificados,3278.65,3609.67,3529.59,3851.66,3989.54
P02031,Coca-Cola 2.25L,Bebidas,8794.99,8093.74,9649.58,9504.29,9394.47
P02032,Manteca Sancor 200g,Lácteos,5948.42,5468.63,6485.91,5919.51,6246.51
P02033,Yerba Taragüi 1Kg,Almacén,7992.86,7920.18,7616.86,7296.65,8037.16
P02034,Desodorante Poett Primavera 900ml,Limpieza,2623.67,3001.61,2506.9,2628.35,2420.16
P02035,Papel Higiénico Higienol 4 Rollos,Higiene,10422.54,7702.49,10538.47,8350.48,9199.67
P02036,Queso Rallado La Paulina 40g,Lácteos,11436.62,11349.47,11965.84,10062.7,11096.64
P02037,Harina Blancaflor 1Kg,Almacén,11262.37,10071.81,10111.59,12275.36,12172.52
P02038,Cerveza Heineken 1L x3,Bebidas,9712.16,8888.98,10996.6,10429.05,11993.86
P02039,Jugo Baggio Multifruta 1L x4,Bebidas,6338.95,6597.96,7153.97,8037.9,6344.32
P02040,Harina Blancaflor 1Kg x5,Almacén,6921.8,6880.85,6618.23,6726.21,6973.28
P02041,Fideos Matarazzo Spaghetti 500g,Almacén,1777.75,1763.55,1699.87,1363.37,1645.45
P02042,Coca-Cola 2.25L,Bebidas,5100.95,4756.38,4943.52,5352.92,5652.23
P02043,Queso Rallado La Paulina 40g,Lácteos,7465.43,8566.98,9101.2,7510.08,8570.91
P02044,Leche La Serenísima Entera 1L,Lácteos,1610.15,1883.42,1733.44,1825.85,1865.5
P02045,Desodorante Poett Primavera 900ml,Limpieza,5255.76,4668.76,4088.0,4120.88,4433.92
P02046,Azúcar Ledesma 1Kg,Almacén,11149.53,11229.29,9983.09,12861.04,13103.51
P02047,Desodorante Rexona Hombre 150ml,Higiene,1630.15,1863.91,2070.69,1766.7,1590.24
P02048,Pan Lactal Fargo 600g,Panificados,13642.86,13035.82,12098.72,10676.22,13602.74
P02049,Suavizante Comfort 900ml,Limpieza,10704.17,9994.8,12063.07,10333.66,8930.34
P02050,Bizcochitos Don Satur 200g,Panificados,698.95,933.83,884.36,949.02,847.16
P02051,Harina Blancaflor 1Kg,Almacén,4431.55,4726.96,4237.13,3953.77,4384.52
P02052,Bizcochitos Don Satur 200g,Panificados,9995.59,8673.22,10022.74,10154.05,10587.28
P02053,Pan Lactal Fargo 600g,Panificados,3877.31,4347.85,3828.32,3601.7,3923.73
P02054,Coca-Cola 2.25L x5,Bebidas,2013.69,2373.58,2409.01,2026.2,2104.04
P02055,Jabón Dove Original 90g,Higiene,5201.0,4742.81,5946.97,5605.71,6078.87
P02056,Jabón Dove Original 90g x2,Higiene,8139.13,7799.76,9329.51,8072.71,10290.8
P02057,Fideos Matarazzo Spaghetti 500g,Almacén,6264.41,8273.08,7268.12,7292.87,7563.5
P02058,Bizcochitos Don Satur 200g x2,Panificados,5283.64,4705.09,4503.47,5658.4,5641.04
P02059,Jabón en Polvo Ala 3Kg,Limpieza,3332.02,3782.08,3198.73,3806.39,3242.95
P02060,Bizcochitos Don Satur 200g,Panificados,8115.48,8999.86,8622.82,8207.89,8134.2
P02061,Azúcar Ledesma 1Kg,Almacén,11504.05,10466.47,12781.74,10301.49,9800.33
P02062,Leche La Serenísima Entera 1L,Lácteos,3029.15,3072.45,2677.87,2470.39,2584.16
P02063,Shampoo Pantene Restauración 400ml x2,Higiene,6262.07,5081.34,6209.35,5077.11,5324.4
P02064,Jabón en Polvo Ala 3Kg,Limpieza,9991.02,9123.45,11409.84,9370.41,11622.05
P02065,Desodorante Rexona Hombre 150ml,Higiene,6194.94,4750.41,5869.29,6348.61,4957.14
P02066,Leche La Serenísima Entera 1L,Lácteos,7073.31,7415.65,6202.37,6338.02,6464.33
P02067,Queso Rallado La Paulina 40g,Lácteos,12568.8,12681.91,10298.72,11100.9,11120.69
P02068,Cerveza Quilmes 1L,Bebidas,7428.89,5684.36,6459.06,5690.37,5930.94
P02069,Fideos Matarazzo Spaghetti 500g,Almacén,11529.83,11445.07,10829.26,8909.95,10221.16
P02070,Queso Cremoso Tregar 1Kg,Lácteos,6055.24,5107.47,5934.35,6765.75,6479.5
P02071,Harina Blancaflor 1Kg x5,Almacén,7324.83,8143.0,7237.47,7740.52,7177.63
P02072,Cerveza Quilmes 1L,Bebidas,5863.32,5611.59,5774.86,5698.28,6507.92
P02073,Suavizante Comfort 900ml,Limpieza,3753.61,4176.08,3507.72,4095.29,3290.71
P02074,Cerveza Heineken 1L,Bebidas,11132.74,9648.27,11150.48,10654.01,11768.06
P02075,Jugo Baggio Multifruta 1L,Bebidas,2491.13,2128.49,2201.75,2641.01,2235.53
P02076,Yerba Taragüi 1Kg,Almacén,747.34,691.09,681.34,822.51,894.99
P02077,Yerba Taragüi 1Kg,Almacén,11353.32,10621.51,10853.67,10202.86,10327.14
P02078,Coca-Cola 2.25L x3,Bebidas,6182.83,4895.16,6573.09,6346.21,5983.74
P02079,Leche Ilolay Descremada 1L,Lácteos,4505.9,4769.17,4817.3,4034.62,4795.92
P02080,Desodorante Poett Primavera 900ml x3,Limpieza,3791.58,4198.16,4087.2,4668.16,4256.57
P02081,Azúcar Ledesma 1Kg,Almacén,956.92,907.78,910.88,1235.04,1092.22
P02082,Galletitas Chocolinas 170g,Panificados,5866.15,7274.69,6612.8,7204.7,6766.68
P02083,Harina Blancaflor 1Kg x5,Almacén,3674.02,3492.12,3298.39,3170.39,3697.15
P02084,Fideos Matarazzo Spaghetti 500g,Almacén,9198.7,9997.49,9613.18,9173.68,8825.16
P02085,Yerba Taragüi 1Kg,Almacén,7378.25,7597.84,8708.94,8286.86,8435.33
P02086,Azúcar Ledesma 1Kg,Almacén,3660.17,2899.59,3305.66,2980.79,3563.23
P02087,Bizcochitos Don Satur 200g,Panificados,5469.16,5201.65,4539.61,5055.36,4051.63
P02088,Pan Lactal Fargo 600g,Panificados,1966.58,1853.24,1726.78,2043.94,1747.03
P02089,Queso Cremoso Tregar 1Kg,Lácteos,8108.47,7115.18,7445.85,6698.69,6369.23
P02090,Lavandina Ayudín 1L,Limpieza,8285.04,9269.02,9202.68,7476.23,7584.9
P02091,Agua Villavicencio 2.25L,Bebidas,3818.07,3716.26,4282.77,3659.59,4410.08
P02092,Yogur Ser Vainilla 1Kg,Lácteos,9535.16,9997.03,10323.62,10668.35,9098.75
P02093,Leche Ilolay Descremada 1L,Lácteos,2067.01,2156.92,2418.68,2667.39,2652.14
P02094,Yerba Taragüi 1Kg,Almacén,11826.31,11643.7,11220.04,10742.98,10538.24
P02095,Leche Ilolay Descremada 1L,Lácteos,8812.4,6932.92,8727.85,9195.88,7893.02
P02096,Fideos Matarazzo Spaghetti 500g x3,Almacén,5354.64,5867.25,5630.91,4967.17,4976.82
P02097,Harina Blancaflor 1Kg,Almacén,8122.29,7771.82,8648.79,9418.99,9856.52
P02098,Agua Villavicencio 2.25L,Bebidas,2536.24,2572.13,2018.63,2126.36,2583.0
P02099,Jabón Dove Original 90g,Higiene,10116.47,9123.0,11430.15,10856.38,12304.67
P02100,Yerba Playadito 1Kg,Almacén,9112.41,9305.11,9442.38,8760.72,9551.17
P02101,Lavandina Ayudín 1L,Limpieza,4917.38,4339.11,4851.45,4654.25,5024.37
P02102,Azúcar Ledesma 1Kg,Almacén,3919.47,3783.88,3894.14,4294.86,3257.62
P02103,Galletitas Chocolinas 170g,Panificados,1375.46,1611.91,1600.88,1529.06,1428.62
P02104,Desodorante Rexona Hombre 150ml,Higiene,5777.11,5755.56,6201.38,5611.0,5279.41
P02105,Fideos Matarazzo Spaghetti 500g,Almacén,3260.35,3075.17,2916.0,2878.65,3655.88
P02106,Pan Lactal Fargo 600g x2,Panificados,4847.07,5112.73,4694.01,5155.14,5744.92
P02107,Desodorante Rexona Hombre 150ml,Higiene,10023.95,10411.52,12353.33,11370.55,12691.5
P02108,Fideos Matarazzo Spaghetti 500g,Almacén,11337.87,11481.42,8661.62,8755.78,8757.31
P02109,Desodorante Rexona Hombre 150ml,Higiene,796.3,859.25,729.72,713.14,863.67
P02110,Queso Cremoso Tregar 1Kg,Lácteos,9265.47,9287.74,10047.42,10894.49,9683.73
P02111,Queso Rallado La Paulina 40g,Lácteos,6407.38,4760.45,6037.56,5975.61,4920.43
P02112,Leche La Serenísima Entera 1L,Lácteos,10743.55,12002.77,11112.94,11937.75,10983.29
P02113,Jabón Dove Original 90g,Higiene,10741.36,12526.18,10593.64,10512.11,13262.61
P02114,Queso Rallado La Paulina 40g,Lácteos,2399.96,2472.93,2317.43,2430.96,2304.61
P02115,Leche La Serenísima Entera 1L,Lácteos,944.62,1020.24,892.73,794.3,942.64
P02116,Queso Cremoso Tregar 1Kg,Lácteos,10387.03,10487.21,8617.82,10358.48,11306.33
P02117,Jabón en Polvo Ala 3Kg x4,Limpieza,4417.42,3726.65,4473.55,4300.02,4517.22
P02118,Yogur Ser Vainilla 1Kg,Lácteos,4001.63,3408.76,3749.26,2928.38,3871.48
P02119,Azúcar Ledesma 1Kg,Almacén,2666.89,2767.8,2806.58,2654.46,3028.15
P02120,Azúcar Ledesma 1Kg,Almacén,2137.41,2216.55,2227.16,2748.11,2591.25
P02121,Jugo Baggio Multifruta 1L x3,Bebidas,1922.19,1978.06,2316.42,2289.53,1903.82
P02122,Leche La Serenísima Entera 1L x5,Lácteos,4623.02,4010.01,5002.51,3752.05,3885.54
P02123,Papel Higiénico Higienol 4 Rollos,Higiene,2804.31,2709.8,3435.43,2801.46,2946.94
P02124,Yerba Taragüi 1Kg,Almacén,9708.86,8644.47,8664.83,8907.76,10475.93
P02125,Desodorante Poett Primavera 900ml,Limpieza,4162.01,4314.53,5094.34,5002.08,4897.56
P02126,Papel Higiénico Higienol 4 Rollos,Higiene,9261.26,9306.2,9323.01,10382.22,9527.93
P02127,Aceite Natura Girasol 1.5L,Almacén,9814.43,10527.96,10454.0,9473.31,11917.17
P02128,Pan de Campo Bimbo 500g,Panificados,10569.74,11658.23,9875.89,9769.69,9436.79
P02129,Jabón Dove Original 90g,Higiene,7374.6,7607.54,6670.27,6353.32,7451.93
P02130,Queso Rallado La Paulina 40g x3,Lácteos,4833.0,5698.83,4761.59,6037.51,5422.38
P02131,Galletitas Express 170g,Panificados,6499.34,5903.42,5778.31,5844.42,6372.34
P02132,Pan Lactal Fargo 600g,Panificados,10380.96,13183.02,13049.85,10855.59,12349.12
P02133,Pan Lactal Fargo 600g,Panificados,7163.54,7830.26,7637.79,7173.15,6167.96
P02134,Desodorante Poett Primavera 900ml,Limpieza,7511.46,8836.92,8378.52,8559.35,7947.29
P02135,Yerba Taragüi 1Kg,Almacén,8932.1,9336.41,8234.42,9625.47,10048.95
P02136,Leche La Serenísima Entera 1L x5,Lácteos,1027.98,1154.79,969.84,1101.84,1131.44
P02137,Pasta Dental Colgate Total 90g,Higiene,6677.28,5799.77,6197.51,5337.83,5374.32
P02138,Galletitas Chocolinas 170g,Panificados,7503.25,7054.89,6487.95,6811.9,6722.49
P02139,Yogur Ser Vainilla 1Kg,Lácteos,2689.18,2142.62,2188.88,2759.03,2499.71
P02140,Yerba Taragüi 1Kg,Almacén,10368.66,8520.43,9948.59,10391.77,10762.74
P02141,Leche La Serenísima Entera 1L,Lácteos,3629.67,3760.22,3860.33,4229.78,3312.56
P02142,Bizcochitos Don Satur 200g x4,Panificados,7138.59,7034.11,7134.5,5645.7,6108.32
P02143,Pepsi 2.25L,Bebidas,4371.37,4497.66,4829.21,4034.08,3998.01
P02144,Cerveza Heineken 1L,Bebidas,2051.19,2105.87,2015.11,1944.07,1874.01
P02145,Fideos Matarazzo Spaghetti 500g,Almacén,7407.07,5735.25,7174.4,6366.71,5715.32
P02146,Jabón Dove Original 90g x4,Higiene,1884.77,2107.89,2274.39,2064.58,2065.24
P02147,Pasta Dental Colgate Total 90g,Higiene,8373.66,10108.93,10006.72,9328.55,9323.48
P02148,Detergente Magistral Limón 750ml,Limpieza,11083.78,8945.39,9826.97,9420.94,9580.4
P02149,Fideos Matarazzo Spaghetti 500g,Almacén,2657.91,2407.79,2393.13,3023.41,2486.97
P02150,Jabón Dove Original 90g,Higiene,8429.76,8326.48,9127.03,8943.12,9437.91
P02151,Pasta Dental Colgate Total 90g,Higiene,1484.61,1545.97,1903.03,1501.58,1702.96
P02152,Pepsi 2.25L,Bebidas,3678.12,3940.18,3415.52,3225.23,3293.33
P02153,Suavizante Comfort 900ml,Limpieza,4777.41,4715.5,5488.08,6034.91,5016.12
P02154,Jabón en Polvo Ala 3Kg,Limpieza,5400.17,5545.61,4935.39,4696.52,5491.12
P02155,Bizcochitos Don Satur 200g,Panificados,8333.6,7376.43,9319.27,8167.58,9561.07
P02156,Leche Ilolay Descremada 1L,Lácteos,7710.32,7426.28,6869.31,6724.85,7750.7
P02157,Pepsi 2.25L,Bebidas,7258.16,6129.07,5828.04,7511.91,6846.71
P02158,Leche La Serenísima Entera 1L,Lácteos,4057.04,4551.4,4330.84,4882.88,5063.44
P02159,Agua Villavicencio 2.25L,Bebidas,6157.56,6076.55,5832.15,5937.43,5567.68
P02160,Pan de Campo Bimbo 500g,Panificados,9065.41,9901.83,11510.22,9347.29,11458.25
P02161,Jabón en Polvo Ala 3Kg,Limpieza,4974.34,6216.59,5254.19,5707.68,5333.46
P02162,Jabón Dove Original 90g,Higiene,2621.99,2361.13,2348.81,2023.72,2063.09
P02163,Papel Higiénico Higienol 4 Rollos,Higiene,9809.08,12067.16,11018.71,9015.22,10120.88
P02164,Suavizante Comfort 900ml,Limpieza,3242.86,2574.53,2974.31,2450.18,2727.47
P02165,Detergente Magistral Limón 750ml x3,Limpieza,1485.49,1984.84,1994.37,1883.69,1662.38
P02166,Pan de Campo Bimbo 500g,Panificados,2900.15,2393.57,2656.13,2855.03,2585.23
P02167,Leche Ilolay Descremada 1L,Lácteos,5363.77,4959.62,5621.28,4874.16,5231.01
P02168,Fideos Matarazzo Spaghetti 500g x4,Almacén,5918.85,7411.6,6030.63,6020.73,6882.89
P02169,Arroz Gallo Oro 1Kg,Almacén,10710.05,11291.27,10124.11,8561.62,10820.57
P02170,Yogur Ser Vainilla 1Kg,Lácteos,9722.84,9496.15,12185.5,12662.13,10057.26
P02171,Queso Cremoso Tregar 1Kg x5,Lácteos,9730.58,8099.93,7498.34,8123.62,7324.69
P02172,Harina Blancaflor 1Kg,Almacén,8587.82,9919.54,8009.52,8915.29,9825.54
P02173,Coca-Cola 2.25L,Bebidas,6109.11,6236.74,5362.98,5343.25,5610.94
P02174,Galletitas Express 170g,Panificados,1437.11,1081.29,1387.57,1324.73,1163.65
P02175,Fideos Matarazzo Spaghetti 500g,Almacén,5977.45,6922.53,5741.86,6076.26,7339.12
P02176,Jabón Dove Original 90g,Higiene,7706.56,10231.08,9704.35,9344.98,10426.92
P02177,Yerba Taragüi 1Kg,Almacén,2753.24,3165.2,3215.39,2920.13,2792.46
P02178,Queso Rallado La Paulina 40g,Lácteos,5051.49,4622.72,3933.82,4715.88,4822.76
P02179,Papel Higiénico Higienol 4 Rollos x3,Higiene,2564.55,2678.12,2598.04,2771.35,2195.53
P02180,Jabón en Polvo Ala 3Kg,Limpieza,4409.55,3873.97,3536.11,3815.12,3564.23
P02181,Galletitas Express 170g,Panificados,12246.74,12319.91,12728.61,10354.73,10173.12
P02182,Coca-Cola 2.25L x2,Bebidas,10341.28,9968.0,12052.57,9818.5,10820.27
P02183,Yogur Ser Vainilla 1Kg x5,Lácteos,5190.11,4310.39,4674.53,5466.29,4627.99
P02184,Harina Blancaflor 1Kg,Almacén,2357.45,1949.13,1990.9,2258.92,2542.79
P02185,Agua Villavicencio 2.25L,Bebidas,12823.45,10253.2,9867.06,12836.12,12597.72
P02186,Leche Ilolay Descremada 1L x4,Lácteos,5144.45,6175.75,6164.21,4834.37,5022.34
P02187,Galletitas Chocolinas 170g,Panificados,11153.66,9887.48,11608.19,11187.81,9672.18
P02188,Desodorante Poett Primavera 900ml,Limpieza,4324.7,4506.93,5977.9,4938.2,5445.61
P02189,Arroz Gallo Oro 1Kg,Almacén,9097.83,10177.99,9569.77,10086.01,10027.88
P02190,Azúcar Ledesma 1Kg,Almacén,13304.41,9759.62,11146.38,12847.99,13081.42
P02191,Pan Lactal Fargo 600g x2,Panificados,8521.4,7748.18,6754.31,6185.57,8070.29
P02192,Bizcochitos Don Satur 200g,Panificados,4804.68,4430.75,4858.16,4242.18,5517.22
P02193,Yerba Taragüi 1Kg,Almacén,9923.46,11635.03,10956.7,9558.13,10233.98
P02194,Arroz Gallo Oro 1Kg,Almacén,2740.98,2118.8,2079.67,2465.77,2194.69
P02195,Pepsi 2.25L,Bebidas,6182.3,7125.71,5752.13,5778.07,6220.56
P02196,Desodorante Poett Primavera 900ml,Limpieza,5396.01,5521.58,4824.62,5503.05,4397.11
P02197,Shampoo Pantene Restauración 400ml,Higiene,6562.72,8039.65,6278.07,6229.83,6622.28
P02198,Lavandina Ayudín 1L,Limpieza,1291.57,1464.7,1546.3,1561.67,1479.51
P02199,Cerveza Heineken 1L x5,Bebidas,6538.6,7416.73,6982.7,6585.68,6542.52
P02200,Manteca Sancor 200g,Lácteos,9479.25,10103.53,9293.49,10077.91,9523.39
P02201,Agua Villavicencio 2.25L,Bebidas,9317.31,8561.22,7701.47,9892.49,7492.46
P02202,Pan Lactal Fargo 600g x4,Panificados,3449.83,3778.05,3036.31,3709.05,3030.23
P02203,Galletitas Express 170g,Panificados,9129.78,8868.72,9240.55,10816.73,10204.45
P02204,Fideos Matarazzo Spaghetti 500g,Almacén,3711.81,3385.71,3119.7,3480.32,3777.11
P02205,Jugo Baggio Multifruta 1L,Bebidas,9694.96,11710.99,12471.31,9825.82,10884.46
P02206,Azúcar Ledesma 1Kg,Almacén,9269.98,10834.15,10384.44,11532.42,11072.4
P02207,Aceite Natura Girasol 1.5L x5,Almacén,10463.61,8855.61,9442.95,10776.01,10793.12
P02208,Aceite Natura Girasol 1.5L x3,Almacén,8332.13,8904.99,8960.37,7228.59,7602.2
P02209,Jugo Baggio Multifruta 1L,Bebidas,4582.32,4618.54,4423.27,3716.62,3842.97
P02210,Yerba Taragüi 1Kg,Almacén,6416.89,6480.73,6996.11,6782.21,7203.54
P02211,Pan de Campo Bimbo 500g,Panificados,7907.81,7969.4,9837.71,8483.48,7948.17
P02212,Papel Higiénico Higienol 4 Rollos,Higiene,13402.99,10681.46,10381.47,13140.09,12678.05
P02213,Manteca Sancor 200g x3,Lácteos,12811.23,11454.37,13473.68,10537.29,12072.8
P02214,Yerba Taragüi 1Kg,Almacén,9252.14,7892.54,6843.94,8274.98,7422.39
P02215,Queso Cremoso Tregar 1Kg,Lácteos,8018.41,7257.53,7898.81,8150.91,8724.14
P02216,Yogur Ser Vainilla 1Kg,Lácteos,3517.74,2928.53,3132.42,3079.21,3431.61
P02217,Suavizante Comfort 900ml,Limpieza,10288.05,9089.72,7806.18,9987.26,9514.66
P02218,Aceite Natura Girasol 1.5L,Almacén,5874.63,6274.51,6543.45,7649.94,6146.47
P02219,Pan Lactal Fargo 600g,Panificados,8522.8,7556.69,8307.94,9961.38,9193.35
P02220,Cerveza Quilmes 1L,Bebidas,625.69,759.42,745.66,781.56,852.73
P02221,Agua Villavicencio 2.25L,Bebidas,7615.88,6484.31,8756.1,8937.96,7701.01
P02222,Coca-Cola 2.25L,Bebidas,5860.8,6378.46,5947.61,5934.01,6002.14
P02223,Yerba Taragüi 1Kg,Almacén,6319.25,4805.3,6659.4,5179.34,5841.52
P02224,Desodorante Poett Primavera 900ml,Limpieza,4516.45,5147.83,5725.99,5453.88,5022.44
P02225,Fideos Matarazzo Spaghetti 500g,Almacén,13292.43,10733.69,12492.04,10307.86,9793.79
P02226,Detergente Magistral Limón 750ml,Limpieza,7933.54,9911.65,10065.71,8344.06,8829.38
P02227,Galletitas Chocolinas 170g,Panificados,10634.42,13231.93,14001.68,11622.85,12800.62
P02228,Agua Villavicencio 2.25L,Bebidas,10689.95,13078.55,11293.52,9953.06,10328.19
P02229,Coca-Cola 2.25L,Bebidas,8295.27,6316.71,7668.68,7932.9,7755.99
P02230,Desodorante Poett Primavera 900ml,Limpieza,3279.81,3013.98,3347.61,3677.99,3038.17
P02231,Yogur Ser Vainilla 1Kg,Lácteos,1268.0,953.93,1264.47,1090.04,1286.12
P02232,Queso Rallado La Paulina 40g,Lácteos,9296.4,9519.4,11936.43,12365.8,11796.84
P02233,Cerveza Heineken 1L,Bebidas,5957.96,4998.39,5193.5,4881.48,5791.59
P02234,Jugo Baggio Multifruta 1L,Bebidas,8097.99,7101.65,8270.94,6631.58,7158.27
P02235,Coca-Cola 2.25L,Bebidas,5602.32,4176.33,4712.42,4342.65,4614.85
P02236,Pan de Campo Bimbo 500g,Panificados,4823.97,5109.24,3930.99,3970.54,4006.4
P02237,Queso Rallado La Paulina 40g,Lácteos,9017.45,10882.48,11362.84,10895.17,9118.42
P02238,Lavandina Ayudín 1L,Limpieza,10752.81,10147.53,11757.9,12401.12,12002.59
P02239,Queso Cremoso Tregar 1Kg,Lácteos,11003.21,10040.02,9487.65,10042.8,11574.16
P02240,Leche Ilolay Descremada 1L,Lácteos,8032.64,9610.09,9878.39,8637.52,8035.74
P02241,Yogur Ser Vainilla 1Kg,Lácteos,11030.49,12626.8,9717.47,12668.02,12567.39
P02242,Queso Cremoso Tregar 1Kg,Lácteos,700.3,811.41,739.64,688.44,860.82
P02243,Agua Villavicencio 2.25L,Bebidas,7375.56,6071.27,7912.48,7388.75,6294.07
P02244,Pasta Dental Colgate Total 90g,Higiene,5649.19,7574.77,7242.4,6562.84,6206.1
P02245,Yogur Ser Vainilla 1Kg,Lácteos,9388.95,10863.0,8640.33,9313.53,9584.52
P02246,Jugo Baggio Multifruta 1L,Bebidas,3800.13,3525.03,3947.51,4399.15,4469.17
P02247,Detergente Magistral Limón 750ml,Limpieza,6949.39,5567.41,5568.78,7082.92,5488.76
P02248,Azúcar Ledesma 1Kg,Almacén,12450.38,11887.18,12075.42,12586.72,12386.99
P02249,Agua Villavicencio 2.25L,Bebidas,5651.36,6341.31,5775.38,5241.98,5031.5
P02250,Galletitas Chocolinas 170g,Panificados,11100.37,11958.24,9684.5,12653.05,9795.66
P02251,Shampoo Pantene Restauración 400ml,Higiene,11191.53,9526.7,9975.03,10886.15,10351.56
P02252,Pan Lactal Fargo 600g,Panificados,5505.26,5761.63,6512.58,4949.91,6330.03
P02253,Jugo Baggio Multifruta 1L,Bebidas,2752.96,2768.93,3279.77,2521.38,2647.81
P02254,Yerba Playadito 1Kg,Almacén,7682.02,6279.6,6474.64,6317.58,6016.17
P02255,Lavandina Ayudín 1L,Limpieza,6332.58,6839.66,5992.42,7522.37,6638.48
P02256,Desodorante Rexona Hombre 150ml,Higiene,5609.85,4827.86,5953.74,5734.89,5785.98
P02257,Queso Cremoso Tregar 1Kg,Lácteos,10337.67,9428.23,10917.2,11629.18,11095.12
P02258,Pepsi 2.25L,Bebidas,4170.65,4685.35,4232.71,4285.34,4274.01
P02259,Queso Rallado La Paulina 40g,Lácteos,6294.43,8151.56,8290.51,7501.11,6344.57
P02260,Desodorante Rexona Hombre 150ml x4,Higiene,1596.09,1518.57,1366.68,1804.82,1675.12
P02261,Papel Higiénico Higienol 4 Rollos,Higiene,8605.07,8756.88,8233.27,10735.33,10464.47
P02262,Arroz Gallo Oro 1Kg,Almacén,7142.84,7792.08,6584.8,8135.97,6653.92
P02263,Cerveza Heineken 1L,Bebidas,6345.81,8107.33,7280.34,6353.92,7916.0
P02264,Aceite Natura Girasol 1.5L,Almacén,8699.62,7184.74,9056.81,9449.53,8192.1
P02265,Harina Blancaflor 1Kg x3,Almacén,3623.27,3532.19,4473.79,4164.43,3812.33
P02266,Manteca Sancor 200g,Lácteos,6305.94,6483.56,7782.67,7443.07,6252.55
P02267,Queso Rallado La Paulina 40g,Lácteos,11417.29,11277.84,12442.71,9755.47,10894.32
P02268,Aceite Natura Girasol 1.5L,Almacén,7276.64,7823.32,7330.05,8131.95,7721.11
P02269,Pepsi 2.25L,Bebidas,5892.72,5587.88,6269.92,5705.79,6640.69
P02270,Jabón en Polvo Ala 3Kg x2,Limpieza,4245.52,4273.85,3594.91,3778.81,4936.45
P02271,Pan Lactal Fargo 600g,Panificados,4373.32,4587.95,4559.69,4997.77,5300.04
P02272,Manteca Sancor 200g,Lácteos,7959.46,7964.68,7721.3,6985.16,7148.31
P02273,Bizcochitos Don Satur 200g,Panificados,10325.21,8095.99,8019.39,8607.75,9632.15
P02274,Lavandina Ayudín 1L,Limpieza,2996.49,3766.08,3102.98,3853.56,3026.7
P02275,Fideos Matarazzo Spaghetti 500g,Almacén,6654.41,7604.61,6933.61,8555.98,6314.68
P02276,Agua Villavicencio 2.25L,Bebidas,2905.59,2976.8,3172.11,3213.49,2761.37
P02277,Shampoo Pantene Restauración 400ml,Higiene,5284.17,5506.48,6441.96,6307.66,6718.4
P02278,Agua Villavicencio 2.25L,Bebidas,2564.51,2920.28,2544.91,2950.79,2603.75
P02279,Pan Lactal Fargo 600g x3,Panificados,13087.81,12187.75,13662.13,13095.67,12271.53
P02280,Pepsi 2.25L,Bebidas,3590.1,3309.88,3369.39,2653.44,2620.94
P02281,Bizcochitos Don Satur 200g,Panificados,1013.66,1006.49,938.7,873.58,953.26
P02282,Pasta Dental Colgate Total 90g,Higiene,5019.75,4657.14,5317.38,5019.98,5573.57
P02283,Papel Higiénico Higienol 4 Rollos,Higiene,2695.19,3195.4,3131.86,2853.78,2761.49
P02284,Jugo Baggio Multifruta 1L,Bebidas,3808.82,4735.59,4412.83,3540.81,4784.87
P02285,Desodorante Poett Primavera 900ml,Limpieza,4938.96,4993.51,4987.03,5352.22,5562.1
P02286,Yerba Playadito 1Kg x5,Almacén,10869.03,11955.71,10906.89,12127.66,10451.18
P02287,Cerveza Heineken 1L,Bebidas,2937.03,2747.68,2559.4,2688.94,2724.86
P02288,Pasta Dental Colgate Total 90g,Higiene,12602.23,12032.88,10686.98,10690.28,10190.09
P02289,Jugo Baggio Multifruta 1L,Bebidas,3789.04,4575.8,4361.58,3832.17,4110.96
P02290,Pan Lactal Fargo 600g,Panificados,4113.55,3389.53,4019.34,4159.59,3414.64
P02291,Lavandina Ayudín 1L,Limpieza,6590.48,5441.89,5373.37,5984.43,5092.18
P02292,Suavizante Comfort 900ml,Limpieza,4761.5,4882.04,3931.04,4192.86,4441.91
P02293,Fideos Matarazzo Spaghetti 500g,Almacén,10428.84,8278.93,8762.34,9586.83,8915.12
P02294,Manteca Sancor 200g x5,Lácteos,6566.48,6461.39,7331.29,6281.9,5687.19
P02295,Arroz Gallo Oro 1Kg,Almacén,9191.48,9485.09,8559.09,8252.84,8203.63
P02296,Manteca Sancor 200g,Lácteos,9118.69,8884.43,8421.25,9451.94,7395.45
P02297,Aceite Natura Girasol 1.5L x3,Almacén,10607.46,12437.57,10133.36,10152.86,11417.13
P02298,Pasta Dental Colgate Total 90g,Higiene,8568.56,8979.64,9412.41,7488.39,7856.68
P02299,Papel Higiénico Higienol 4 Rollos,Higiene,10097.55,11749.11,11694.18,11492.0,11206.56
P02300,Jabón Dove Original 90g,Higiene,5179.87,5315.95,6184.02,5900.01,6276.95
P02301,Pan de Campo Bimbo 500g x2,Panificados,2294.2,2259.88,2710.68,2828.4,2802.11
P02302,Yogur Ser Vainilla 1Kg,Lácteos,7350.34,8393.45,8898.91,7314.47,8063.01
P02303,Cerveza Heineken 1L,Bebidas,2460.12,2426.08,2752.27,2960.98,2849.17
P02304,Galletitas Express 170g x4,Panificados,9143.73,11080.73,9648.35,10444.39,8542.92
P02305,Suavizante Comfort 900ml,Limpieza,11007.87,10738.79,12956.82,12916.75,10813.05
P02306,Jugo Baggio Multifruta 1L,Bebidas,8087.4,10340.48,9471.53,8444.93,9256.6
P02307,Aceite Natura Girasol 1.5L,Almacén,1009.7,1078.22,1185.85,1148.64,1224.9
P02308,Pepsi 2.25L,Bebidas,11107.21,11690.61,11132.23,13731.52,11629.2
P02309,Arroz Gallo Oro 1Kg,Almacén,3941.56,3737.66,3840.86,4002.8,3211.01
P02310,Harina Blancaflor 1Kg,Almacén,9163.87,11150.47,8414.07,10709.15,9724.3
P02311,Queso Cremoso Tregar 1Kg x5,Lácteos,7001.8,5467.04,6051.66,6174.83,6469.09
P02312,Leche Ilolay Descremada 1L,Lácteos,11429.81,11415.59,12356.1,11740.13,11028.0
P02313,Leche La Serenísima Entera 1L x4,Lácteos,7503.05,6591.11,6550.42,6558.51,6367.81
P02314,Fideos Matarazzo Spaghetti 500g,Almacén,8431.07,8034.14,9475.33,7739.29,8710.38
P02315,Shampoo Pantene Restauración 400ml,Higiene,4991.59,4541.72,4421.19,4418.79,3857.06
P02316,Pan de Campo Bimbo 500g,Panificados,10064.31,9271.13,8843.6,8093.01,7489.83
P02317,Pasta Dental Colgate Total 90g,Higiene,8594.5,8846.73,8630.26,10529.04,10128.64
P02318,Harina Blancaflor 1Kg,Almacén,12376.14,13177.33,10468.71,13406.27,9839.47
P02319,Leche Ilolay Descremada 1L,Lácteos,869.73,758.88,791.93,980.48,768.81
P02320,Lavandina Ayudín 1L,Limpieza,6450.13,6859.41,6128.83,7079.77,5903.93
P02321,Azúcar Ledesma 1Kg,Almacén,5204.78,5016.59,5051.21,5821.82,6372.94
P02322,Pan de Campo Bimbo 500g,Panificados,4902.71,4753.34,4916.25,4301.24,5165.49
P02323,Yerba Playadito 1Kg,Almacén,8451.02,6741.63,6585.22,6321.24,8721.52
P02324,Fideos Matarazzo Spaghetti 500g,Almacén,11383.94,10192.56,12581.74,14027.11,13135.69
P02325,Lavandina Ayudín 1L,Limpieza,3545.38,3475.46,3369.82,3693.25,4164.61
P02326,Queso Cremoso Tregar 1Kg,Lácteos,13507.74,9833.88,11727.55,12613.15,10343.61
P02327,Leche La Serenísima Entera 1L,Lácteos,7106.03,8963.25,8355.74,7082.48,7607.89
P02328,Leche La Serenísima Entera 1L,Lácteos,4258.09,4460.71,4696.42,4598.92,4970.41
P02329,Galletitas Chocolinas 170g,Panificados,12249.7,11978.68,11066.11,12236.82,11315.19
P02330,Coca-Cola 2.25L,Bebidas,3279.05,2930.0,2613.87,3305.78,2634.67
P02331,Agua Villavicencio 2.25L,Bebidas,2283.83,2578.85,2738.49,2322.8,2233.48
P02332,Shampoo Pantene Restauración 400ml,Higiene,2845.72,3270.67,3040.31,2820.1,3566.8
P02333,Yerba Playadito 1Kg,Almacén,1808.76,1774.34,1847.22,2060.73,2157.93
P02334,Arroz Gallo Oro 1Kg x4,Almacén,7836.72,9996.61,9255.6,9746.35,9833.6
P02335,Jabón Dove Original 90g,Higiene,1044.45,961.58,811.64,1013.92,815.71
P02336,Yogur Ser Vainilla 1Kg,Lácteos,13062.61,10596.67,9659.12,12066.43,11645.82
P02337,Galletitas Express 170g,Panificados,2245.1,2154.99,2559.28,2132.79,2315.76
P02338,Pasta Dental Colgate Total 90g,Higiene,6330.02,5618.74,5964.07,5853.81,6092.44
P02339,Pasta Dental Colgate Total 90g x3,Higiene,6186.76,5177.18,5154.59,4741.16,4769.43
P02340,Desodorante Rexona Hombre 150ml,Higiene,5326.04,5480.81,4869.95,4249.44,5238.09
P02341,Suavizante Comfort 900ml,Limpieza,1829.4,1485.19,1856.27,1620.29,1378.77
P02342,Azúcar Ledesma 1Kg,Almacén,11671.15,13214.3,12928.31,13250.57,10215.79
P02343,Leche Ilolay Descremada 1L,Lácteos,11086.48,11955.92,10259.86,10509.99,10433.66
P02344,Jabón Dove Original 90g,Higiene,9735.29,8822.87,10960.73,9333.96,8454.24
P02345,Desodorante Rexona Hombre 150ml,Higiene,8342.13,8196.86,8562.62,6534.66,8914.49
P02346,Cerveza Heineken 1L,Bebidas,7917.76,7030.84,9143.75,9144.4,8247.16
P02347,Pepsi 2.25L,Bebidas,5161.32,5352.8,5614.16,4840.51,5745.88
P02348,Jabón en Polvo Ala 3Kg x4,Limpieza,8358.22,7554.63,8036.74,7153.2,8063.37
P02349,Detergente Magistral Limón 750ml,Limpieza,6130.0,8275.69,7631.27,7886.99,8302.11
P02350,Cerveza Heineken 1L,Bebidas,10003.59,7250.62,8471.8,7861.2,10062.45
P02351,Leche La Serenísima Entera 1L,Lácteos,7241.88,7923.49,6804.59,8968.6,7862.87
P02352,Cerveza Heineken 1L,Bebidas,1361.53,1098.82,1184.41,1226.86,1239.73
P02353,Galletitas Express 170g,Panificados,5800.36,5436.1,6417.75,6171.07,7199.33
P02354,Pan Lactal Fargo 600g,Panificados,5656.0,5525.7,5900.16,5456.14,4920.6
P02355,Yerba Taragüi 1Kg x2,Almacén,11252.17,12415.36,10236.5,11882.29,10395.53
P02356,Queso Cremoso Tregar 1Kg,Lácteos,7152.45,7294.01,7874.24,7188.83,7763.14
P02357,Yerba Taragüi 1Kg x3,Almacén,7291.97,5800.4,6924.8,7446.02,6195.12
P02358,Arroz Gallo Oro 1Kg,Almacén,11577.25,10018.21,12520.23,9250.28,10823.73
P02359,Queso Cremoso Tregar 1Kg,Lácteos,2294.03,2693.51,2670.71,2034.2,2553.73
P02360,Galletitas Express 170g,Panificados,7928.29,8293.81,8166.77,6522.36,7396.98
P02361,Yerba Taragüi 1Kg,Almacén,4262.46,5541.99,5006.74,4135.66,5532.92
P02362,Pan Lactal Fargo 600g,Panificados,4610.46,4951.28,4849.07,5199.76,3989.24
P02363,Papel Higiénico Higienol 4 Rollos,Higiene,2441.01,2469.04,2518.24,2546.37,2224.3
P02364,Jabón en Polvo Ala 3Kg x3,Limpieza,4347.31,4112.39,5328.85,4821.99,4263.98
P02365,Pan Lactal Fargo 600g,Panificados,9708.65,10399.2,12292.91,12006.14,9765.49
P02366,Fideos Matarazzo Spaghetti 500g,Almacén,6751.91,6385.07,7511.84,7318.26,6554.42
P02367,Desodorante Poett Primavera 900ml,Limpieza,4916.74,4495.55,4411.89,4508.58,4711.73
P02368,Papel Higiénico Higienol 4 Rollos,Higiene,4895.43,4404.52,4862.17,4594.95,5168.46
P02369,Shampoo Pantene Restauración 400ml,Higiene,1672.2,2182.13,1979.76,2041.7,1738.43
P02370,Lavandina Ayudín 1L,Limpieza,6673.07,7787.01,7808.27,8252.4,6511.85
P02371,Pan Lactal Fargo 600g,Panificados,3097.19,3101.71,2779.82,3289.62,3346.27
P02372,Pasta Dental Colgate Total 90g,Higiene,10737.93,10053.05,10047.33,10322.08,10295.84
P02373,Galletitas Chocolinas 170g x4,Panificados,8291.49,7858.41,8408.93,9742.61,8050.86
P02374,Bizcochitos Don Satur 200g,Panificados,747.8,848.66,919.43,863.2,878.21
P02375,Azúcar Ledesma 1Kg,Almacén,10993.5,10526.76,12161.8,11129.7,9492.43
P02376,Pepsi 2.25L,Bebidas,998.42,1068.93,906.19,1056.41,1117.44
P02377,Jabón Dove Original 90g,Higiene,3753.53,3979.15,4378.92,4454.46,4413.25
P02378,Lavandina Ayudín 1L,Limpieza,4871.31,4856.44,4485.53,4978.83,5305.89
P02379,Leche La Serenísima Entera 1L,Lácteos,7832.74,10110.23,8231.71,9604.93,9626.12
P02380,Harina Blancaflor 1Kg,Almacén,12852.35,9678.07,12942.8,11677.86,11995.68
P02381,Queso Rallado La Paulina 40g,Lácteos,695.56,937.48,880.69,716.17,825.19
P02382,Pasta Dental Colgate Total 90g,Higiene,3926.12,4197.94,3387.46,4001.68,3285.53
P02383,Manteca Sancor 200g,Lácteos,6542.21,6754.54,8386.22,6981.03,7865.6
P02384,Galletitas Chocolinas 170g,Panificados,1785.01,1671.29,1487.25,1400.9,1614.0
P02385,Coca-Cola 2.25L x5,Bebidas,7398.56,8893.4,8123.46,7189.96,8789.84
P02386,Yerba Taragüi 1Kg,Almacén,5054.65,4498.46,3970.02,4756.12,4365.95
P02387,Pan Lactal Fargo 600g,Panificados,5989.5,7373.38,7697.47,7203.14,6279.38
P02388,Azúcar Ledesma 1Kg,Almacén,1309.31,1248.67,1093.18,1277.31,1362.0
P02389,Leche Ilolay Descremada 1L,Lácteos,870.75,1046.27,990.34,1163.54,1129.11
P02390,Agua Villavicencio 2.25L,Bebidas,10078.49,11895.9,11403.37,9639.37,12307.36
P02391,Cerveza Quilmes 1L,Bebidas,4195.87,4283.7,4452.92,5278.68,4014.96
P02392,Coca-Cola 2.25L,Bebidas,10746.49,12102.24,10546.0,11115.45,11391.85
P02393,Jugo Baggio Multifruta 1L x5,Bebidas,9817.82,9359.11,8742.67,11292.69,10612.73
P02394,Desodorante Poett Primavera 900ml,Limpieza,5555.03,5967.65,5545.47,6753.39,5899.94
P02395,Galletitas Chocolinas 170g,Panificados,12326.6,10458.24,12891.54,11459.11,10730.14
P02396,Azúcar Ledesma 1Kg x5,Almacén,3126.44,3268.92,3490.03,3040.28,3226.02
P02397,Pan Lactal Fargo 600g x4,Panificados,3637.65,3400.34,3269.66,3641.69,2980.02
P02398,Galletitas Express 170g,Panificados,6767.72,5758.46,5466.95,5616.84,5293.49
P02399,Leche Ilolay Descremada 1L x3,Lácteos,3564.87,3605.4,4143.79,3836.2,3968.5
P02400,Yerba Playadito 1Kg,Almacén,5482.65,6718.13,6930.13,6082.26,5930.88
P02401,Queso Rallado La Paulina 40g,Lácteos,6701.43,5338.17,5539.6,5722.62,5637.24
P02402,Lavandina Ayudín 1L,Limpieza,10502.23,9084.57,9398.78,9410.75,8959.75
P02403,Lavandina Ayudín 1L,Limpieza,3967.91,3718.13,4690.38,4795.56,4480.47
P02404,Cerveza Quilmes 1L x4,Bebidas,11186.11,9183.0,10874.02,9457.57,10299.18
P02405,Leche La Serenísima Entera 1L,Lácteos,4494.73,4511.87,4754.64,5204.93,5147.39
P02406,Bizcochitos Don Satur 200g,Panificados,7229.34,7741.44,8773.37,9553.15,8233.68
P02407,Desodorante Rexona Hombre 150ml,Higiene,2441.69,2509.34,2186.77,2497.26,2280.15
P02408,Pan de Campo Bimbo 500g,Panificados,8973.2,8175.51,8910.13,7172.86,9273.14
P02409,Cerveza Quilmes 1L,Bebidas,9759.86,8932.2,7802.97,9134.6,10096.61
P02410,Yogur Ser Vainilla 1Kg,Lácteos,2346.48,3041.57,2873.77,2729.64,2904.81
P02411,Yogur Ser Vainilla 1Kg,Lácteos,13442.1,12122.96,13307.11,13323.94,11899.31
P02412,Aceite Natura Girasol 1.5L,Almacén,1992.43,1928.95,1926.27,1797.61,1834.5
P02413,Yerba Playadito 1Kg x5,Almacén,5660.85,4989.28,4704.99,5962.98,4856.23
P02414,Shampoo Pantene Restauración 400ml,Higiene,5550.03,5307.77,5155.42,4921.91,6423.33
P02415,Manteca Sancor 200g,Lácteos,13847.11,11680.03,11332.69,13808.34,10872.59
P02416,Agua Villavicencio 2.25L,Bebidas,838.49,760.61,795.07,799.15,862.78
P02417,Pasta Dental Colgate Total 90g,Higiene,8419.47,8307.02,9369.95,8184.57,8805.33
P02418,Galletitas Chocolinas 170g,Panificados,4143.39,4028.41,3988.49,4611.69,4151.26
P02419,Azúcar Ledesma 1Kg,Almacén,1883.78,2100.19,2207.69,2092.83,2296.56
P02420,Pan Lactal Fargo 600g,Panificados,12532.01,11399.77,13670.02,12813.81,13568.88
P02421,Jugo Baggio Multifruta 1L,Bebidas,2467.32,2591.59,2429.23,2423.31,2911.72
P02422,Queso Rallado La Paulina 40g,Lácteos,3615.58,3719.06,3056.76,3219.86,3179.74
P02423,Bizcochitos Don Satur 200g,Panificados,7111.24,6515.9,6926.76,8492.37,8597.94
P02424,Galletitas Chocolinas 170g,Panificados,3113.84,3309.28,3357.66,3275.63,3526.11
P02425,Leche La Serenísima Entera 1L,Lácteos,9013.55,8714.61,10344.8,10811.89,9384.55
P02426,Jabón Dove Original 90g,Higiene,1103.17,865.63,1024.52,940.5,999.3
P02427,Desodorante Rexona Hombre 150ml,Higiene,9676.23,10796.96,8239.1,7952.45,9768.98
P02428,Manteca Sancor 200g,Lácteos,5208.71,4742.29,4810.53,4700.67,5213.23
P02429,Fideos Matarazzo Spaghetti 500g,Almacén,7583.32,6169.11,6627.09,7805.6,5984.47
P02430,Galletitas Express 170g,Panificados,8404.15,7039.86,7907.82,7836.2,7350.26
P02431,Leche La Serenísima Entera 1L,Lácteos,1526.33,1394.67,1217.45,1449.85,1432.17
P02432,Lavandina Ayudín 1L x3,Limpieza,6686.93,6142.08,7891.16,7615.24,5902.61
P02433,Queso Rallado La Paulina 40g,Lácteos,4882.05,5010.66,5247.19,4659.15,4716.46
P02434,Cerveza Quilmes 1L,Bebidas,7951.24,8483.58,8142.6,7620.13,8065.68
P02435,Yerba Taragüi 1Kg,Almacén,10669.6,7935.23,8354.78,8718.51,10309.8
P02436,Agua Villavicencio 2.25L,Bebidas,3848.09,4462.33,4430.56,3593.71,3578.31
P02437,Yerba Taragüi 1Kg,Almacén,1332.2,1456.27,1395.62,1436.49,1596.97
P02438,Suavizante Comfort 900ml,Limpieza,5931.59,5829.7,4570.28,4938.05,5518.45
P02439,Queso Rallado La Paulina 40g,Lácteos,3381.54,3602.95,3419.19,3001.69,2701.63
P02440,Cerveza Quilmes 1L x2,Bebidas,2221.34,2063.66,2186.74,1713.33,1810.18
P02441,Galletitas Express 170g,Panificados,10337.36,12924.79,10752.32,10854.84,9590.59
P02442,Papel Higiénico Higienol 4 Rollos,Higiene,12331.71,11013.6,10626.87,10477.32,13538.06
P02443,Lavandina Ayudín 1L,Limpieza,3278.78,2472.09,3365.62,3278.93,3363.74
P02444,Fideos Matarazzo Spaghetti 500g,Almacén,9021.93,9292.04,8906.12,8950.74,9713.73
P02445,Galletitas Express 170g,Panificados,5602.08,5555.32,6022.14,5885.62,4731.23
P02446,Suavizante Comfort 900ml x5,Limpieza,4844.71,6106.13,4769.05,6064.58,4798.89
P02447,Pasta Dental Colgate Total 90g,Higiene,1306.32,1373.97,1313.59,1358.79,1566.72
P02448,Pepsi 2.25L,Bebidas,6789.26,7874.39,6306.97,6825.33,6972.44
P02449,Jugo Baggio Multifruta 1L,Bebidas,8897.9,9225.12,9032.82,9392.26,7724.25
P02450,Cerveza Quilmes 1L,Bebidas,4652.35,4521.64,4132.4,5085.15,4777.63
P02451,Desodorante Rexona Hombre 150ml,Higiene,6137.98,6490.42,5223.81,5635.27,6267.98
P02452,Agua Villavicencio 2.25L,Bebidas,7401.21,6008.59,6952.06,6183.64,7422.85
P02453,Cerveza Heineken 1L,Bebidas,8876.47,8988.15,11534.41,8687.0,10695.0
P02454,Detergente Magistral Limón 750ml x4,Limpieza,7253.94,7871.53,7252.05,6967.97,7342.05
P02455,Harina Blancaflor 1Kg,Almacén,4660.63,5035.09,5268.48,5296.19,5093.04
P02456,Azúcar Ledesma 1Kg,Almacén,5412.03,5676.03,5474.92,5556.34,5499.17
P02457,Queso Rallado La Paulina 40g,Lácteos,4225.76,5014.59,4294.79,5112.96,3837.61
P02458,Queso Rallado La Paulina 40g,Lácteos,1146.84,1294.4,1312.09,1201.1,1374.0
P02459,Jabón en Polvo Ala 3Kg,Limpieza,2835.08,2658.16,2239.18,2367.19,2605.0
P02460,Yerba Taragüi 1Kg,Almacén,3763.84,3119.89,3629.3,3934.64,3829.79
P02461,Galletitas Express 170g,Panificados,9636.73,8030.15,8036.25,8270.5,7106.67
P02462,Desodorante Poett Primavera 900ml,Limpieza,10168.55,10253.86,10146.78,11665.98,13668.41
P02463,Detergente Magistral Limón 750ml x4,Limpieza,4493.07,4434.39,4996.98,4181.04,4712.95
P02464,Harina Blancaflor 1Kg,Almacén,13594.31,12467.41,10666.63,12285.71,12450.22
P02465,Yerba Playadito 1Kg,Almacén,4445.46,4465.08,3656.18,3865.42,4211.95
P02466,Detergente Magistral Limón 750ml,Limpieza,11267.01,11768.61,13090.5,10011.16,11749.13
P02467,Desodorante Rexona Hombre 150ml,Higiene,1150.33,1073.22,1307.35,1077.88,1111.64
P02468,Yerba Taragüi 1Kg,Almacén,6368.92,6803.99,5993.22,7253.51,6849.82
P02469,Papel Higiénico Higienol 4 Rollos,Higiene,8948.17,9088.93,8352.36,9144.57,9226.85
P02470,Desodorante Rexona Hombre 150ml x5,Higiene,4849.02,4370.92,5320.28,5905.27,4510.5
P02471,Pasta Dental Colgate Total 90g,Higiene,6325.43,6987.08,7161.53,7926.61,6394.2
P02472,Papel Higiénico Higienol 4 Rollos,Higiene,6206.36,6809.37,7011.55,6217.98,5645.89
P02473,Leche Ilolay Descremada 1L,Lácteos,12843.38,12471.8,12682.93,13789.38,10654.27
P02474,Agua Villavicencio 2.25L,Bebidas,2702.14,2503.51,2201.41,3035.0,2594.91
P02475,Coca-Cola 2.25L,Bebidas,8270.49,8357.0,7952.46,9357.52,8786.55
P02476,Jugo Baggio Multifruta 1L x2,Bebidas,8525.76,7438.65,9055.58,8611.1,7747.33
P02477,Agua Villavicencio 2.25L,Bebidas,9791.25,12066.91,11104.34,12400.74,11764.54
P02478,Leche La Serenísima Entera 1L,Lácteos,691.0,668.94,834.1,698.12,764.16
P02479,Azúcar Ledesma 1Kg,Almacén,9641.83,9208.62,7694.92,7957.02,8232.58
P02480,Jabón Dove Original 90g,Higiene,9773.07,10168.33,11832.38,11887.47,10981.73
P02481,Coca-Cola 2.25L,Bebidas,6118.08,5834.21,5008.53,5016.11,6096.52
P02482,Bizcochitos Don Satur 200g,Panificados,1129.68,1245.61,1487.57,1396.65,1086.58
P02483,Cerveza Heineken 1L x2,Bebidas,7298.15,7564.31,7150.58,7032.35,7846.86
P02484,Desodorante Rexona Hombre 150ml x3,Higiene,7809.6,8786.53,9835.41,9411.94,9208.63
P02485,Yogur Ser Vainilla 1Kg,Lácteos,4892.63,5402.35,5099.14,5586.11,4900.99
P02486,Pepsi 2.25L x4,Bebidas,9413.6,9993.12,9679.2,8903.99,10241.57
P02487,Queso Rallado La Paulina 40g,Lácteos,7024.43,7710.6,8361.8,8190.76,8916.08
P02488,Suavizante Comfort 900ml,Limpieza,10305.49,10744.25,10057.42,10255.03,12524.22
P02489,Yerba Taragüi 1Kg,Almacén,9316.19,9305.48,8575.8,7883.81,7657.25
P02490,Pepsi 2.25L,Bebidas,8368.43,9556.66,7046.47,9553.46,7027.29
P02491,Aceite Natura Girasol 1.5L,Almacén,9759.59,8929.17,9696.99,8874.23,11161.2
P02492,Aceite Natura Girasol 1.5L x3,Almacén,5890.48,6572.15,5098.72,5548.35,6550.49
P02493,Coca-Cola 2.25L,Bebidas,8217.15,6596.02,9054.77,8261.81,7897.65
P02494,Galletitas Express 170g,Panificados,9298.31,8828.95,9224.03,9567.77,7517.47
P02495,Detergente Magistral Limón 750ml,Limpieza,3647.85,4237.39,4267.24,3885.26,4376.33
P02496,Pan Lactal Fargo 600g x3,Panificados,9078.67,7459.67,9598.83,7171.53,8630.94
P02497,Desodorante Rexona Hombre 150ml,Higiene,4369.79,4963.64,4776.91,4680.95,5062.17
P02498,Arroz Gallo Oro 1Kg,Almacén,4272.64,4245.15,4952.2,5476.87,4815.15
P02499,Bizcochitos Don Satur 200g,Panificados,1698.39,1737.12,1467.01,1745.49,1406.63
P02500,Fideos Matarazzo Spaghetti 500g,Almacén,4930.0,4077.87,4832.08,4416.52,5098.09
P02501,Lavandina Ayudín 1L,Limpieza,7495.23,7606.67,8412.68,9140.92,8424.31
P02502,Azúcar Ledesma 1Kg,Almacén,6711.48,7052.73,6171.37,7323.16,7467.75
P02503,Leche La Serenísima Entera 1L,Lácteos,6058.5,7443.1,6034.03,7502.87,6739.86
P02504,Queso Cremoso Tregar 1Kg,Lácteos,5982.98,6714.28,6110.17,5893.29,6509.25
P02505,Harina Blancaflor 1Kg,Almacén,6402.39,7088.73,6471.37,6002.87,6418.9
P02506,Coca-Cola 2.25L,Bebidas,7523.55,7353.88,8921.06,9129.54,8988.05
P02507,Galletitas Express 170g x2,Panificados,1712.52,1760.22,1763.45,1882.6,1737.35
P02508,Leche Ilolay Descremada 1L,Lácteos,938.14,841.66,861.17,804.57,852.81
P02509,Arroz Gallo Oro 1Kg,Almacén,6679.25,6271.91,7348.38,7172.41,5809.92
P02510,Cerveza Heineken 1L,Bebidas,2055.17,2144.08,2052.95,1930.96,2090.24
P02511,Desodorante Poett Primavera 900ml,Limpieza,3417.28,3335.48,4004.73,3833.46,4114.74
P02512,Azúcar Ledesma 1Kg,Almacén,6457.81,6000.9,6397.77,5996.18,6687.47
P02513,Aceite Natura Girasol 1.5L,Almacén,11075.14,10650.54,12861.39,10229.17,11429.22
P02514,Lavandina Ayudín 1L,Limpieza,1639.99,1870.47,1931.24,1863.25,2115.57
P02515,Papel Higiénico Higienol 4 Rollos,Higiene,10036.83,9242.99,11846.06,12521.01,11309.86
P02516,Pasta Dental Colgate Total 90g x2,Higiene,11772.88,10343.22,10867.34,11449.36,10476.16
P02517,Galletitas Express 170g,Panificados,5501.42,6739.11,5736.02,6353.22,5726.02
P02518,Jugo Baggio Multifruta 1L,Bebidas,2162.83,2395.86,2781.99,2227.23,2268.81
P02519,Pan Lactal Fargo 600g x3,Panificados,8016.41,6036.94,6103.69,5929.9,6375.28
P02520,Cerveza Heineken 1L,Bebidas,2167.53,1892.35,1817.61,1748.0,1722.98
P02521,Fideos Matarazzo Spaghetti 500g,Almacén,4614.69,4403.55,4241.49,3390.15,3935.64
P02522,Azúcar Ledesma 1Kg,Almacén,10097.47,10752.16,10064.04,8467.6,11274.57
P02523,Coca-Cola 2.25L,Bebidas,1307.49,1383.2,1271.25,1099.31,1167.62
P02524,Cerveza Heineken 1L,Bebidas,10064.31,10736.55,10141.32,11043.71,10503.14
P02525,Cerveza Heineken 1L,Bebidas,2235.96,1772.03,2219.12,2249.24,1806.5
P02526,Papel Higiénico Higienol 4 Rollos,Higiene,3290.03,3217.13,3282.54,2576.86,2709.83
P02527,Suavizante Comfort 900ml x5,Limpieza,9692.1,8737.82,9959.86,10921.47,9405.85
P02528,Aceite Natura Girasol 1.5L,Almacén,9427.51,10259.39,9571.87,11132.9,9875.79
P02529,Yerba Playadito 1Kg,Almacén,6725.53,6083.1,6842.68,7364.09,7098.97
P02530,Jabón en Polvo Ala 3Kg,Limpieza,5073.74,7003.93,6866.89,5569.66,6096.56
P02531,Azúcar Ledesma 1Kg,Almacén,9041.6,9979.63,8262.17,9393.86,9529.44
P02532,Harina Blancaflor 1Kg,Almacén,3449.77,3166.57,2558.96,3144.26,2646.57
P02533,Galletitas Chocolinas 170g,Panificados,6237.87,5556.32,5796.84,5340.01,6208.59
P02534,Galletitas Chocolinas 170g x5,Panificados,6269.32,6115.0,5822.77,5329.76,5408.25
P02535,Azúcar Ledesma 1Kg,Almacén,2063.84,1574.0,2166.12,1725.25,1646.48
P02536,Galletitas Chocolinas 170g,Panificados,8997.12,8012.94,8296.35,9392.76,8899.72
P02537,Jabón en Polvo Ala 3Kg,Limpieza,9076.5,9374.14,9006.57,8676.6,9611.57
P02538,Cerveza Heineken 1L,Bebidas,4313.42,3992.11,3409.67,3869.38,3831.38
P02539,Leche La Serenísima Entera 1L,Lácteos,8201.88,6888.5,7462.18,7570.28,6869.31
P02540,Yogur Ser Vainilla 1Kg,Lácteos,10087.27,9967.99,10503.1,8332.53,8286.84
P02541,Pepsi 2.25L,Bebidas,4276.56,4419.49,4821.18,4535.01,3975.95
P02542,Harina Blancaflor 1Kg x5,Almacén,1636.51,1977.4,1531.85,1889.48,1807.52
P02543,Aceite Natura Girasol 1.5L,Almacén,1594.54,1431.08,1576.17,1596.39,1566.66
P02544,Pan de Campo Bimbo 500g,Panificados,7925.54,7118.74,6161.55,6957.81,7611.67
P02545,Lavandina Ayudín 1L x4,Limpieza,8114.16,8158.11,7666.62,9581.2,8572.24
P02546,Pepsi 2.25L,Bebidas,8057.71,9731.4,9940.63,10134.28,9722.68
P02547,Pan Lactal Fargo 600g,Panificados,8883.26,7163.89,7157.59,9356.85,8177.54
P02548,Jabón Dove Original 90g,Higiene,3363.13,3949.01,3477.27,4269.26,3506.47
P02549,Manteca Sancor 200g,Lácteos,7850.75,9311.87,8429.95,7895.08,8081.03
P02550,Jabón en Polvo Ala 3Kg,Limpieza,4207.82,3608.71,4162.56,4572.9,3351.2
P02551,Papel Higiénico Higienol 4 Rollos x4,Higiene,1355.09,1335.75,1534.04,1385.96,1190.28
P02552,Suavizante Comfort 900ml x4,Limpieza,11242.05,9439.71,9689.86,8606.88,11252.66
P02553,Papel Higiénico Higienol 4 Rollos,Higiene,3657.48,4924.83,3918.73,4511.06,4888.38
P02554,Leche La Serenísima Entera 1L,Lácteos,9259.66,7769.71,8894.23,8729.86,8870.93
P02555,Lavandina Ayudín 1L,Limpieza,5578.85,5329.44,4618.6,5742.0,6106.26
P02556,Desodorante Rexona Hombre 150ml,Higiene,816.12,1015.63,908.0,868.14,987.5
P02557,Shampoo Pantene Restauración 400ml,Higiene,4060.85,4634.6,4455.56,5239.36,4941.2
P02558,Jabón Dove Original 90g,Higiene,8110.77,7620.54,7352.73,9594.32,7320.99
P02559,Leche La Serenísima Entera 1L x3,Lácteos,3873.32,3695.04,3058.23,3026.32,3152.13
P02560,Azúcar Ledesma 1Kg,Almacén,7020.27,8380.85,7769.94,6917.36,6822.27
P02561,Detergente Magistral Limón 750ml,Limpieza,1012.45,780.82,834.15,751.06,741.41
P02562,Manteca Sancor 200g,Lácteos,2683.3,2133.51,2086.65,2530.82,2677.14
P02563,Fideos Matarazzo Spaghetti 500g,Almacén,10501.12,9206.26,8624.81,8635.14,11619.94
P02564,Bizcochitos Don Satur 200g,Panificados,1064.79,1212.83,1237.38,1108.46,1360.94
P02565,Desodorante Poett Primavera 900ml,Limpieza,4197.45,3624.84,4148.21,3196.44,4225.78
P02566,Detergente Magistral Limón 750ml,Limpieza,10058.61,10065.51,8821.59,10925.34,9533.18
P02567,Leche Ilolay Descremada 1L,Lácteos,7108.82,6830.43,6874.09,6924.59,7539.95
P02568,Pepsi 2.25L,Bebidas,9592.28,10846.55,10510.61,9216.96,11023.27
P02569,Pasta Dental Colgate Total 90g,Higiene,3973.8,4255.12,3912.56,3465.78,3699.56
P02570,Yogur Ser Vainilla 1Kg,Lácteos,870.18,760.81,779.89,741.57,720.77
P02571,Fideos Matarazzo Spaghetti 500g,Almacén,4629.72,3925.84,4642.97,3593.13,4047.51
P02572,Queso Cremoso Tregar 1Kg x2,Lácteos,9529.71,11657.57,11191.96,10661.09,10446.94
P02573,Lavandina Ayudín 1L,Limpieza,2470.32,2078.54,1842.51,2019.53,2316.43
P02574,Papel Higiénico Higienol 4 Rollos,Higiene,7674.76,7760.58,6004.54,7130.26,7607.58
P02575,Galletitas Express 170g,Panificados,8881.68,8580.69,8283.66,9924.24,9700.68
P02576,Papel Higiénico Higienol 4 Rollos,Higiene,11835.69,12454.64,12834.73,11309.51,11075.87
P02577,Leche Ilolay Descremada 1L,Lácteos,2713.21,2723.62,2381.77,2956.08,2846.7
P02578,Manteca Sancor 200g,Lácteos,2002.3,2406.71,2073.52,1756.56,2065.38
P02579,Jabón Dove Original 90g x3,Higiene,8454.55,8284.81,9799.66,7573.67,9305.19
P02580,Papel Higiénico Higienol 4 Rollos,Higiene,13374.56,11636.15,10158.31,10373.04,10678.55
P02581,Detergente Magistral Limón 750ml,Limpieza,1767.17,1775.81,1723.77,1487.4,1652.9
P02582,Queso Rallado La Paulina 40g,Lácteos,9571.05,7902.04,8865.25,9249.99,8570.61
P02583,Cerveza Heineken 1L,Bebidas,8654.62,8892.69,7104.73,6996.64,7824.67
P02584,Jabón en Polvo Ala 3Kg,Limpieza,7849.94,6173.78,7189.79,7072.47,6463.11
P02585,Leche Ilolay Descremada 1L,Lácteos,8852.29,8823.05,8491.05,9843.96,8973.33
P02586,Galletitas Express 170g,Panificados,10916.54,9813.06,10061.7,10210.65,11871.94
P02587,Galletitas Express 170g,Panificados,7633.58,6698.51,7661.58,7711.7,6596.75
P02588,Jabón en Polvo Ala 3Kg,Limpieza,8996.34,6664.5,8852.12,8137.39,7333.83
P02589,Desodorante Rexona Hombre 150ml,Higiene,12411.1,12834.1,10570.22,9741.03,9698.9
P02590,Desodorante Rexona Hombre 150ml,Higiene,12045.54,10322.75,12728.61,10982.53,9451.75
P02591,Leche Ilolay Descremada 1L,Lácteos,3305.68,3546.96,4197.88,4336.27,3517.88
P02592,Desodorante Poett Primavera 900ml,Limpieza,4490.15,4148.64,4316.72,3375.15,3642.4
P02593,Desodorante Rexona Hombre 150ml,Higiene,7378.89,7505.35,6431.81,6210.52,7458.19
P02594,Detergente Magistral Limón 750ml,Limpieza,3405.0,2985.17,3762.46,2807.2,3773.54
P02595,Azúcar Ledesma 1Kg,Almacén,7201.3,8455.83,7337.27,8395.48,6809.75
P02596,Harina Blancaflor 1Kg,Almacén,12460.24,13043.96,10380.76,12944.32,10870.63
P02597,Bizcochitos Don Satur 200g,Panificados,10064.09,9263.17,9293.57,10770.89,11774.73
P02598,Pasta Dental Colgate Total 90g x4,Higiene,11950.83,9821.67,10840.52,10088.13,9991.31
P02599,Pan de Campo Bimbo 500g,Panificados,11291.78,11615.78,9234.07,10177.81,11474.5
P02600,Detergente Magistral Limón 750ml,Limpieza,4407.22,3766.33,3467.85,4051.95,3728.11
P02601,Desodorante Rexona Hombre 150ml x4,Higiene,5444.96,6776.81,6860.74,7190.9,6601.93
P02602,Queso Cremoso Tregar 1Kg,Lácteos,5003.62,4598.77,5449.43,5306.37,4149.16
P02603,Cerveza Heineken 1L,Bebidas,11771.83,11638.03,12752.78,10341.08,12594.16
P02604,Azúcar Ledesma 1Kg,Almacén,9737.94,8334.62,7776.56,9568.49,7497.46
P02605,Papel Higiénico Higienol 4 Rollos,Higiene,10015.64,10720.02,12867.46,11461.51,11189.86
P02606,Cerveza Heineken 1L,Bebidas,1692.63,1958.56,1664.93,2221.8,2125.27
P02607,Detergente Magistral Limón 750ml,Limpieza,5480.78,5626.9,5009.91,4429.45,5388.77
P02608,Agua Villavicencio 2.25L,Bebidas,10179.99,10808.61,10489.23,11128.98,10747.72
P02609,Manteca Sancor 200g,Lácteos,3968.31,4562.62,4324.87,4483.49,4915.68
P02610,Leche La Serenísima Entera 1L,Lácteos,5685.4,4952.17,5443.5,4404.73,5728.97
P02611,Queso Cremoso Tregar 1Kg x4,Lácteos,9656.38,12219.18,11417.93,8970.65,12392.67
P02612,Jugo Baggio Multifruta 1L,Bebidas,4688.01,5088.47,4423.88,5073.35,4751.19
P02613,Yerba Playadito 1Kg,Almacén,9332.38,11075.6,11141.27,9124.12,11311.45
P02614,Galletitas Chocolinas 170g,Panificados,4830.73,3868.64,4225.8,4406.77,4964.98
P02615,Leche La Serenísima Entera 1L,Lácteos,10961.84,8383.07,8070.12,9721.99,8248.7
P02616,Yerba Playadito 1Kg,Almacén,8201.82,11224.99,11117.1,10347.6,11099.5
P02617,Arroz Gallo Oro 1Kg,Almacén,8962.48,9274.88,9258.87,8666.27,8255.02
P02618,Queso Cremoso Tregar 1Kg x5,Lácteos,4467.63,4027.95,4653.44,4307.26,4110.43
P02619,Azúcar Ledesma 1Kg x4,Almacén,6182.83,5104.61,6598.36,6171.92,5665.23
P02620,Pan Lactal Fargo 600g x5,Panificados,11395.89,10377.66,12649.59,10441.41,11410.79
P02621,Fideos Matarazzo Spaghetti 500g x3,Almacén,12706.71,10063.56,11352.9,10952.33,10276.51
P02622,Aceite Natura Girasol 1.5L,Almacén,10918.25,9016.16,12284.27,11578.89,9257.57
P02623,Lavandina Ayudín 1L,Limpieza,6264.37,6935.63,6574.2,5524.31,6553.0
P02624,Arroz Gallo Oro 1Kg x5,Almacén,3247.25,4013.29,3504.5,3075.9,3386.46
P02625,Yogur Ser Vainilla 1Kg,Lácteos,7572.99,8765.02,8776.94,9172.31,8251.36
P02626,Pepsi 2.25L,Bebidas,7699.55,7894.04,8236.06,7627.68,6768.07
P02627,Aceite Natura Girasol 1.5L,Almacén,12953.39,10969.44,10577.34,10952.81,10505.48
P02628,Suavizante Comfort 900ml,Limpieza,11036.26,8568.02,8167.59,10520.27,8893.13
P02629,Pepsi 2.25L,Bebidas,7640.24,7793.08,7620.11,7045.38,6113.84
P02630,Fideos Matarazzo Spaghetti 500g,Almacén,2425.99,2155.13,1918.8,2444.92,2224.86
P02631,Jugo Baggio Multifruta 1L x5,Bebidas,3072.7,3734.64,3059.68,3650.26,3091.32
P02632,Papel Higiénico Higienol 4 Rollos,Higiene,10948.45,12936.07,10179.7,12654.16,12102.28
P02633,Jugo Baggio Multifruta 1L,Bebidas,10017.46,10041.49,10460.12,9387.24,8460.17
P02634,Cerveza Heineken 1L x5,Bebidas,7908.3,7843.01,7379.15,7846.02,9921.1
P02635,Desodorante Rexona Hombre 150ml,Higiene,3518.46,3776.36,3932.72,3807.69,3524.22
P02636,Detergente Magistral Limón 750ml x4,Limpieza,1460.95,1571.47,1462.65,1599.54,1684.08
P02637,Desodorante Poett Primavera 900ml,Limpieza,8727.4,10367.88,8227.05,8031.24,8527.89
P02638,Fideos Matarazzo Spaghetti 500g x2,Almacén,3776.36,3816.93,3803.24,3516.57,3392.63
P02639,Harina Blancaflor 1Kg,Almacén,11582.03,9886.0,11499.71,9727.7,10009.08
P02640,Galletitas Express 170g,Panificados,5018.15,5050.3,5174.81,5779.2,5542.14
P02641,Harina Blancaflor 1Kg,Almacén,7476.35,8086.51,7423.16,8856.58,6917.84
P02642,Cerveza Quilmes 1L x4,Bebidas,941.75,837.88,962.06,776.46,821.05
P02643,Pasta Dental Colgate Total 90g,Higiene,5877.83,5824.79,6239.66,4821.23,4727.03
P02644,Pan Lactal Fargo 600g,Panificados,2083.98,1917.68,2525.92,2309.67,2489.99
P02645,Galletitas Express 170g x5,Panificados,9683.26,10216.45,10830.24,11019.61,9460.61
P02646,Pasta Dental Colgate Total 90g,Higiene,6686.8,7608.73,6734.43,6526.88,7607.28
P02647,Papel Higiénico Higienol 4 Rollos,Higiene,10834.22,8549.75,10666.97,9425.57,10541.14
P02648,Pan Lactal Fargo 600g,Panificados,7253.95,6683.93,7182.88,6791.26,7497.77
P02649,Azúcar Ledesma 1Kg,Almacén,11656.37,10481.88,10104.18,11708.67,10854.87
P02650,Pasta Dental Colgate Total 90g,Higiene,8452.41,6791.78,7498.8,7446.68,7863.01
P02651,Agua Villavicencio 2.25L,Bebidas,1388.11,1114.39,1211.78,1360.4,1376.72
P02652,Pan de Campo Bimbo 500g x3,Panificados,7653.01,7414.06,6921.66,7994.39,6385.35
P02653,Galletitas Chocolinas 170g,Panificados,9521.24,9876.31,8315.21,8775.7,9223.34
P02654,Lavandina Ayudín 1L,Limpieza,12694.03,10504.27,12081.92,10782.17,12074.72
P02655,Desodorante Poett Primavera 900ml x5,Limpieza,6732.14,7811.31,8318.82,6344.83,8662.48
P02656,Suavizante Comfort 900ml,Limpieza,993.49,870.99,1082.8,1161.21,1001.27
P02657,Bizcochitos Don Satur 200g,Panificados,5880.42,5636.95,6410.71,7158.5,7595.03
P02658,Queso Rallado La Paulina 40g,Lácteos,11479.37,10981.95,10981.05,10261.29,11456.56
P02659,Shampoo Pantene Restauración 400ml,Higiene,10342.85,9576.45,9526.45,10652.63,8183.2
P02660,Arroz Gallo Oro 1Kg,Almacén,8301.26,7895.3,7284.13,6725.01,9061.01
P02661,Agua Villavicencio 2.25L x3,Bebidas,10369.47,12567.17,13668.41,13715.97,12494.04
P02662,Fideos Matarazzo Spaghetti 500g,Almacén,7138.7,7064.17,8019.96,6966.17,7639.57
P02663,Detergente Magistral Limón 750ml,Limpieza,5210.55,4320.54,4095.46,3996.12,4632.62
P02664,Coca-Cola 2.25L,Bebidas,5068.07,4894.86,6135.91,5969.35,6714.92
P02665,Desodorante Rexona Hombre 150ml x5,Higiene,7550.94,7083.44,8321.41,8308.03,8943.09
P02666,Agua Villavicencio 2.25L,Bebidas,6402.38,6433.92,5505.39,6615.75,5621.85
P02667,Azúcar Ledesma 1Kg,Almacén,4347.9,3708.0,4945.19,4554.13,4264.68
P02668,Pepsi 2.25L x2,Bebidas,9216.9,9196.52,7809.83,8088.08,9074.41
P02669,Jabón en Polvo Ala 3Kg,Limpieza,10191.66,13934.95,10931.46,13253.39,13806.44
P02670,Cerveza Heineken 1L,Bebidas,2656.26,2556.73,2624.13,1981.05,2039.61
P02671,Agua Villavicencio 2.25L,Bebidas,4052.27,4550.76,4250.82,3727.07,4337.62
P02672,Bizcochitos Don Satur 200g x3,Panificados,11215.64,10307.15,9586.5,10805.27,10690.39
P02673,Leche Ilolay Descremada 1L,Lácteos,9168.91,11206.75,11206.89,9380.38,8095.34
P02674,Manteca Sancor 200g,Lácteos,8595.61,10704.09,9640.24,10030.31,8072.29
P02675,Leche La Serenísima Entera 1L x4,Lácteos,5334.79,6291.77,5605.27,6216.6,5987.56
P02676,Queso Rallado La Paulina 40g,Lácteos,6189.71,6154.53,6281.43,6047.64,6617.63
P02677,Yerba Playadito 1Kg,Almacén,6187.92,7590.46,6321.66,5669.57,7492.44
P02678,Detergente Magistral Limón 750ml x5,Limpieza,2514.63,2293.5,2170.97,2249.46,1924.23
P02679,Galletitas Chocolinas 170g x3,Panificados,2243.13,2214.35,1805.2,2005.39,2050.66
P02680,Pepsi 2.25L,Bebidas,8505.26,10008.94,10635.51,10100.68,8377.13
P02681,Agua Villavicencio 2.25L,Bebidas,4382.26,4224.83,4126.86,4106.97,4650.93
P02682,Papel Higiénico Higienol 4 Rollos x3,Higiene,9243.58,9017.86,7241.38,7233.05,8503.47
P02683,Pan Lactal Fargo 600g x5,Panificados,6842.09,5757.74,6118.01,5659.14,6294.44
P02684,Jabón en Polvo Ala 3Kg,Limpieza,6167.6,6182.38,4808.5,5979.46,5829.94
P02685,Desodorante Poett Primavera 900ml,Limpieza,7523.19,9112.85,9131.32,8107.37,7655.86
P02686,Manteca Sancor 200g,Lácteos,9830.42,9812.15,11059.29,9794.08,8472.42
P02687,Arroz Gallo Oro 1Kg,Almacén,8383.16,7594.73,9108.43,9191.63,7933.91
P02688,Lavandina Ayudín 1L,Limpieza,686.01,809.23,612.15,722.05,772.77
P02689,Fideos Matarazzo Spaghetti 500g,Almacén,5281.74,4630.96,5633.95,5766.03,5802.48
P02690,Detergente Magistral Limón 750ml,Limpieza,2141.22,2103.75,2523.47,2498.85,1962.52
P02691,Cerveza Heineken 1L,Bebidas,4978.07,4907.33,5820.09,4458.07,4386.47
P02692,Jabón en Polvo Ala 3Kg,Limpieza,1493.29,1489.34,1353.57,1532.36,1548.67
P02693,Fideos Matarazzo Spaghetti 500g,Almacén,3494.91,2888.51,3092.92,3854.65,3152.51
P02694,Arroz Gallo Oro 1Kg,Almacén,12057.3,12295.11,13043.25,11433.66,11993.08
P02695,Galletitas Chocolinas 170g,Panificados,1112.12,1146.72,933.8,1115.27,987.58
P02696,Pan de Campo Bimbo 500g,Panificados,9532.65,11834.96,11618.01,9436.79,9201.08
P02697,Shampoo Pantene Restauración 400ml,Higiene,8860.15,9114.2,9433.82,8785.52,9375.15
P02698,Queso Cremoso Tregar 1Kg,Lácteos,4041.47,3676.54,3617.74,4094.96,4113.46
P02699,Galletitas Express 170g x2,Panificados,9936.96,11284.84,10489.51,10085.39,9262.31
P02700,Pan Lactal Fargo 600g,Panificados,9543.65,10291.59,10101.56,10988.43,12996.38
P02701,Leche Ilolay Descremada 1L,Lácteos,5100.2,4221.26,4397.67,4788.27,3959.12
P02702,Cerveza Heineken 1L,Bebidas,2002.28,1742.24,1535.81,1873.49,1610.15
P02703,Queso Cremoso Tregar 1Kg,Lácteos,3649.55,4013.43,4119.49,3858.34,3949.5
P02704,Manteca Sancor 200g,Lácteos,8985.01,11363.24,10576.94,11617.58,9797.74
P02705,Lavandina Ayudín 1L,Limpieza,5038.29,6023.92,4939.46,4720.73,5445.24
P02706,Harina Blancaflor 1Kg,Almacén,4553.22,4598.67,5327.54,5694.52,4417.09
P02707,Shampoo Pantene Restauración 400ml,Higiene,4885.71,4278.51,4424.98,4320.69,3794.08
P02708,Aceite Natura Girasol 1.5L,Almacén,6379.96,6051.64,5462.54,6935.54,6863.19
P02709,Pan de Campo Bimbo 500g,Panificados,6462.27,7649.99,8605.46,6268.22,6378.37
P02710,Desodorante Poett Primavera 900ml,Limpieza,7815.82,9636.99,8873.13,9854.18,8088.63
P02711,Yogur Ser Vainilla 1Kg,Lácteos,2131.54,2580.12,2002.41,2224.09,2570.45
P02712,Manteca Sancor 200g,Lácteos,7213.2,5849.98,7064.04,5775.37,7893.45
P02713,Jugo Baggio Multifruta 1L x5,Bebidas,4304.21,4305.55,3344.19,3664.83,3628.27
P02714,Jabón en Polvo Ala 3Kg,Limpieza,11192.31,8271.33,8411.13,8340.8,8798.01
P02715,Pepsi 2.25L,Bebidas,10753.39,11422.44,10393.4,10984.06,10359.72
P02716,Yogur Ser Vainilla 1Kg,Lácteos,8600.56,8633.59,8621.6,8071.51,8632.2
P02717,Papel Higiénico Higienol 4 Rollos,Higiene,2292.65,1979.23,1842.83,2209.23,2186.23
P02718,Yerba Playadito 1Kg,Almacén,9399.7,10099.34,8846.91,9173.36,8933.69
P02719,Jugo Baggio Multifruta 1L,Bebidas,2146.88,2344.51,2267.39,1841.68,2074.79
P02720,Manteca Sancor 200g,Lácteos,9757.9,8964.43,8270.6,9558.45,9633.14
P02721,Cerveza Quilmes 1L,Bebidas,2037.63,1769.1,1771.95,2096.24,1731.88
P02722,Manteca Sancor 200g,Lácteos,3932.43,3959.44,3722.81,3276.91,3571.3
P02723,Suavizante Comfort 900ml x4,Limpieza,4142.96,4520.26,4018.73,4271.76,4251.31
P02724,Shampoo Pantene Restauración 400ml,Higiene,11453.06,10645.0,9575.1,10818.75,11597.68
P02725,Galletitas Chocolinas 170g,Panificados,8274.03,10073.72,9246.9,10009.33,9914.19
P02726,Galletitas Chocolinas 170g,Panificados,952.01,1074.64,1060.93,816.18,1041.34
P02727,Pan de Campo Bimbo 500g,Panificados,1537.18,2023.27,2095.04,1897.31,1526.76
P02728,Fideos Matarazzo Spaghetti 500g x5,Almacén,2740.98,2461.93,3135.68,3072.55,2764.09
P02729,Queso Rallado La Paulina 40g,Lácteos,2280.08,2330.79,2163.28,2381.91,2111.96
P02730,Pasta Dental Colgate Total 90g,Higiene,4140.26,3874.57,4290.8,3962.55,5152.56
P02731,Pan de Campo Bimbo 500g,Panificados,12120.94,11178.38,13485.83,11540.03,13090.69
P02732,Galletitas Chocolinas 170g,Panificados,835.66,908.88,844.29,924.77,797.25
P02733,Agua Villavicencio 2.25L,Bebidas,10681.83,10042.41,11320.16,10601.71,12424.28
P02734,Cerveza Heineken 1L,Bebidas,11398.61,9975.63,8782.14,9632.89,10775.16
P02735,Queso Cremoso Tregar 1Kg,Lácteos,5623.96,5375.19,6184.16,5712.71,7173.28
P02736,Leche La Serenísima Entera 1L x4,Lácteos,6493.41,8038.79,7211.68,7515.27,8141.94
P02737,Detergente Magistral Limón 750ml x5,Limpieza,12160.43,9018.54,12047.07,11873.08,9473.86
P02738,Lavandina Ayudín 1L x5,Limpieza,11435.67,13225.8,10574.63,12992.84,11772.94
P02739,Arroz Gallo Oro 1Kg,Almacén,5868.1,6266.08,4955.46,5305.32,6108.3
P02740,Shampoo Pantene Restauración 400ml,Higiene,7479.74,8177.82,7142.89,7213.52,7279.95
P02741,Cerveza Quilmes 1L,Bebidas,11399.56,10222.88,10214.29,9701.94,11116.58
P02742,Aceite Natura Girasol 1.5L x2,Almacén,11165.48,12445.5,11993.05,9638.11,10492.36
P02743,Jugo Baggio Multifruta 1L,Bebidas,9963.71,8022.93,9821.3,8464.77,9816.54
P02744,Detergente Magistral Limón 750ml x4,Limpieza,7008.51,6055.31,5210.6,5829.17,5386.5
P02745,Queso Cremoso Tregar 1Kg x3,Lácteos,2386.28,2051.68,2519.67,2343.6,2357.61
P02746,Leche La Serenísima Entera 1L,Lácteos,5695.83,4709.67,5589.68,6341.87,4825.32
P02747,Azúcar Ledesma 1Kg,Almacén,889.05,1039.75,993.03,921.94,971.48
P02748,Pasta Dental Colgate Total 90g,Higiene,11082.53,12730.84,9330.28,10232.23,11632.67
P02749,Desodorante Poett Primavera 900ml,Limpieza,7109.33,9245.71,6929.72,7726.58,7324.0
P02750,Aceite Natura Girasol 1.5L,Almacén,1340.74,1476.32,1681.23,1661.9,1712.35
P02751,Yerba Playadito 1Kg x5,Almacén,1022.7,998.7,1019.6,806.9,902.71
P02752,Leche Ilolay Descremada 1L,Lácteos,887.53,1133.81,928.4,984.0,952.44
P02753,Cerveza Heineken 1L x2,Bebidas,9162.05,9554.14,9714.4,10196.72,9401.67
P02754,Yerba Playadito 1Kg,Almacén,4013.22,4380.96,4423.68,4421.61,4237.75
P02755,Galletitas Chocolinas 170g,Panificados,12814.43,11920.06,10510.28,11394.15,13033.28
P02756,Desodorante Poett Primavera 900ml,Limpieza,4662.89,4200.52,4217.93,4705.79,5311.39
P02757,Jabón en Polvo Ala 3Kg,Limpieza,8260.47,8934.27,7116.41,8757.88,8585.67
P02758,Yerba Playadito 1Kg,Almacén,3890.97,4020.32,4145.63,3158.86,3887.84
P02759,Pan de Campo Bimbo 500g,Panificados,9168.28,9194.13,9641.28,8080.97,9694.66
P02760,Bizcochitos Don Satur 200g,Panificados,8140.9,9552.74,10447.07,9634.81,9737.43
P02761,Desodorante Rexona Hombre 150ml,Higiene,6263.03,6813.46,5464.24,5512.35,5036.99
P02762,Jugo Baggio Multifruta 1L,Bebidas,7813.35,8577.67,8229.08,8934.83,7542.36
P02763,Suavizante Comfort 900ml,Limpieza,7659.18,6929.77,7972.15,7859.34,6371.56
P02764,Galletitas Express 170g,Panificados,1237.6,1216.79,1038.84,1263.71,1154.52
P02765,Cerveza Heineken 1L x3,Bebidas,11408.13,11670.28,12975.53,12463.95,10984.11
P02766,Pepsi 2.25L,Bebidas,5992.23,6688.77,6791.28,5819.83,5155.05
P02767,Papel Higiénico Higienol 4 Rollos,Higiene,8247.2,7360.0,7027.71,7488.28,6988.1
P02768,Aceite Natura Girasol 1.5L,Almacén,3989.5,4378.49,4281.93,5046.38,4706.99
P02769,Suavizante Comfort 900ml,Limpieza,10744.72,10136.71,9871.05,10997.2,10795.01
P02770,Fideos Matarazzo Spaghetti 500g,Almacén,10264.69,9217.49,9362.35,11628.84,11691.1
P02771,Aceite Natura Girasol 1.5L,Almacén,10911.0,9359.31,8452.16,10149.5,8424.92
P02772,Shampoo Pantene Restauración 400ml,Higiene,3122.43,3479.08,3153.08,3501.21,3434.0
P02773,Pan de Campo Bimbo 500g,Panificados,8492.07,9066.62,9322.68,7070.97,7506.79
P02774,Pan de Campo Bimbo 500g,Panificados,5612.26,4859.79,4454.91,5126.29,4582.49
P02775,Fideos Matarazzo Spaghetti 500g x4,Almacén,8258.28,8373.27,9127.19,9116.31,11351.83
P02776,Leche La Serenísima Entera 1L,Lácteos,5188.71,5209.83,6383.22,6464.52,4816.68
P02777,Agua Villavicencio 2.25L,Bebidas,9127.33,8579.09,9929.5,10090.96,10629.11
P02778,Shampoo Pantene Restauración 400ml,Higiene,5842.58,6169.82,5407.02,4519.94,4530.56
P02779,Leche Ilolay Descremada 1L,Lácteos,6058.66,6771.67,6706.58,7495.51,7792.74
P02780,Queso Cremoso Tregar 1Kg x2,Lácteos,9753.32,10917.65,11124.15,9766.48,11453.01
P02781,Fideos Matarazzo Spaghetti 500g,Almacén,5357.85,5641.72,5805.57,5369.19,5829.32
P02782,Lavandina Ayudín 1L,Limpieza,5246.68,5022.09,5745.52,5918.3,5074.66
P02783,Galletitas Express 170g,Panificados,8676.38,8117.19,8128.31,7831.57,7438.34
P02784,Coca-Cola 2.25L,Bebidas,2381.67,2093.27,1808.48,2378.45,2370.64
P02785,Pan de Campo Bimbo 500g,Panificados,5511.86,5030.61,4627.94,5839.18,5800.21
P02786,Coca-Cola 2.25L,Bebidas,7848.89,8260.9,6634.07,6782.06,8444.71
P02787,Fideos Matarazzo Spaghetti 500g x2,Almacén,6620.89,6846.2,8033.13,7645.65,6443.47
P02788,Azúcar Ledesma 1Kg,Almacén,9983.57,11497.72,13227.03,10533.82,13037.35
P02789,Pepsi 2.25L,Bebidas,6408.26,5689.79,5074.12,6941.96,5988.76
P02790,Galletitas Chocolinas 170g,Panificados,7893.77,7775.26,6973.97,8211.19,8473.38
P02791,Azúcar Ledesma 1Kg,Almacén,1014.74,914.24,1011.44,1045.74,827.65
P02792,Arroz Gallo Oro 1Kg,Almacén,9926.56,8821.09,9377.21,8988.98,10295.4
P02793,Lavandina Ayudín 1L x3,Limpieza,8068.37,7839.4,8879.91,8591.43,8357.0
P02794,Desodorante Rexona Hombre 150ml,Higiene,6411.99,5878.99,6185.24,5660.12,6494.9
P02795,Coca-Cola 2.25L,Bebidas,6121.23,5982.97,8003.08,6705.49,6785.84
P02796,Arroz Gallo Oro 1Kg,Almacén,9567.6,10253.64,7599.13,8090.67,9565.14
P02797,Desodorante Rexona Hombre 150ml,Higiene,2466.32,2361.17,2608.69,2595.7,2883.48
P02798,Pan de Campo Bimbo 500g,Panificados,8740.04,7862.32,9314.81,9885.73,8258.37
P02799,Arroz Gallo Oro 1Kg,Almacén,7218.04,7026.22,5678.49,5432.2,6779.03
P02800,Jabón en Polvo Ala 3Kg,Limpieza,10357.24,9949.61,11955.5,10274.47,11481.61
P02801,Leche Ilolay Descremada 1L,Lácteos,9215.12,11796.48,10744.19,10396.13,9098.03
P02802,Pan Lactal Fargo 600g,Panificados,8869.67,9893.44,9609.76,8667.22,9346.9
P02803,Leche La Serenísima Entera 1L,Lácteos,11663.8,9195.49,10388.25,10122.57,10133.79
P02804,Manteca Sancor 200g,Lácteos,7182.44,6197.93,6732.01,6854.06,5706.16
P02805,Pan de Campo Bimbo 500g,Panificados,2608.26,2797.76,2196.5,2664.25,2642.2
P02806,Leche La Serenísima Entera 1L,Lácteos,5415.43,4272.45,5285.27,5295.36,4794.39
P02807,Galletitas Express 170g,Panificados,9926.13,8502.22,8478.26,10191.34,9174.75
P02808,Pan de Campo Bimbo 500g x3,Panificados,8685.29,8152.48,9610.62,7957.57,9158.66
P02809,Cerveza Quilmes 1L,Bebidas,859.22,683.23,707.22,862.77,797.49
P02810,Jabón Dove Original 90g,Higiene,3257.71,3002.43,3039.36,3285.28,2966.17
P02811,Yerba Taragüi 1Kg,Almacén,10216.08,9809.13,8056.91,8921.45,10126.04
P02812,Pasta Dental Colgate Total 90g x3,Higiene,1532.91,1517.49,1403.48,1529.17,1611.67
P02813,Pan de Campo Bimbo 500g,Panificados,1342.27,1472.78,1306.04,1307.97,1450.34
P02814,Arroz Gallo Oro 1Kg,Almacén,2443.16,2635.04,3196.08,2566.69,2469.3
P02815,Jabón Dove Original 90g,Higiene,5212.76,5203.06,4309.87,4557.34,4927.09
P02816,Queso Cremoso Tregar 1Kg,Lácteos,11858.73,9808.56,9712.91,9437.78,11402.09
P02817,Galletitas Chocolinas 170g,Panificados,10645.29,9727.36,11113.19,9378.46,11049.23
P02818,Leche La Serenísima Entera 1L,Lácteos,7535.87,8423.23,7620.97,7145.32,8010.94
P02819,Desodorante Poett Primavera 900ml,Limpieza,5797.95,6105.78,6162.59,6237.0,6124.59
P02820,Azúcar Ledesma 1Kg x3,Almacén,5366.72,4961.12,4965.79,4737.17,4867.02
P02821,Yerba Playadito 1Kg,Almacén,3672.0,4100.95,3752.08,3375.78,3770.31
P02822,Pepsi 2.25L,Bebidas,11137.61,12469.29,11383.64,10571.19,10572.5
P02823,Fideos Matarazzo Spaghetti 500g,Almacén,2622.64,2794.74,2359.65,2561.26,2262.86
P02824,Desodorante Poett Primavera 900ml,Limpieza,3033.0,2253.9,2663.18,2440.97,2483.41
P02825,Cerveza Heineken 1L,Bebidas,5706.88,6183.46,5440.73,5064.29,6525.53
P02826,Azúcar Ledesma 1Kg,Almacén,4638.61,4222.7,4464.15,4409.58,3522.63
P02827,Jabón en Polvo Ala 3Kg,Limpieza,5367.66,5793.7,5920.67,5853.89,6635.07
P02828,Pan Lactal Fargo 600g,Panificados,5295.31,5280.19,4968.38,4263.32,5702.53
P02829,Leche La Serenísima Entera 1L,Lácteos,10425.23,9510.15,8809.06,11605.51,11268.82
P02830,Harina Blancaflor 1Kg,Almacén,6674.5,6306.74,6632.64,6593.72,6553.29
P02831,Papel Higiénico Higienol 4 Rollos,Higiene,4003.21,4002.98,3330.58,3823.34,3474.72
P02832,Bizcochitos Don Satur 200g,Panificados,4853.94,6600.04,6518.51,5182.51,5153.61
P02833,Azúcar Ledesma 1Kg x5,Almacén,7698.41,6748.84,8526.18,8413.86,7305.54
P02834,Fideos Matarazzo Spaghetti 500g,Almacén,12034.69,11520.33,10688.8,11185.86,13432.43
P02835,Fideos Matarazzo Spaghetti 500g,Almacén,11845.43,12933.32,13273.07,12953.68,10691.07
P02836,Shampoo Pantene Restauración 400ml,Higiene,1051.7,1100.46,998.99,892.76,868.75
P02837,Leche Ilolay Descremada 1L,Lácteos,4000.57,4743.62,4289.95,4263.3,3846.89
P02838,Pepsi 2.25L,Bebidas,9124.58,8997.59,9061.89,6642.55,7289.23
P02839,Coca-Cola 2.25L x3,Bebidas,8651.81,8645.25,9297.05,9383.91,7582.29
P02840,Coca-Cola 2.25L x3,Bebidas,11657.84,9572.55,10484.42,9966.0,9997.15
P02841,Jugo Baggio Multifruta 1L x4,Bebidas,4206.18,4521.87,5034.12,4949.73,5440.53
P02842,Desodorante Rexona Hombre 150ml,Higiene,7329.74,8655.83,7470.69,6909.37,8053.34
P02843,Detergente Magistral Limón 750ml,Limpieza,7268.71,8273.42,7849.31,8073.06,8780.54
P02844,Pan Lactal Fargo 600g,Panificados,11412.61,9739.75,9675.48,11892.88,9134.36
P02845,Desodorante Poett Primavera 900ml x3,Limpieza,5520.06,4500.47,5895.11,5441.78,5495.3
P02846,Queso Rallado La Paulina 40g x4,Lácteos,7588.26,8716.66,7413.05,7129.75,7554.38
P02847,Pepsi 2.25L,Bebidas,3892.83,3897.4,4753.05,4626.6,5004.48
P02848,Suavizante Comfort 900ml,Limpieza,3169.01,2712.62,2636.14,2655.4,3506.83
P02849,Shampoo Pantene Restauración 400ml,Higiene,11417.7,8680.46,11576.16,11686.45,9121.05
P02850,Yerba Taragüi 1Kg,Almacén,8484.88,6827.17,7440.76,8355.66,9043.21
P02851,Pan de Campo Bimbo 500g x2,Panificados,2169.36,2174.76,2155.79,2277.3,1689.26
P02852,Harina Blancaflor 1Kg,Almacén,3905.42,4619.94,4062.86,3647.51,3739.65
P02853,Harina Blancaflor 1Kg,Almacén,9614.3,8702.13,10596.5,8982.41,10853.22
P02854,Pan Lactal Fargo 600g,Panificados,7814.77,8286.3,7900.02,8285.0,7082.69
P02855,Shampoo Pantene Restauración 400ml x3,Higiene,12045.42,11259.3,12818.67,13144.85,13038.36
P02856,Cerveza Heineken 1L,Bebidas,1478.17,1586.45,1354.64,1362.08,1489.64
P02857,Yerba Playadito 1Kg,Almacén,6119.45,5955.23,5292.78,6191.48,5719.96
P02858,Jabón Dove Original 90g,Higiene,12037.7,10863.06,12350.84,13096.69,12058.36
P02859,Shampoo Pantene Restauración 400ml x4,Higiene,1420.81,1712.57,1333.07,1297.71,1517.18
P02860,Coca-Cola 2.25L,Bebidas,9452.63,9064.25,11730.35,11116.04,10814.83
P02861,Shampoo Pantene Restauración 400ml,Higiene,2569.79,2367.69,2375.84,2255.84,2410.93
P02862,Shampoo Pantene Restauración 400ml,Higiene,11533.94,10268.77,11236.5,12592.61,10123.03
P02863,Leche Ilolay Descremada 1L,Lácteos,2399.43,3023.15,3161.79,2807.88,2505.12
P02864,Manteca Sancor 200g,Lácteos,852.76,853.24,775.5,753.14,820.74
P02865,Detergente Magistral Limón 750ml,Limpieza,3629.33,3324.53,3802.93,4139.8,3761.93
P02866,Pan Lactal Fargo 600g,Panificados,3106.57,2547.52,2922.45,2991.2,2691.46
P02867,Cerveza Quilmes 1L,Bebidas,2765.33,2650.63,2841.03,3216.68,2765.12
P02868,Shampoo Pantene Restauración 400ml,Higiene,11084.35,13089.67,12847.13,12221.37,12450.54
P02869,Desodorante Rexona Hombre 150ml,Higiene,1281.51,1614.35,1302.06,1505.63,1498.97
P02870,Pan de Campo Bimbo 500g,Panificados,4152.12,4188.99,4755.3,4127.95,4347.84
P02871,Yerba Playadito 1Kg,Almacén,6003.11,7279.86,6480.7,5487.8,7287.34
P02872,Coca-Cola 2.25L,Bebidas,3116.16,3558.93,3402.9,3051.57,3063.06
P02873,Pasta Dental Colgate Total 90g x4,Higiene,7767.69,7703.78,7915.6,6113.4,6345.17
P02874,Harina Blancaflor 1Kg,Almacén,2892.38,3216.19,2577.91,2990.78,2685.28
P02875,Galletitas Chocolinas 170g,Panificados,8053.14,7427.65,8525.03,8334.41,10012.34
P02876,Detergente Magistral Limón 750ml,Limpieza,5090.46,4780.65,5102.03,6008.38,4945.55
P02877,Papel Higiénico Higienol 4 Rollos,Higiene,8526.92,7536.83,6978.69,8159.42,8303.26
P02878,Galletitas Express 170g,Panificados,2168.1,2083.48,2449.59,2241.98,2026.64
P02879,Jabón Dove Original 90g,Higiene,3392.6,3914.96,4397.48,4444.73,4224.82
P02880,Agua Villavicencio 2.25L,Bebidas,4737.1,4116.13,5003.18,4045.67,4875.48
P02881,Shampoo Pantene Restauración 400ml,Higiene,8751.55,7655.82,7323.52,7953.01,7973.35
P02882,Galletitas Express 170g,Panificados,2856.39,2782.85,2828.37,2983.47,2897.08
P02883,Yerba Playadito 1Kg,Almacén,3386.7,2831.6,2842.56,3191.52,3805.92
P02884,Pan Lactal Fargo 600g,Panificados,6606.39,6506.39,5373.86,6034.59,6178.84
P02885,Jabón en Polvo Ala 3Kg,Limpieza,1730.11,1631.91,1723.55,1491.46,1738.93
P02886,Queso Cremoso Tregar 1Kg,Lácteos,9313.95,10692.96,10621.88,10021.98,11021.72
P02887,Agua Villavicencio 2.25L,Bebidas,7761.34,9013.76,9469.35,8808.94,8500.36
P02888,Suavizante Comfort 900ml,Limpieza,7895.77,7879.9,6705.91,6067.74,7588.15
P02889,Galletitas Chocolinas 170g,Panificados,3230.07,3002.21,2669.11,3123.91,3430.5
P02890,Leche La Serenísima Entera 1L,Lácteos,6059.77,4565.91,5084.03,5503.23,5192.35
P02891,Aceite Natura Girasol 1.5L,Almacén,12607.69,11055.75,13046.19,9501.41,11204.47
P02892,Yerba Playadito 1Kg,Almacén,11626.2,12350.43,11218.44,9771.93,10057.03
P02893,Galletitas Express 170g,Panificados,2815.3,2799.06,2706.68,2921.55,2674.56
P02894,Queso Rallado La Paulina 40g x3,Lácteos,6260.37,5758.98,6036.77,4739.27,5897.78
P02895,Detergente Magistral Limón 750ml,Limpieza,10004.63,10587.62,11010.47,10314.19,8317.5
P02896,Pepsi 2.25L,Bebidas,11690.94,12361.88,9895.26,12301.06,13388.76
P02897,Leche La Serenísima Entera 1L,Lácteos,2859.95,2547.64,2961.05,3446.73,3088.4
P02898,Queso Rallado La Paulina 40g,Lácteos,6910.24,7341.28,6278.75,6938.58,6160.15
P02899,Suavizante Comfort 900ml,Limpieza,4357.08,4573.73,3690.12,4155.47,4485.21
P02900,Suavizante Comfort 900ml x4,Limpieza,10963.0,10366.8,13733.34,11581.12,12362.93
P02901,Bizcochitos Don Satur 200g x5,Panificados,1925.52,1879.27,1918.22,2385.77,2159.48
P02902,Papel Higiénico Higienol 4 Rollos,Higiene,10792.86,9356.35,8801.25,11859.14,11027.43
P02903,Manteca Sancor 200g x5,Lácteos,3274.18,3932.41,3359.51,3468.54,4082.0
P02904,Shampoo Pantene Restauración 400ml x3,Higiene,8496.92,9376.96,7111.87,8045.22,7940.88
P02905,Jabón Dove Original 90g,Higiene,3784.98,3312.17,4295.93,3523.77,3638.25
P02906,Pepsi 2.25L,Bebidas,1895.82,1738.04,1571.18,1834.33,1679.02
P02907,Leche La Serenísima Entera 1L,Lácteos,8193.78,8955.3,7804.8,9078.4,7938.18
P02908,Harina Blancaflor 1Kg,Almacén,2140.94,2164.29,1668.09,2141.86,1773.53
P02909,Shampoo Pantene Restauración 400ml,Higiene,1437.9,1430.17,1640.53,1481.34,1592.45
P02910,Papel Higiénico Higienol 4 Rollos,Higiene,2358.32,2555.7,2751.16,2639.1,2830.1
P02911,Jugo Baggio Multifruta 1L,Bebidas,8561.06,9884.61,9041.67,8038.84,9858.8
P02912,Bizcochitos Don Satur 200g,Panificados,9385.97,9547.0,7381.25,7832.55,8144.26
P02913,Harina Blancaflor 1Kg,Almacén,2474.59,2874.26,2686.66,2288.51,2989.83
P02914,Suavizante Comfort 900ml,Limpieza,8592.91,9116.9,8652.8,8920.5,8311.41
P02915,Jabón en Polvo Ala 3Kg,Limpieza,4958.01,4228.69,5020.21,5013.82,5596.89
P02916,Detergente Magistral Limón 750ml,Limpieza,9454.66,8769.7,8071.18,8051.28,10643.78
P02917,Pasta Dental Colgate Total 90g,Higiene,6461.59,7828.91,6083.1,6285.33,7801.23
P02918,Leche Ilolay Descremada 1L,Lácteos,1925.92,2290.59,1845.96,2063.56,1984.14
P02919,Desodorante Rexona Hombre 150ml x2,Higiene,7539.44,7184.38,5985.69,7893.34,6099.55
P02920,Yogur Ser Vainilla 1Kg,Lácteos,6284.75,6937.42,6737.99,6194.04,6669.08
P02921,Lavandina Ayudín 1L,Limpieza,4230.3,3610.69,3720.81,4776.61,4644.48
P02922,Leche Ilolay Descremada 1L,Lácteos,7128.02,6228.0,7412.53,6486.94,6896.99
P02923,Yerba Taragüi 1Kg,Almacén,7946.84,7793.82,6868.18,7080.49,6825.26
P02924,Pepsi 2.25L,Bebidas,4950.43,5108.84,4543.82,5626.63,5290.1
P02925,Cerveza Heineken 1L,Bebidas,8780.78,9359.87,7894.54,9472.56,9375.79
P02926,Aceite Natura Girasol 1.5L x2,Almacén,8270.64,8615.14,7513.41,7760.7,9456.81
P02927,Jabón Dove Original 90g,Higiene,3763.82,3025.13,3149.88,3181.95,3966.59
P02928,Galletitas Express 170g,Panificados,12428.56,11327.85,13588.39,13085.71,10941.66
P02929,Aceite Natura Girasol 1.5L,Almacén,8785.66,8644.23,8073.52,7923.69,8052.44
P02930,Jabón en Polvo Ala 3Kg,Limpieza,6427.23,7415.46,6626.03,6852.9,8020.92
P02931,Leche Ilolay Descremada 1L,Lácteos,10596.21,11826.33,12947.94,11364.72,10046.39
P02932,Pan de Campo Bimbo 500g,Panificados,9279.92,8680.95,8158.75,9046.42,10108.7
P02933,Jabón Dove Original 90g,Higiene,4500.97,5184.59,3987.38,4958.29,4869.15
P02934,Yogur Ser Vainilla 1Kg,Lácteos,2466.98,2301.57,2330.11,2572.36,2677.12
P02935,Cerveza Quilmes 1L,Bebidas,7024.76,7550.79,9336.3,8121.87,8860.96
P02936,Leche La Serenísima Entera 1L,Lácteos,7122.96,7918.8,8198.61,7275.01,6531.74
P02937,Yerba Taragüi 1Kg,Almacén,2996.01,3482.18,2675.62,2826.8,3106.39
P02938,Leche Ilolay Descremada 1L,Lácteos,8435.54,6447.25,8361.76,6134.22,6868.88
P02939,Pasta Dental Colgate Total 90g,Higiene,2077.64,1851.59,2026.3,1748.77,1859.13
P02940,Aceite Natura Girasol 1.5L,Almacén,4210.25,3476.81,4240.6,4052.37,3721.56
P02941,Pasta Dental Colgate Total 90g x2,Higiene,6746.41,7612.19,7765.7,6362.41,6608.53
P02942,Coca-Cola 2.25L,Bebidas,10003.09,8912.58,9228.99,10961.64,8784.34
P02943,Pan de Campo Bimbo 500g,Panificados,4896.76,4292.78,4532.35,4316.07,5362.54
P02944,Yerba Taragüi 1Kg,Almacén,7631.52,8276.56,8959.27,7547.06,8673.33
P02945,Arroz Gallo Oro 1Kg,Almacén,4607.21,3752.77,4666.22,4398.71,4156.01
P02946,Yogur Ser Vainilla 1Kg,Lácteos,4402.51,4274.09,4546.87,4257.92,4207.22
P02947,Leche La Serenísima Entera 1L x5,Lácteos,13591.52,11262.76,12791.38,12747.61,12210.41
P02948,Pan Lactal Fargo 600g,Panificados,1552.14,1460.51,1746.39,1677.32,1730.36
P02949,Manteca Sancor 200g,Lácteos,7425.24,7476.89,9559.94,9606.41,9708.94
P02950,Detergente Magistral Limón 750ml,Limpieza,2207.87,1769.67,2015.77,2113.26,2313.6
P02951,Pan Lactal Fargo 600g,Panificados,8227.29,9905.64,7422.22,8570.72,10154.86
P02952,Pan Lactal Fargo 600g x5,Panificados,844.66,750.98,702.93,721.15,745.04
P02953,Cerveza Heineken 1L,Bebidas,4106.04,3793.93,4421.72,4451.28,4381.59
P02954,Arroz Gallo Oro 1Kg,Almacén,2398.98,2545.05,2478.78,2738.6,2159.04
P02955,Galletitas Express 170g x4,Panificados,4026.34,3389.75,3815.71,3755.29,4257.89
P02956,Aceite Natura Girasol 1.5L,Almacén,9790.4,10607.05,9227.51,9192.55,9515.23
P02957,Pan de Campo Bimbo 500g,Panificados,4098.51,3630.66,4617.71,4509.61,4750.83
P02958,Queso Rallado La Paulina 40g,Lácteos,1915.52,2245.83,2244.27,2085.0,2147.83
P02959,Cerveza Quilmes 1L,Bebidas,8324.41,9955.27,8525.61,7916.93,9808.55
P02960,Desodorante Poett Primavera 900ml,Limpieza,987.15,1058.92,966.64,1156.49,912.57
P02961,Arroz Gallo Oro 1Kg,Almacén,2873.45,3656.51,3447.46,3799.93,3239.34
P02962,Yerba Taragüi 1Kg,Almacén,8535.1,8559.92,10759.55,9863.07,9963.96
P02963,Leche Ilolay Descremada 1L,Lácteos,1514.64,1467.64,1240.61,1410.77,1544.39
P02964,Jugo Baggio Multifruta 1L,Bebidas,4910.78,4441.75,4434.87,4610.74,4691.41
P02965,Lavandina Ayudín 1L,Limpieza,5210.83,4743.43,4789.9,6140.48,5278.92
P02966,Desodorante Rexona Hombre 150ml,Higiene,2327.22,2289.02,2067.4,2371.56,2121.26
P02967,Yerba Taragüi 1Kg,Almacén,1677.05,1516.7,1435.28,1400.49,1527.75
P02968,Galletitas Express 170g,Panificados,10018.89,11057.28,10227.71,9548.81,11401.26
P02969,Cerveza Quilmes 1L,Bebidas,1512.09,1407.7,1373.8,1141.02,1530.47
P02970,Agua Villavicencio 2.25L,Bebidas,11795.23,11766.13,12184.18,10207.72,12187.78
P02971,Pasta Dental Colgate Total 90g x5,Higiene,8412.38,7622.55,8778.56,9427.32,9973.14
P02972,Galletitas Express 170g,Panificados,4475.39,3583.13,3737.01,4694.65,4709.38
P02973,Fideos Matarazzo Spaghetti 500g,Almacén,1182.75,1351.62,1091.21,1206.8,1185.77
P02974,Arroz Gallo Oro 1Kg,Almacén,3995.58,3832.53,3191.39,4016.29,3831.7
P02975,Harina Blancaflor 1Kg,Almacén,13836.91,11841.76,13849.02,12787.48,13135.16
P02976,Agua Villavicencio 2.25L,Bebidas,4641.79,5641.72,5675.17,5358.06,4821.29
P02977,Yerba Taragüi 1Kg,Almacén,10200.35,8562.84,11400.96,10977.58,10154.06
P02978,Suavizante Comfort 900ml x4,Limpieza,984.26,1191.69,1317.46,1233.36,958.2
P02979,Arroz Gallo Oro 1Kg x2,Almacén,5177.39,5918.91,6666.78,6181.64,5763.13
P02980,Yogur Ser Vainilla 1Kg,Lácteos,3306.34,3962.02,4133.86,3628.9,3984.09
P02981,Lavandina Ayudín 1L,Limpieza,4899.9,5208.2,5567.71,5977.04,5739.8
P02982,Manteca Sancor 200g,Lácteos,1810.42,1755.33,1682.84,1390.31,1495.45
P02983,Jabón Dove Original 90g,Higiene,3193.01,3376.26,2737.85,3400.99,3545.83
P02984,Azúcar Ledesma 1Kg,Almacén,2533.22,2799.41,2635.6,2718.25,2700.25
P02985,Yerba Playadito 1Kg,Almacén,2105.62,1871.34,1854.47,2115.0,1762.67
P02986,Shampoo Pantene Restauración 400ml,Higiene,5439.5,5377.76,5164.55,5145.49,6092.27
P02987,Aceite Natura Girasol 1.5L,Almacén,4972.52,6034.67,4863.29,5382.3,5958.9
P02988,Coca-Cola 2.25L x5,Bebidas,6886.29,6740.15,5466.93,5667.76,6909.49
P02989,Jabón Dove Original 90g,Higiene,8440.43,7597.98,8306.06,8146.73,7297.35
P02990,Pasta Dental Colgate Total 90g,Higiene,8952.12,9703.72,8236.53,9605.53,8231.09
P02991,Yogur Ser Vainilla 1Kg x5,Lácteos,1825.54,1975.24,2063.62,1876.7,1912.43
P02992,Papel Higiénico Higienol 4 Rollos,Higiene,6112.57,7059.16,6993.72,7364.53,6230.54
P02993,Azúcar Ledesma 1Kg,Almacén,6651.59,5366.12,6851.85,6839.16,5040.64
P02994,Pan de Campo Bimbo 500g,Panificados,9895.97,9148.56,8855.83,7931.7,10135.4
P02995,Desodorante Poett Primavera 900ml,Limpieza,11050.78,11922.0,9942.86,12255.87,11746.79
P02996,Galletitas Express 170g,Panificados,7252.74,8162.57,7685.95,9091.16,8953.28
P02997,Shampoo Pantene Restauración 400ml,Higiene,1691.95,2148.88,1878.53,2147.97,1921.0
P02998,Jabón Dove Original 90g,Higiene,10898.11,13351.69,12519.26,12549.88,13499.15
P02999,Queso Rallado La Paulina 40g,Lácteos,10026.79,9948.81,10796.63,13367.43,11527.19
P03000,Coca-Cola 2.25L,Bebidas,10414.54,10992.48,10603.11,11100.39,11824.73
P03001,Queso Cremoso Tregar 1Kg,Lácteos,13199.59,10650.02,11762.89,12218.98,12879.33
P03002,Leche La Serenísima Entera 1L,Lácteos,11720.83,10048.67,9289.14,10446.33,9429.79
P03003,Cerveza Heineken 1L,Bebidas,893.64,904.66,869.16,964.74,1139.13
P03004,Jugo Baggio Multifruta 1L,Bebidas,3300.53,3498.18,3571.19,3641.66,3071.08
P03005,Harina Blancaflor 1Kg,Almacén,7100.56,7531.91,5812.03,7324.61,7139.61
P03006,Manteca Sancor 200g,Lácteos,12541.99,11741.9,10200.08,10608.36,12322.71
P03007,Leche Ilolay Descremada 1L,Lácteos,8361.86,8180.04,9112.29,10426.77,9128.29
P03008,Aceite Natura Girasol 1.5L,Almacén,1217.26,1162.99,1165.78,1336.47,1058.72
P03009,Yerba Playadito 1Kg,Almacén,2199.3,2205.49,2255.7,2029.69,2124.72
P03010,Cerveza Heineken 1L,Bebidas,7064.38,5421.21,5455.3,5848.83,7088.12
P03011,Desodorante Rexona Hombre 150ml,Higiene,3384.27,3075.16,3730.63,3575.43,3803.08
P03012,Pan de Campo Bimbo 500g,Panificados,9437.69,8512.01,7363.63,7981.28,8747.63
P03013,Pepsi 2.25L,Bebidas,8194.29,8663.26,6984.68,7719.8,7030.49
P03014,Yerba Taragüi 1Kg,Almacén,8084.5,9174.61,8908.51,7181.15,7380.94
P03015,Manteca Sancor 200g,Lácteos,6334.03,8006.45,8391.5,6855.85,7354.11
P03016,Desodorante Rexona Hombre 150ml,Higiene,8290.47,6531.13,8618.61,7022.1,7493.62
P03017,Cerveza Heineken 1L,Bebidas,6576.65,6676.86,7843.36,6439.66,8455.42
P03018,Yerba Taragüi 1Kg,Almacén,11518.84,13127.35,13698.58,10415.89,13400.52
P03019,Fideos Matarazzo Spaghetti 500g,Almacén,8821.33,9720.77,9768.95,8728.76,9732.22
P03020,Fideos Matarazzo Spaghetti 500g x2,Almacén,8492.81,8828.52,8724.69,8485.67,10251.14
P03021,Azúcar Ledesma 1Kg,Almacén,3376.83,3291.51,3023.73,3592.12,2910.63
P03022,Bizcochitos Don Satur 200g,Panificados,8758.05,8296.57,6704.47,8909.62,8354.87
P03023,Fideos Matarazzo Spaghetti 500g,Almacén,5893.26,5154.16,5745.16,5532.74,5437.6
P03024,Manteca Sancor 200g,Lácteos,8863.81,8071.4,10818.37,9018.27,8687.28
P03025,Yerba Taragüi 1Kg,Almacén,4709.86,5068.21,5152.65,5512.89,6234.08
P03026,Desodorante Rexona Hombre 150ml x2,Higiene,4000.72,3497.88,3816.36,4121.41,4164.48
P03027,Azúcar Ledesma 1Kg x4,Almacén,11748.63,12806.64,9684.61,11076.17,12906.46
P03028,Galletitas Chocolinas 170g,Panificados,13178.32,11442.15,12685.89,10244.79,12307.1
P03029,Fideos Matarazzo Spaghetti 500g,Almacén,2872.59,2266.51,2372.17,2424.19,2175.6
P03030,Detergente Magistral Limón 750ml,Limpieza,9970.53,9539.31,12021.33,11410.0,11869.15
P03031,Papel Higiénico Higienol 4 Rollos,Higiene,4339.34,5195.23,5462.49,4264.84,4796.0
P03032,Jugo Baggio Multifruta 1L,Bebidas,8873.42,11293.03,11816.9,9797.34,11555.67
P03033,Galletitas Chocolinas 170g,Panificados,6720.58,5920.46,7915.83,7068.71,6761.01
P03034,Desodorante Rexona Hombre 150ml x3,Higiene,10668.85,8922.06,9562.93,10827.82,8812.4
P03035,Pepsi 2.25L,Bebidas,6663.36,6439.02,7259.55,6572.62,8261.78
P03036,Bizcochitos Don Satur 200g,Panificados,3922.12,3892.29,4525.17,4262.24,4569.63
P03037,Cerveza Quilmes 1L,Bebidas,3415.51,3614.55,3149.56,3762.74,4162.29
P03038,Yerba Playadito 1Kg,Almacén,10383.15,8933.01,8419.8,9505.08,9964.62
P03039,Pasta Dental Colgate Total 90g,Higiene,6025.01,5344.86,5101.89,6068.88,6525.15
P03040,Agua Villavicencio 2.25L,Bebidas,2205.48,2702.61,2824.69,2494.18,2747.15
P03041,Azúcar Ledesma 1Kg x5,Almacén,10313.84,12075.7,11629.73,11373.5,11704.02
P03042,Lavandina Ayudín 1L,Limpieza,4809.09,4786.51,4903.22,5672.3,6132.64
P03043,Detergente Magistral Limón 750ml x4,Limpieza,10321.78,11518.83,9824.24,9271.31,11239.06
P03044,Pan de Campo Bimbo 500g x5,Panificados,1283.05,955.18,1208.27,1199.91,1062.2
P03045,Galletitas Express 170g,Panificados,2623.62,2691.39,2743.61,2236.34,2138.31
P03046,Galletitas Express 170g,Panificados,2902.82,2387.34,2385.48,2692.03,2330.73
P03047,Fideos Matarazzo Spaghetti 500g,Almacén,7260.56,7384.99,7263.31,6937.46,7505.3
P03048,Arroz Gallo Oro 1Kg,Almacén,3662.06,3333.6,3709.76,3354.39,3969.11
P03049,Yerba Playadito 1Kg,Almacén,8899.55,9470.59,8946.36,10669.14,9478.65
P03050,Leche Ilolay Descremada 1L,Lácteos,10643.99,11424.77,12457.26,11500.88,11592.5
P03051,Galletitas Chocolinas 170g,Panificados,11473.51,9639.33,10504.36,9797.63,11479.67
P03052,Pan Lactal Fargo 600g,Panificados,10221.02,11181.77,10319.34,12339.28,12691.01
P03053,Desodorante Poett Primavera 900ml,Limpieza,818.03,981.52,850.86,861.52,789.03
P03054,Shampoo Pantene Restauración 400ml,Higiene,5858.05,4910.43,5536.08,5139.27,5426.09
P03055,Azúcar Ledesma 1Kg,Almacén,13017.44,10635.56,12109.21,13315.42,11796.7
P03056,Fideos Matarazzo Spaghetti 500g,Almacén,7779.7,9958.88,7898.02,8225.28,9587.43
P03057,Harina Blancaflor 1Kg,Almacén,1586.44,1959.41,1788.57,1652.25,1991.22
P03058,Jabón Dove Original 90g,Higiene,3498.04,3833.26,4520.79,3509.6,4362.17
P03059,Queso Rallado La Paulina 40g,Lácteos,7912.24,9788.12,8435.31,8274.13,9520.16
P03060,Jugo Baggio Multifruta 1L,Bebidas,4741.0,5681.51,4713.33,5408.53,4265.66
P03061,Galletitas Express 170g,Panificados,11002.45,10103.91,10485.23,11739.31,11687.92
P03062,Queso Rallado La Paulina 40g,Lácteos,10812.76,9474.96,8748.48,9175.3,9899.03
P03063,Azúcar Ledesma 1Kg,Almacén,5631.65,4818.55,5484.8,4931.79,5538.95
P03064,Bizcochitos Don Satur 200g,Panificados,2874.39,2892.1,2350.27,2441.6,2472.09
P03065,Manteca Sancor 200g,Lácteos,7255.23,9426.47,8527.6,8315.21,8362.16
P03066,Arroz Gallo Oro 1Kg,Almacén,7154.48,7385.73,7365.28,7683.39,6637.6
P03067,Harina Blancaflor 1Kg,Almacén,10333.42,11638.55,9857.72,11801.7,9952.79
P03068,Yerba Taragüi 1Kg,Almacén,13801.69,10111.18,11393.98,12150.86,13182.36
P03069,Desodorante Rexona Hombre 150ml x2,Higiene,8868.04,8649.94,9202.03,8349.08,7993.49
P03070,Yerba Taragüi 1Kg,Almacén,9155.97,10429.21,10141.66,8969.09,9168.88
P03071,Pan de Campo Bimbo 500g,Panificados,3022.05,3351.19,3538.65,3384.33,3449.96
P03072,Lavandina Ayudín 1L,Limpieza,960.21,1120.12,816.83,897.28,1003.21
P03073,Queso Cremoso Tregar 1Kg x5,Lácteos,10218.31,12074.6,10997.99,10418.65,9574.93
P03074,Agua Villavicencio 2.25L,Bebidas,8486.08,10110.57,10327.02,9850.37,8113.28
P03075,Aceite Natura Girasol 1.5L,Almacén,7597.41,7496.35,7816.84,9299.85,9368.25
P03076,Fideos Matarazzo Spaghetti 500g,Almacén,6886.14,7795.28,8546.11,7912.48,7491.49
P03077,Desodorante Rexona Hombre 150ml x2,Higiene,6438.41,7601.71,7558.2,6876.7,8292.4
P03078,Pepsi 2.25L x3,Bebidas,9132.19,10914.4,11074.28,10743.95,9821.26
P03079,Fideos Matarazzo Spaghetti 500g,Almacén,4266.69,4401.9,3382.67,3534.23,3212.95
P03080,Desodorante Poett Primavera 900ml,Limpieza,4035.17,3530.76,4578.13,4573.1,3762.19
P03081,Papel Higiénico Higienol 4 Rollos,Higiene,7049.54,6995.4,6551.0,6463.71,6057.92
P03082,Bizcochitos Don Satur 200g,Panificados,985.31,810.02,1062.18,926.81,902.92
P03083,Jabón Dove Original 90g x2,Higiene,12158.18,11483.89,9738.15,10273.88,11671.96
P03084,Pasta Dental Colgate Total 90g,Higiene,2007.01,2464.89,1908.3,2150.5,2026.76
P03085,Bizcochitos Don Satur 200g x4,Panificados,6844.43,6754.45,6220.35,6454.49,6653.85
P03086,Lavandina Ayudín 1L,Limpieza,5645.37,6391.42,6791.54,5330.57,5598.3
P03087,Jugo Baggio Multifruta 1L,Bebidas,2466.73,2700.59,2720.34,2253.57,2238.27
P03088,Yogur Ser Vainilla 1Kg,Lácteos,5034.98,5073.27,4497.45,4631.19,4951.27
P03089,Pan de Campo Bimbo 500g,Panificados,2907.09,2453.71,3102.26,2946.18,2809.13
P03090,Galletitas Chocolinas 170g,Panificados,5778.63,4969.86,6053.92,5414.15,5205.38
P03091,Yerba Taragüi 1Kg x5,Almacén,4284.33,3844.11,3970.32,4838.7,3993.35
P03092,Agua Villavicencio 2.25L,Bebidas,9751.03,10682.5,8897.42,9825.11,10387.16
P03093,Suavizante Comfort 900ml x5,Limpieza,12831.38,11919.52,12612.67,9721.1,11655.29
P03094,Pasta Dental Colgate Total 90g,Higiene,3497.52,3527.7,3399.34,2721.79,3597.38
P03095,Desodorante Poett Primavera 900ml,Limpieza,2172.59,1779.09,2010.83,1937.41,1971.69
P03096,Bizcochitos Don Satur 200g,Panificados,8860.6,9298.11,10954.21,11568.54,10590.72
P03097,Lavandina Ayudín 1L,Limpieza,4480.24,4456.67,4052.65,5424.98,4404.01
P03098,Azúcar Ledesma 1Kg,Almacén,11732.85,11733.87,9224.88,10725.6,9331.49
P03099,Leche La Serenísima Entera 1L,Lácteos,1182.81,1008.12,944.26,1032.55,1044.47
P03100,Pan de Campo Bimbo 500g,Panificados,8672.43,9966.21,8226.02,9479.9,8400.74
P03101,Cerveza Heineken 1L,Bebidas,7588.11,7883.04,9127.85,7354.96,8303.41
P03102,Pan de Campo Bimbo 500g,Panificados,6542.98,6876.65,7080.15,6586.96,6906.87
P03103,Yogur Ser Vainilla 1Kg,Lácteos,1925.13,1870.74,1757.63,1916.59,2046.38
P03104,Pepsi 2.25L,Bebidas,1519.7,1215.46,1338.31,1615.15,1591.12
P03105,Yerba Taragüi 1Kg,Almacén,4205.29,4399.47,3994.15,3533.03,3850.97
P03106,Arroz Gallo Oro 1Kg,Almacén,5305.93,5275.75,4799.86,5605.54,4868.58
P03107,Queso Cremoso Tregar 1Kg x5,Lácteos,10167.61,10993.26,12279.32,11245.23,12198.03
P03108,Coca-Cola 2.25L x4,Bebidas,4204.58,4554.0,4273.57,3758.33,4535.14
P03109,Lavandina Ayudín 1L x3,Limpieza,1641.14,1738.03,1714.24,1665.19,1431.06
P03110,Papel Higiénico Higienol 4 Rollos,Higiene,12437.46,10703.99,12068.24,10464.87,11854.88
P03111,Desodorante Poett Primavera 900ml,Limpieza,6652.05,6834.67,6340.57,7642.3,6100.42
P03112,Pan de Campo Bimbo 500g,Panificados,3298.14,3293.24,3162.79,3113.34,3157.03
P03113,Leche Ilolay Descremada 1L,Lácteos,7111.08,6705.53,6527.02,7531.86,6753.45
P03114,Pan Lactal Fargo 600g,Panificados,2092.57,2089.35,2043.05,1689.33,1940.76
P03115,Cerveza Heineken 1L,Bebidas,4221.41,4210.56,4440.46,3864.11,4279.01
P03116,Yerba Playadito 1Kg x5,Almacén,4615.47,4613.57,5682.81,4408.68,4892.66
P03117,Papel Higiénico Higienol 4 Rollos,Higiene,1090.7,946.53,812.29,1011.05,1042.89
P03118,Leche La Serenísima Entera 1L,Lácteos,2035.59,1791.95,1730.68,1711.0,1691.53
P03119,Pasta Dental Colgate Total 90g,Higiene,4240.58,3916.88,4123.93,4411.91,3736.46
P03120,Agua Villavicencio 2.25L,Bebidas,7710.62,5928.22,6714.11,5950.2,6587.46
P03121,Leche Ilolay Descremada 1L,Lácteos,9658.53,11264.97,9603.36,9224.17,10131.15
P03122,Bizcochitos Don Satur 200g,Panificados,6078.98,6210.76,6573.14,6483.65,6427.1
P03123,Shampoo Pantene Restauración 400ml,Higiene,1206.73,1518.57,1205.27,1303.26,1331.68
P03124,Jabón en Polvo Ala 3Kg x5,Limpieza,10325.12,9743.45,11554.3,9865.04,12024.49
P03125,Manteca Sancor 200g,Lácteos,8964.52,7567.51,8829.41,8065.8,8581.41
P03126,Agua Villavicencio 2.25L,Bebidas,10604.97,10526.59,11514.03,11458.09,12317.01
P03127,Bizcochitos Don Satur 200g,Panificados,4097.15,5349.98,5504.56,4482.18,5368.53
P03128,Manteca Sancor 200g,Lácteos,1642.44,1634.85,1617.75,2153.16,1762.95
P03129,Harina Blancaflor 1Kg,Almacén,6967.57,8556.42,8000.01,7148.34,8417.87
P03130,Pan de Campo Bimbo 500g,Panificados,10793.2,11439.42,13079.61,11191.46,13711.54
P03131,Pan Lactal Fargo 600g,Panificados,2624.17,2943.13,3126.14,2280.14,3137.0
P03132,Arroz Gallo Oro 1Kg,Almacén,1104.62,902.2,868.04,891.49,1015.18
P03133,Desodorante Poett Primavera 900ml,Limpieza,8165.17,8535.11,8783.56,8272.8,8432.2
P03134,Aceite Natura Girasol 1.5L,Almacén,1380.04,1412.48,1551.77,1548.81,1751.31
P03135,Papel Higiénico Higienol 4 Rollos,Higiene,4710.64,4349.13,4109.5,4924.75,4397.42
P03136,Yerba Playadito 1Kg,Almacén,3109.74,3551.07,3725.14,2752.46,3310.34
P03137,Agua Villavicencio 2.25L,Bebidas,5236.03,5446.02,4091.39,4894.53,5230.8
P03138,Desodorante Rexona Hombre 150ml x5,Higiene,9284.69,6990.57,7217.75,9293.43,7030.85
P03139,Leche La Serenísima Entera 1L,Lácteos,7047.59,7395.06,7094.01,7826.21,7891.63
P03140,Desodorante Poett Primavera 900ml x5,Limpieza,1925.94,2661.0,1924.26,2508.79,2108.47
P03141,Yerba Taragüi 1Kg,Almacén,10378.03,10563.22,10919.02,10471.38,10242.58
P03142,Galletitas Chocolinas 170g,Panificados,4100.41,4541.29,4894.79,4239.02,5238.41
P03143,Galletitas Chocolinas 170g,Panificados,8951.28,10009.3,9095.42,11787.89,10641.62
P03144,Pan Lactal Fargo 600g,Panificados,12014.72,11111.1,10512.12,11632.71,12313.16
P03145,Shampoo Pantene Restauración 400ml,Higiene,8949.08,7485.45,6764.85,8363.62,7145.19
P03146,Galletitas Express 170g,Panificados,5918.96,6202.63,6845.16,6889.38,7655.16
P03147,Manteca Sancor 200g,Lácteos,1570.82,1832.03,1576.88,1497.91,1955.11
P03148,Arroz Gallo Oro 1Kg,Almacén,2574.17,2239.7,2046.56,2366.89,2211.01
P03149,Agua Villavicencio 2.25L,Bebidas,8647.44,7119.27,6743.8,8071.11,6274.75
P03150,Leche La Serenísima Entera 1L,Lácteos,6840.71,5407.36,6254.63,5341.25,6010.19
P03151,Jabón Dove Original 90g,Higiene,6125.32,5461.93,6282.73,5715.35,5994.59
P03152,Cerveza Heineken 1L x3,Bebidas,4835.51,4963.21,4324.92,4363.21,4236.86
P03153,Aceite Natura Girasol 1.5L,Almacén,10621.95,10828.57,13019.05,11472.46,11805.82
P03154,Lavandina Ayudín 1L,Limpieza,6554.68,6056.76,6239.26,6037.16,4758.71
P03155,Queso Rallado La Paulina 40g,Lácteos,8918.28,10346.62,9397.26,8947.87,8212.79
P03156,Queso Cremoso Tregar 1Kg,Lácteos,4228.76,5119.87,4260.81,4782.35,4496.83
P03157,Galletitas Chocolinas 170g,Panificados,11719.85,12703.46,11952.71,9442.02,12679.67
P03158,Desodorante Poett Primavera 900ml,Limpieza,6881.81,8952.92,7565.2,7991.69,8586.27
P03159,Pan Lactal Fargo 600g,Panificados,1567.08,1399.86,1391.7,1605.91,1469.52
P03160,Pan Lactal Fargo 600g,Panificados,4977.42,5338.07,5318.37,6074.03,5738.21
P03161,Yerba Playadito 1Kg,Almacén,3628.59,3592.0,2980.48,3258.85,3612.56
P03162,Jabón en Polvo Ala 3Kg,Limpieza,6877.99,5544.38,6367.86,6593.66,5795.17
P03163,Bizcochitos Don Satur 200g,Panificados,3044.02,3059.08,2848.54,2860.58,3145.55
P03164,Shampoo Pantene Restauración 400ml,Higiene,7108.13,8632.72,8139.53,7340.74,7279.49
P03165,Shampoo Pantene Restauración 400ml,Higiene,3965.46,4195.92,3878.35,3517.75,4446.38
P03166,Leche La Serenísima Entera 1L,Lácteos,5993.54,5364.06,4751.02,5712.96,6226.88
P03167,Desodorante Rexona Hombre 150ml,Higiene,2843.29,2738.72,2354.97,2366.9,2396.68
P03168,Azúcar Ledesma 1Kg,Almacén,10460.92,7881.51,10467.23,9199.59,9783.5
P03169,Shampoo Pantene Restauración 400ml x3,Higiene,8709.54,9944.28,9342.64,9344.53,8940.4
P03170,Jabón en Polvo Ala 3Kg,Limpieza,5062.9,5313.6,4822.27,5145.91,4904.44
P03171,Queso Cremoso Tregar 1Kg,Lácteos,2760.28,2911.31,2288.39,2999.07,2571.37
P03172,Jugo Baggio Multifruta 1L,Bebidas,7760.54,7225.24,6593.17,6511.14,7725.51
P03173,Cerveza Quilmes 1L,Bebidas,9013.54,11798.11,8994.0,10751.24,9543.19
P03174,Leche Ilolay Descremada 1L,Lácteos,2101.03,2220.06,2105.32,2225.21,2127.02
P03175,Galletitas Express 170g,Panificados,12876.51,12556.0,12949.69,12206.96,12224.32
P03176,Pan Lactal Fargo 600g,Panificados,5344.09,6554.74,6306.07,6756.37,6692.42
P03177,Agua Villavicencio 2.25L x4,Bebidas,4711.4,4663.9,6246.23,6238.7,6235.45
P03178,Pasta Dental Colgate Total 90g,Higiene,839.62,797.92,866.95,909.36,755.16
P03179,Arroz Gallo Oro 1Kg,Almacén,8774.79,7444.2,7412.32,7928.14,8240.8
P03180,Coca-Cola 2.25L,Bebidas,4349.78,4298.97,4850.13,4503.76,3777.62
P03181,Queso Cremoso Tregar 1Kg,Lácteos,8014.39,9473.64,8893.7,7484.53,8412.69
P03182,Desodorante Poett Primavera 900ml,Limpieza,2226.39,2073.7,2423.48,2162.29,2102.32
P03183,Yerba Taragüi 1Kg,Almacén,6816.72,7480.32,7900.28,7360.58,6955.96
P03184,Queso Rallado La Paulina 40g,Lácteos,2037.48,2697.02,2088.98,2369.99,2389.13
P03185,Leche Ilolay Descremada 1L,Lácteos,7488.53,8200.88,8920.05,7529.6,7911.91
P03186,Azúcar Ledesma 1Kg x5,Almacén,9863.38,11807.05,9953.62,9846.13,10724.03
P03187,Azúcar Ledesma 1Kg,Almacén,3503.24,3137.19,3107.0,3750.36,3054.63
P03188,Galletitas Express 170g,Panificados,9022.69,8750.76,7843.22,8203.88,8226.38
P03189,Leche La Serenísima Entera 1L,Lácteos,5366.87,5714.15,5322.44,4653.04,5152.48
P03190,Papel Higiénico Higienol 4 Rollos,Higiene,3334.01,4145.9,3416.7,3602.37,3713.55
P03191,Lavandina Ayudín 1L,Limpieza,1361.32,1297.7,1201.04,1161.13,1118.66
P03192,Queso Cremoso Tregar 1Kg,Lácteos,9878.34,9345.68,12299.14,8960.23,10734.73
P03193,Galletitas Express 170g,Panificados,2761.78,2293.73,2969.74,3017.42,2317.39
P03194,Galletitas Chocolinas 170g,Panificados,8465.74,9138.11,7660.45,7672.86,7687.94
P03195,Leche Ilolay Descremada 1L,Lácteos,5816.08,5683.41,5075.92,5577.13,6037.11
P03196,Lavandina Ayudín 1L,Limpieza,12996.53,12290.34,12647.5,10269.42,11451.11
P03197,Aceite Natura Girasol 1.5L x3,Almacén,12602.11,9755.4,10479.28,10795.64,13060.51
P03198,Jabón Dove Original 90g x4,Higiene,9848.03,9252.19,9500.78,7815.65,8570.45
P03199,Yerba Playadito 1Kg,Almacén,3358.34,2990.31,3386.76,3206.96,3184.88
P03200,Leche La Serenísima Entera 1L x4,Lácteos,13606.3,10188.75,11611.24,12622.13,12868.05
P03201,Pepsi 2.25L,Bebidas,5812.56,6240.1,6822.5,5443.45,6237.13
P03202,Queso Rallado La Paulina 40g,Lácteos,8621.94,9907.07,11072.22,8612.59,10806.32
P03203,Jugo Baggio Multifruta 1L,Bebidas,10443.14,10335.28,9984.79,11438.59,10897.88
P03204,Bizcochitos Don Satur 200g x2,Panificados,10196.35,11008.54,11576.52,11996.36,9456.11
P03205,Desodorante Poett Primavera 900ml x2,Limpieza,2417.03,2565.28,2756.28,2432.85,3047.65
P03206,Papel Higiénico Higienol 4 Rollos,Higiene,5850.67,6971.59,5879.07,6355.65,6756.0
P03207,Desodorante Rexona Hombre 150ml x2,Higiene,1316.15,1319.91,1272.19,1066.2,1159.22
P03208,Galletitas Express 170g,Panificados,10939.32,12295.37,9337.98,9087.65,10149.49
P03209,Manteca Sancor 200g,Lácteos,4917.88,4447.28,5190.48,4282.77,5223.43
P03210,Pan Lactal Fargo 600g x4,Panificados,10245.55,9707.19,10197.28,12510.61,9979.93
P03211,Harina Blancaflor 1Kg,Almacén,4689.78,4045.88,5010.07,4552.84,4538.09
P03212,Leche La Serenísima Entera 1L,Lácteos,3148.72,3672.18,3489.37,2956.9,2992.54
P03213,Yogur Ser Vainilla 1Kg,Lácteos,5350.26,4446.0,4631.04,5228.06,5473.17
P03214,Cerveza Quilmes 1L x4,Bebidas,9785.52,9266.1,9786.72,8778.54,9133.29
P03215,Azúcar Ledesma 1Kg,Almacén,834.62,855.52,803.34,943.98,784.3
P03216,Cerveza Heineken 1L,Bebidas,7247.33,7993.61,7053.14,6289.32,6272.34
P03217,Leche La Serenísima Entera 1L,Lácteos,2049.51,2059.13,2580.9,2414.9,2445.16
P03218,Queso Rallado La Paulina 40g,Lácteos,9690.72,9060.02,9607.58,7478.31,7714.53
P03219,Desodorante Poett Primavera 900ml,Limpieza,9462.54,7133.84,9657.48,9558.83,8070.07
P03220,Fideos Matarazzo Spaghetti 500g,Almacén,4850.0,4571.29,4507.36,4708.72,5169.71
P03221,Lavandina Ayudín 1L,Limpieza,3041.92,3447.63,2919.39,2705.27,3151.86
P03222,Manteca Sancor 200g,Lácteos,10977.2,10041.79,11678.62,12447.66,9358.0
P03223,Galletitas Express 170g,Panificados,12095.09,13346.95,11918.41,11761.31,13366.58
P03224,Leche La Serenísima Entera 1L x2,Lácteos,7257.4,6137.48,6289.38,6805.9,6129.64
P03225,Harina Blancaflor 1Kg,Almacén,9253.24,7786.51,9771.67,9720.17,7232.39
P03226,Pepsi 2.25L x4,Bebidas,6049.88,5479.5,5977.9,5284.15,6287.17
P03227,Jugo Baggio Multifruta 1L,Bebidas,7244.78,6817.29,7791.12,8717.6,7013.7
P03228,Azúcar Ledesma 1Kg,Almacén,7973.56,7771.69,7412.76,8652.17,8878.75
P03229,Aceite Natura Girasol 1.5L,Almacén,9500.83,8547.3,8169.9,10476.79,9069.46
P03230,Yerba Playadito 1Kg,Almacén,4933.56,5003.8,5381.0,4809.69,6214.78
P03231,Leche La Serenísima Entera 1L,Lácteos,5492.64,4097.61,5063.64,4821.91,4191.71
P03232,Shampoo Pantene Restauración 400ml,Higiene,11281.23,12935.52,10467.43,13196.49,10198.33
P03233,Jugo Baggio Multifruta 1L,Bebidas,6886.1,7690.55,6728.57,7264.53,8173.63
P03234,Queso Rallado La Paulina 40g x2,Lácteos,4305.32,4915.69,4383.97,5425.92,4620.53
P03235,Jabón Dove Original 90g,Higiene,9720.29,9829.23,10109.65,11131.06,10160.13
P03236,Queso Rallado La Paulina 40g,Lácteos,4695.58,4931.55,5448.15,6342.78,5532.63
P03237,Pepsi 2.25L,Bebidas,2877.34,2418.64,2381.16,2730.19,2378.06
P03238,Lavandina Ayudín 1L,Limpieza,1196.23,1196.24,1149.14,1453.84,1481.38
P03239,Yerba Taragüi 1Kg,Almacén,833.66,887.07,967.67,755.36,737.17
P03240,Desodorante Poett Primavera 900ml,Limpieza,4398.49,5789.83,5198.61,4453.85,5089.82
P03241,Galletitas Chocolinas 170g,Panificados,5047.0,5264.7,4325.45,5020.19,4547.85
P03242,Desodorante Rexona Hombre 150ml,Higiene,9547.75,11501.69,10614.22,9147.35,11440.63
P03243,Jabón en Polvo Ala 3Kg,Limpieza,2487.98,1949.76,2576.62,2081.13,2176.05
P03244,Pan de Campo Bimbo 500g,Panificados,1709.1,1930.74,1561.62,1531.16,1573.11
P03245,Yerba Taragüi 1Kg,Almacén,8082.49,8737.03,9442.08,8692.04,9794.95
P03246,Coca-Cola 2.25L,Bebidas,750.61,612.83,810.24,830.87,772.3
P03247,Yerba Playadito 1Kg x3,Almacén,2691.23,3176.26,2909.56,2745.84,2898.33
P03248,Queso Rallado La Paulina 40g,Lácteos,2927.34,2529.68,2638.16,3088.64,2899.72
P03249,Pan Lactal Fargo 600g x3,Panificados,2081.55,2059.17,2406.27,2184.38,2285.03
P03250,Queso Cremoso Tregar 1Kg,Lácteos,7738.18,5593.71,5816.5,6756.38,6187.55
P03251,Queso Cremoso Tregar 1Kg,Lácteos,7711.26,8446.12,7294.47,9049.63,8014.22
P03252,Suavizante Comfort 900ml x3,Limpieza,9295.75,8825.78,9312.86,10102.88,9487.1
P03253,Pan Lactal Fargo 600g,Panificados,6582.54,8288.73,6867.95,7408.08,7372.56
P03254,Galletitas Express 170g,Panificados,9819.14,10328.84,10074.4,10106.55,8899.51
P03255,Agua Villavicencio 2.25L,Bebidas,4844.11,5210.02,4922.7,5003.86,5594.89
P03256,Detergente Magistral Limón 750ml,Limpieza,7374.32,7923.94,8597.57,8324.23,8683.11
P03257,Coca-Cola 2.25L,Bebidas,1001.35,734.46,929.84,893.13,912.49
P03258,Agua Villavicencio 2.25L x2,Bebidas,2672.59,2460.13,2616.67,2441.12,3021.7
P03259,Jabón Dove Original 90g x4,Higiene,10142.98,9371.96,10973.3,11169.33,9757.4
P03260,Queso Rallado La Paulina 40g,Lácteos,8374.59,6407.29,8492.94,8376.13,6304.51
P03261,Leche La Serenísima Entera 1L,Lácteos,1621.83,1253.56,1490.01,1469.42,1292.18
P03262,Pan Lactal Fargo 600g,Panificados,7894.96,8294.2,8692.44,9332.32,7764.05
P03263,Queso Cremoso Tregar 1Kg,Lácteos,4504.64,4141.17,5007.08,4937.35,5366.62
P03264,Harina Blancaflor 1Kg,Almacén,7020.73,5194.27,6643.61,5613.41,6506.5
P03265,Fideos Matarazzo Spaghetti 500g,Almacén,4468.09,4027.82,3970.57,3348.79,3269.2
P03266,Cerveza Heineken 1L,Bebidas,7027.19,5847.19,5601.82,5822.16,5631.47
P03267,Yerba Taragüi 1Kg,Almacén,5401.05,4269.24,5131.0,5158.83,4868.47
P03268,Yerba Playadito 1Kg,Almacén,5945.04,5046.1,6441.56,5847.75,5362.14
P03269,Papel Higiénico Higienol 4 Rollos,Higiene,11641.98,12409.88,11064.9,10426.03,11727.43
P03270,Fideos Matarazzo Spaghetti 500g,Almacén,2029.67,1729.32,1907.8,1821.25,1902.87
P03271,Pan de Campo Bimbo 500g,Panificados,9812.62,8079.58,7499.49,9454.58,7922.65
P03272,Manteca Sancor 200g,Lácteos,891.37,705.36,682.55,925.46,830.43
P03273,Cerveza Quilmes 1L,Bebidas,8235.81,8470.48,8701.11,8909.49,8454.43
P03274,Azúcar Ledesma 1Kg,Almacén,4129.27,3827.5,3246.62,3282.46,3269.83
P03275,Pan de Campo Bimbo 500g,Panificados,5890.56,6068.3,4439.3,5199.65,4487.95
P03276,Shampoo Pantene Restauración 400ml,Higiene,4557.95,4425.52,3703.01,3960.65,4830.39
P03277,Lavandina Ayudín 1L,Limpieza,7774.28,6959.67,6974.06,6745.6,7816.23
P03278,Fideos Matarazzo Spaghetti 500g,Almacén,7931.42,7225.0,9432.21,7590.75,7840.67
P03279,Harina Blancaflor 1Kg,Almacén,9792.13,12242.69,9916.75,9236.6,9805.93
P03280,Arroz Gallo Oro 1Kg,Almacén,11606.68,9081.96,9154.59,9587.43,10607.66
P03281,Desodorante Poett Primavera 900ml x4,Limpieza,10682.67,10772.65,10030.3,11268.65,11506.61
P03282,Jabón Dove Original 90g,Higiene,5501.83,6360.54,6828.59,7161.46,7108.8
P03283,Desodorante Poett Primavera 900ml,Limpieza,4046.15,3599.95,3822.86,3502.81,4089.08
P03284,Jugo Baggio Multifruta 1L,Bebidas,9318.03,11044.36,10600.78,9195.15,9779.49
P03285,Pasta Dental Colgate Total 90g x2,Higiene,9333.89,8713.72,9033.55,9274.48,7912.28
P03286,Leche La Serenísima Entera 1L,Lácteos,1681.8,1758.72,2103.92,1836.35,2158.92
P03287,Queso Cremoso Tregar 1Kg,Lácteos,9697.12,8196.38,10620.84,11040.18,8722.57
P03288,Galletitas Chocolinas 170g,Panificados,7199.15,7379.72,7747.21,5920.9,6133.01
P03289,Jabón en Polvo Ala 3Kg x2,Limpieza,9460.89,8758.5,10406.31,10301.89,9105.15
P03290,Jabón Dove Original 90g,Higiene,1400.96,1129.32,1333.45,1496.61,1425.28
P03291,Manteca Sancor 200g,Lácteos,9863.98,11058.41,12275.48,12087.18,12616.14
P03292,Agua Villavicencio 2.25L,Bebidas,6430.64,6565.38,6895.47,7410.2,6466.04
P03293,Pepsi 2.25L,Bebidas,3177.68,3068.44,3012.2,2608.73,2639.57
P03294,Desodorante Poett Primavera 900ml,Limpieza,3801.94,3914.49,3238.91,3173.35,3578.58
P03295,Yerba Taragüi 1Kg,Almacén,11837.5,12002.95,13222.78,10367.65,12753.75
P03296,Desodorante Poett Primavera 900ml,Limpieza,13308.62,9995.07,12597.95,9859.52,11470.93
P03297,Galletitas Chocolinas 170g,Panificados,9245.46,8763.41,8849.33,10337.02,10312.98
P03298,Jabón Dove Original 90g,Higiene,5681.41,4833.9,5057.02,4539.66,5665.32
P03299,Harina Blancaflor 1Kg,Almacén,1719.24,1802.84,1919.58,2008.39,1677.46
P03300,Coca-Cola 2.25L,Bebidas,3454.01,3863.16,4182.79,3471.1,3679.07
P03301,Queso Rallado La Paulina 40g,Lácteos,10783.55,10335.67,10637.64,8812.12,9415.13
P03302,Leche La Serenísima Entera 1L,Lácteos,9002.43,7102.67,8138.32,7133.48,8458.44
P03303,Detergente Magistral Limón 750ml,Limpieza,10698.99,10574.37,11132.17,9106.26,12069.31
P03304,Lavandina Ayudín 1L x2,Limpieza,4626.99,6145.77,5807.88,4909.89,5175.01
P03305,Galletitas Express 170g,Panificados,13496.74,12965.08,13187.8,12329.71,13442.01
P03306,Detergente Magistral Limón 750ml,Limpieza,944.3,915.69,1122.32,961.26,1019.36
P03307,Coca-Cola 2.25L,Bebidas,5675.67,5408.82,5188.34,5101.96,5765.46
P03308,Agua Villavicencio 2.25L,Bebidas,10639.5,11151.71,13281.83,10066.82,12860.24
P03309,Cerveza Quilmes 1L,Bebidas,6394.49,6548.25,5527.88,6514.42,5255.28
P03310,Cerveza Quilmes 1L,Bebidas,6903.74,5778.97,7160.48,6393.13,6599.54
P03311,Azúcar Ledesma 1Kg,Almacén,1977.28,1993.96,2107.0,2197.23,2360.87
P03312,Pasta Dental Colgate Total 90g x4,Higiene,1846.2,2128.55,2155.23,1803.41,2157.87
P03313,Pan Lactal Fargo 600g,Panificados,12968.76,13000.05,11662.48,12849.1,12527.77
P03314,Cerveza Heineken 1L,Bebidas,9457.24,9203.01,8143.47,9658.09,9307.89
P03315,Galletitas Chocolinas 170g,Panificados,4228.8,4091.88,3548.9,4373.67,3433.88
P03316,Cerveza Heineken 1L,Bebidas,5893.0,4507.01,5959.35,5639.21,5777.22
P03317,Shampoo Pantene Restauración 400ml x4,Higiene,11971.34,10714.52,10118.1,9726.92,12313.59
P03318,Harina Blancaflor 1Kg,Almacén,9587.25,13065.81,12409.38,10585.77,12276.3
P03319,Yerba Playadito 1Kg,Almacén,6078.9,7657.97,7052.23,7558.9,7213.85
P03320,Agua Villavicencio 2.25L,Bebidas,5787.79,6247.19,5281.07,4925.05,4970.8
P03321,Jugo Baggio Multifruta 1L,Bebidas,11994.33,9553.6,12571.45,11290.7,10449.4
P03322,Fideos Matarazzo Spaghetti 500g,Almacén,5938.73,6491.12,5350.68,5733.65,6462.01
P03323,Suavizante Comfort 900ml,Limpieza,6944.94,7554.9,7603.12,7064.75,7400.02
P03324,Detergente Magistral Limón 750ml,Limpieza,7992.5,7322.97,7063.21,6426.66,8606.57
P03325,Bizcochitos Don Satur 200g,Panificados,3324.33,2795.5,3434.93,3105.45,3585.72
P03326,Cerveza Heineken 1L x3,Bebidas,5035.16,5714.34,5722.86,6326.5,6903.42
P03327,Aceite Natura Girasol 1.5L,Almacén,9601.36,10687.45,9517.31,9475.14,9776.4
P03328,Fideos Matarazzo Spaghetti 500g,Almacén,4847.0,5041.48,4357.66,5615.08,4399.38
P03329,Galletitas Chocolinas 170g,Panificados,4985.02,4481.57,4784.34,4592.19,4122.82
P03330,Papel Higiénico Higienol 4 Rollos,Higiene,2177.44,1917.09,2014.31,1860.99,2474.35
P03331,Cerveza Quilmes 1L,Bebidas,1677.25,1564.49,1585.66,1394.13,1433.33
P03332,Yerba Playadito 1Kg,Almacén,3121.33,3148.33,3712.84,3866.45,3095.36
P03333,Pasta Dental Colgate Total 90g,Higiene,4692.57,4268.1,4981.46,4920.52,4283.25
P03334,Shampoo Pantene Restauración 400ml,Higiene,7207.29,6921.87,6912.35,5372.35,5603.79
P03335,Jabón en Polvo Ala 3Kg,Limpieza,5459.11,7183.42,7449.19,6384.84,6980.54
P03336,Jugo Baggio Multifruta 1L,Bebidas,4072.06,3734.15,3680.81,3882.67,3894.12
P03337,Yogur Ser Vainilla 1Kg,Lácteos,1217.42,1642.52,1529.77,1470.47,1521.87
P03338,Aceite Natura Girasol 1.5L,Almacén,8367.25,7145.81,8305.86,7891.88,8304.65
P03339,Coca-Cola 2.25L,Bebidas,11430.04,9586.15,9068.41,10376.92,11275.23
P03340,Jugo Baggio Multifruta 1L,Bebidas,6589.6,6600.01,6940.52,8353.85,8194.24
P03341,Papel Higiénico Higienol 4 Rollos,Higiene,10391.12,12565.6,11305.26,11970.96,10137.37
P03342,Azúcar Ledesma 1Kg,Almacén,9968.76,10639.88,9635.64,9993.42,8848.73
P03343,Jabón en Polvo Ala 3Kg,Limpieza,8976.07,8284.38,6763.75,7676.7,8682.51
P03344,Fideos Matarazzo Spaghetti 500g,Almacén,4883.21,4636.74,5807.76,4603.1,4680.7
P03345,Leche La Serenísima Entera 1L,Lácteos,9903.77,8801.38,11351.48,11099.37,10036.59
P03346,Jugo Baggio Multifruta 1L,Bebidas,712.18,788.77,758.59,945.39,743.83
P03347,Aceite Natura Girasol 1.5L,Almacén,11092.09,10353.58,9176.54,9907.21,10132.58
P03348,Jabón en Polvo Ala 3Kg,Limpieza,12414.16,11954.31,12866.11,11538.0,12588.62
P03349,Jabón en Polvo Ala 3Kg,Limpieza,11080.96,9586.94,9565.78,11390.39,11335.46
P03350,Bizcochitos Don Satur 200g,Panificados,9082.4,10143.03,9925.91,10086.21,10558.2
P03351,Papel Higiénico Higienol 4 Rollos,Higiene,4122.76,4647.55,4746.21,5172.9,4878.29
P03352,Fideos Matarazzo Spaghetti 500g,Almacén,11261.07,10749.2,13206.26,11161.32,11531.86
P03353,Galletitas Chocolinas 170g,Panificados,6256.57,5530.59,5097.29,5967.82,5250.76
P03354,Lavandina Ayudín 1L,Limpieza,10014.94,10709.18,8778.5,8292.7,10197.06
P03355,Pan Lactal Fargo 600g x2,Panificados,8647.97,8978.48,9853.23,11133.44,9513.6
P03356,Detergente Magistral Limón 750ml,Limpieza,8178.47,7592.03,9496.17,7694.83,7850.83
P03357,Yerba Taragüi 1Kg,Almacén,10057.65,12450.69,12496.63,13347.96,12866.0
P03358,Papel Higiénico Higienol 4 Rollos,Higiene,8829.06,10025.43,8829.7,11887.73,8881.24
P03359,Detergente Magistral Limón 750ml,Limpieza,1118.7,1050.36,1123.49,1188.61,1318.89
P03360,Queso Cremoso Tregar 1Kg,Lácteos,11566.39,10512.84,9375.51,11818.02,11440.03
P03361,Jugo Baggio Multifruta 1L,Bebidas,2929.53,2484.2,2394.9,2438.19,3248.16
P03362,Coca-Cola 2.25L,Bebidas,2905.13,3134.75,3530.18,3258.62,2732.15
P03363,Pepsi 2.25L,Bebidas,5189.05,5964.09,5134.84,4745.14,5713.98
P03364,Arroz Gallo Oro 1Kg,Almacén,10831.57,12963.3,11294.74,12450.62,12882.98
P03365,Lavandina Ayudín 1L,Limpieza,9903.69,9159.23,12198.53,9533.62,10519.42
P03366,Jugo Baggio Multifruta 1L,Bebidas,8181.41,8886.75,7899.13,7227.67,8243.08
P03367,Queso Cremoso Tregar 1Kg,Lácteos,12332.98,13262.67,13531.5,13309.45,11732.01
P03368,Leche Ilolay Descremada 1L x4,Lácteos,4736.6,5943.4,6128.68,5370.43,6060.5
P03369,Lavandina Ayudín 1L,Limpieza,9327.38,11954.31,9001.26,9064.24,11270.32
P03370,Manteca Sancor 200g x3,Lácteos,7625.43,8677.59,9183.6,9907.59,8054.11
P03371,Pasta Dental Colgate Total 90g,Higiene,8138.12,10578.99,8517.49,9899.35,10830.86
P03372,Pan de Campo Bimbo 500g,Panificados,9010.72,9107.63,9785.63,10523.84,10044.61
P03373,Galletitas Chocolinas 170g,Panificados,12711.62,12001.61,10035.15,9824.81,12240.73
P03374,Jabón en Polvo Ala 3Kg,Limpieza,3696.39,3054.67,4097.5,3547.31,3819.85
P03375,Bizcochitos Don Satur 200g,Panificados,6309.75,5825.05,6174.18,6541.79,5697.87
P03376,Pan de Campo Bimbo 500g,Panificados,7930.52,6670.77,6888.36,6918.8,6923.09
P03377,Bizcochitos Don Satur 200g x3,Panificados,5982.66,5140.07,6126.96,5808.81,5514.82
P03378,Agua Villavicencio 2.25L,Bebidas,10535.66,10444.27,10591.24,11602.2,11106.12
P03379,Pan Lactal Fargo 600g,Panificados,4703.76,4880.81,5651.6,5202.76,5761.21
P03380,Jugo Baggio Multifruta 1L,Bebidas,8046.73,9750.67,8800.01,8518.98,7590.23
P03381,Fideos Matarazzo Spaghetti 500g,Almacén,5226.51,4831.72,5404.89,5873.32,5108.43
P03382,Pepsi 2.25L,Bebidas,627.75,629.91,731.44,745.5,830.68
P03383,Leche Ilolay Descremada 1L,Lácteos,8925.12,8407.04,8456.6,8635.96,8808.14
P03384,Yerba Playadito 1Kg,Almacén,7056.85,5560.92,6521.82,6679.89,6053.8
P03385,Jugo Baggio Multifruta 1L x5,Bebidas,7561.79,7129.07,6812.69,6203.92,6393.96
P03386,Agua Villavicencio 2.25L,Bebidas,3175.5,3459.82,2946.07,3889.39,3726.49
P03387,Leche Ilolay Descremada 1L,Lácteos,9382.71,9712.12,8171.49,9925.79,9654.25
P03388,Cerveza Heineken 1L,Bebidas,4991.05,3944.72,4430.69,5087.93,4803.72
P03389,Queso Rallado La Paulina 40g,Lácteos,7919.73,7910.93,8311.48,7255.39,8617.12
P03390,Queso Cremoso Tregar 1Kg x5,Lácteos,11154.33,8461.01,9414.41,9183.57,9437.62
P03391,Desodorante Poett Primavera 900ml x2,Limpieza,3206.0,3537.81,3198.53,3219.84,3470.95
P03392,Fideos Matarazzo Spaghetti 500g,Almacén,791.05,736.58,703.14,698.65,703.69
P03393,Yerba Playadito 1Kg,Almacén,8291.96,7908.21,7799.22,9016.69,8931.33
P03394,Fideos Matarazzo Spaghetti 500g,Almacén,9338.7,9214.6,10180.94,10255.21,10119.45
P03395,Pepsi 2.25L,Bebidas,8561.67,9889.82,8868.97,8246.52,7996.6
P03396,Galletitas Chocolinas 170g,Panificados,10630.62,10710.82,11738.51,11603.3,10007.21
P03397,Queso Rallado La Paulina 40g x2,Lácteos,7143.73,6305.73,7091.6,6166.78,7143.91
P03398,Arroz Gallo Oro 1Kg,Almacén,5310.09,5371.82,6588.88,5382.45,5049.09
P03399,Shampoo Pantene Restauración 400ml,Higiene,10052.79,9920.77,8972.94,10515.86,9592.54
P03400,Cerveza Quilmes 1L x3,Bebidas,3628.84,3327.17,3098.58,3549.3,3076.46
P03401,Harina Blancaflor 1Kg,Almacén,8653.85,11193.99,9143.81,10482.04,9124.19
P03402,Leche La Serenísima Entera 1L x3,Lácteos,11861.08,13157.37,10717.26,10918.65,12213.81
P03403,Galletitas Chocolinas 170g x2,Panificados,1865.93,1615.45,1825.05,1847.63,1663.08
P03404,Fideos Matarazzo Spaghetti 500g,Almacén,10659.66,11665.82,12502.55,12416.54,10366.78
P03405,Harina Blancaflor 1Kg x5,Almacén,11767.7,9891.87,10710.48,12341.95,11026.97
P03406,Jabón Dove Original 90g,Higiene,7697.1,8949.18,8292.86,7644.35,8927.62
P03407,Galletitas Chocolinas 170g,Panificados,758.96,1026.73,922.3,870.96,943.63
P03408,Jabón Dove Original 90g,Higiene,9219.32,9691.73,11066.9,11105.43,8535.85
P03409,Pasta Dental Colgate Total 90g x5,Higiene,6270.31,5862.67,4763.51,6085.33,5238.47
P03410,Yogur Ser Vainilla 1Kg,Lácteos,8242.59,8103.59,6041.8,7385.13,6743.97
P03411,Galletitas Chocolinas 170g x5,Panificados,6191.18,6406.93,5553.04,5441.92,6068.65
P03412,Jugo Baggio Multifruta 1L x2,Bebidas,6344.85,7185.67,6728.05,8153.5,6074.7
P03413,Arroz Gallo Oro 1Kg,Almacén,7373.08,5643.22,7018.85,7107.56,6512.12
P03414,Jabón Dove Original 90g x5,Higiene,2508.13,2864.1,2459.88,2470.97,3072.91
P03415,Yogur Ser Vainilla 1Kg,Lácteos,6474.26,7193.93,7110.08,8146.74,6401.56
P03416,Queso Cremoso Tregar 1Kg,Lácteos,8877.0,9018.81,8558.28,7482.19,8457.52
P03417,Jugo Baggio Multifruta 1L x2,Bebidas,11467.53,10557.17,9459.97,8927.36,11468.22
P03418,Lavandina Ayudín 1L,Limpieza,9456.33,9143.77,8380.92,8294.92,7124.58
P03419,Jugo Baggio Multifruta 1L,Bebidas,3912.83,4204.82,3435.02,4451.18,3690.06
P03420,Coca-Cola 2.25L,Bebidas,2625.43,2517.5,2388.78,2300.98,2178.49
P03421,Coca-Cola 2.25L x5,Bebidas,5718.83,5164.7,4948.47,4527.86,4975.59
P03422,Aceite Natura Girasol 1.5L,Almacén,2065.48,2321.29,2600.21,2023.31,2328.62
P03423,Harina Blancaflor 1Kg,Almacén,4812.29,6140.65,6126.22,5725.53,6259.08
P03424,Desodorante Rexona Hombre 150ml,Higiene,7918.63,6764.29,6397.85,6405.65,7872.49
P03425,Fideos Matarazzo Spaghetti 500g,Almacén,5104.45,5163.25,5168.41,5740.98,5037.02
P03426,Galletitas Express 170g,Panificados,9990.01,9718.32,8021.57,9796.01,8839.73
P03427,Harina Blancaflor 1Kg,Almacén,9809.36,8776.37,9766.91,12082.21,9264.61
P03428,Suavizante Comfort 900ml,Limpieza,9889.94,10207.86,11765.96,12374.18,10828.71
P03429,Pan Lactal Fargo 600g x4,Panificados,9766.03,9230.62,10228.1,10348.06,8530.48
P03430,Cerveza Quilmes 1L,Bebidas,4774.76,3872.13,4115.36,3530.27,4384.44
P03431,Harina Blancaflor 1Kg,Almacén,6578.06,6155.64,7190.47,5309.42,6824.38
P03432,Fideos Matarazzo Spaghetti 500g x3,Almacén,1784.36,1942.01,1670.05,2064.9,1700.49
P03433,Suavizante Comfort 900ml,Limpieza,3693.22,4200.24,4268.39,4850.77,3819.81
P03434,Detergente Magistral Limón 750ml,Limpieza,2264.99,2724.07,2605.62,2592.32,2245.03
P03435,Aceite Natura Girasol 1.5L,Almacén,797.74,719.32,856.64,687.35,767.25
P03436,Suavizante Comfort 900ml,Limpieza,8589.07,9255.03,11294.37,11201.85,10514.53
P03437,Suavizante Comfort 900ml,Limpieza,5328.59,5749.57,5229.66,5507.18,5521.7
P03438,Harina Blancaflor 1Kg x5,Almacén,7606.11,7263.18,7671.32,7345.48,6992.3
P03439,Pasta Dental Colgate Total 90g x5,Higiene,7351.54,6228.89,6950.98,7855.56,6882.61
P03440,Galletitas Express 170g,Panificados,5833.57,5631.05,6552.32,5841.72,5801.92
P03441,Coca-Cola 2.25L,Bebidas,10509.0,10312.1,9456.84,8584.22,10904.02
P03442,Leche Ilolay Descremada 1L,Lácteos,6931.78,6703.98,8060.84,8008.21,9160.3
P03443,Shampoo Pantene Restauración 400ml,Higiene,7247.45,9067.28,9605.38,8083.61,9705.36
P03444,Galletitas Chocolinas 170g,Panificados,7770.83,9622.6,9849.27,7533.59,7864.79
P03445,Lavandina Ayudín 1L,Limpieza,9375.68,7523.97,9170.29,8079.07,9036.4
P03446,Azúcar Ledesma 1Kg,Almacén,12907.17,10974.14,11377.03,10231.65,9586.78
P03447,Queso Cremoso Tregar 1Kg,Lácteos,5707.83,4829.54,4389.25,4712.61,5928.47
P03448,Queso Cremoso Tregar 1Kg,Lácteos,13158.02,12482.23,10843.43,12612.29,13268.14
P03449,Yerba Playadito 1Kg x4,Almacén,6494.42,6057.1,5576.32,5003.73,6235.35
P03450,Desodorante Rexona Hombre 150ml,Higiene,12003.74,12367.55,11347.09,12794.82,12287.12
P03451,Papel Higiénico Higienol 4 Rollos x2,Higiene,5186.53,5187.39,4772.75,5875.39,6043.12
P03452,Jugo Baggio Multifruta 1L,Bebidas,8787.13,8656.39,8753.53,9607.85,8041.03
P03453,Fideos Matarazzo Spaghetti 500g,Almacén,4033.64,3620.54,3221.45,3371.7,3891.37
P03454,Jabón Dove Original 90g,Higiene,11866.36,11292.86,12275.45,12055.06,10264.74
P03455,Pan de Campo Bimbo 500g,Panificados,4027.91,3837.41,4349.29,3782.97,4130.65
P03456,Yerba Playadito 1Kg,Almacén,7365.22,7558.34,6536.38,6270.66,8243.25
P03457,Detergente Magistral Limón 750ml,Limpieza,3485.32,4307.79,4026.68,3655.8,4072.41
P03458,Galletitas Express 170g,Panificados,8725.2,7104.2,7027.93,6889.58,8216.6
P03459,Pan de Campo Bimbo 500g,Panificados,1175.61,1313.98,1043.36,1415.38,1447.37
P03460,Jabón Dove Original 90g,Higiene,8460.85,10498.32,9806.99,8009.61,8559.37
P03461,Desodorante Rexona Hombre 150ml,Higiene,3382.11,3506.49,3483.36,3162.74,3308.38
P03462,Jabón Dove Original 90g,Higiene,8446.01,6404.15,7414.51,7210.25,7109.48
P03463,Yogur Ser Vainilla 1Kg x3,Lácteos,3144.74,2976.55,3053.87,3642.23,2810.95
P03464,Cerveza Quilmes 1L,Bebidas,4686.88,4685.47,5576.34,5343.83,5271.45
P03465,Pasta Dental Colgate Total 90g x2,Higiene,4373.09,4403.79,4790.8,4074.61,4121.66
P03466,Lavandina Ayudín 1L,Limpieza,12100.23,10430.59,11761.76,10995.71,9928.18
P03467,Manteca Sancor 200g,Lácteos,6851.24,7386.04,7412.54,6499.25,7279.33
P03468,Yerba Playadito 1Kg,Almacén,7647.0,9105.41,7707.42,8557.52,7493.58
P03469,Harina Blancaflor 1Kg,Almacén,1369.37,1359.38,1510.64,1660.08,1739.37
P03470,Arroz Gallo Oro 1Kg,Almacén,9480.99,12082.04,11659.54,9200.65,9762.22
P03471,Azúcar Ledesma 1Kg,Almacén,6437.52,7894.77,8424.17,7005.14,6654.81
P03472,Yerba Playadito 1Kg,Almacén,9967.8,12180.59,9592.32,12421.8,12001.0
P03473,Pepsi 2.25L,Bebidas,10063.0,9853.96,11586.13,9250.91,11080.15
P03474,Galletitas Chocolinas 170g x4,Panificados,10911.11,9284.63,10575.3,10428.46,8451.19
P03475,Agua Villavicencio 2.25L,Bebidas,2099.63,1793.56,2296.83,1900.23,1754.35
P03476,Jabón Dove Original 90g,Higiene,4274.52,3780.12,4643.21,3706.02,4835.68
P03477,Bizcochitos Don Satur 200g,Panificados,7833.19,7276.78,7823.9,6185.04,6963.74
P03478,Cerveza Heineken 1L x5,Bebidas,6357.3,7111.33,7570.06,6544.78,8177.3
P03479,Bizcochitos Don Satur 200g,Panificados,4602.48,4773.79,4951.36,3829.3,4256.89
P03480,Harina Blancaflor 1Kg,Almacén,958.99,922.66,966.35,886.2,967.38
P03481,Coca-Cola 2.25L,Bebidas,5590.55,5246.2,6239.18,7051.67,6243.59
P03482,Suavizante Comfort 900ml,Limpieza,5205.42,6754.2,6523.52,5425.21,5899.25
P03483,Arroz Gallo Oro 1Kg,Almacén,2841.83,2998.1,3471.68,3333.26,3411.81
P03484,Azúcar Ledesma 1Kg x2,Almacén,10650.75,11565.85,11525.24,11959.07,11470.11
P03485,Queso Cremoso Tregar 1Kg,Lácteos,3394.07,3882.95,3777.14,3345.01,3659.56
P03486,Harina Blancaflor 1Kg,Almacén,5556.37,5887.37,5672.39,6102.07,6968.71
P03487,Pasta Dental Colgate Total 90g,Higiene,2689.0,2443.51,2717.48,2473.58,2525.06
P03488,Lavandina Ayudín 1L x4,Limpieza,5621.18,5991.39,5736.73,6614.44,6061.34
P03489,Galletitas Express 170g,Panificados,8415.08,8083.41,7810.12,10140.26,10537.58
P03490,Detergente Magistral Limón 750ml,Limpieza,5757.72,6320.65,6790.91,6951.69,5299.7
P03491,Pan Lactal Fargo 600g,Panificados,9798.98,11051.27,9851.09,11517.35,13025.63
P03492,Desodorante Rexona Hombre 150ml,Higiene,10705.39,9466.59,10673.44,8721.78,8067.1
P03493,Pan de Campo Bimbo 500g,Panificados,2580.0,2845.65,2361.63,2807.9,2278.16
P03494,Fideos Matarazzo Spaghetti 500g,Almacén,11765.69,8962.44,10302.61,10484.35,12353.61
P03495,Agua Villavicencio 2.25L x4,Bebidas,12576.61,12974.73,13413.61,10355.19,13094.33
P03496,Jugo Baggio Multifruta 1L,Bebidas,6876.0,5824.05,5049.21,6361.28,5191.64
P03497,Pan Lactal Fargo 600g,Panificados,10958.09,9357.13,10859.5,9589.47,10024.2
P03498,Aceite Natura Girasol 1.5L,Almacén,6319.11,7051.56,7030.96,6530.3,5986.29
P03499,Yerba Taragüi 1Kg x2,Almacén,2731.59,2333.2,3053.88,3006.27,2625.08
P03500,Queso Rallado La Paulina 40g,Lácteos,2580.59,2938.78,2867.88,3210.64,3118.0
P03501,Azúcar Ledesma 1Kg,Almacén,12671.86,10997.57,11890.04,10425.77,10937.37
P03502,Pepsi 2.25L,Bebidas,9571.92,8709.8,9872.49,10193.98,10941.41
P03503,Detergente Magistral Limón 750ml,Limpieza,6552.7,5288.98,5228.76,6398.88,6756.51
P03504,Lavandina Ayudín 1L,Limpieza,9144.89,12397.07,12173.07,12492.25,10582.11
P03505,Shampoo Pantene Restauración 400ml,Higiene,1334.51,1146.4,1188.75,1474.03,1414.11
P03506,Papel Higiénico Higienol 4 Rollos,Higiene,3346.65,3083.39,2630.03,2852.98,3079.05
P03507,Pasta Dental Colgate Total 90g,Higiene,6826.64,6899.28,7782.8,9005.53,8483.09
P03508,Agua Villavicencio 2.25L,Bebidas,1240.76,1118.85,1046.43,1030.82,1043.21
P03509,Desodorante Poett Primavera 900ml,Limpieza,8075.6,8671.65,8242.39,7754.03,8461.17
P03510,Yogur Ser Vainilla 1Kg,Lácteos,7627.12,7341.33,7136.84,7698.84,8783.54
P03511,Lavandina Ayudín 1L,Limpieza,8904.66,9547.26,9416.0,8407.29,7481.84
P03512,Fideos Matarazzo Spaghetti 500g,Almacén,3011.52,2879.32,2727.07,2319.42,2692.93
P03513,Pan de Campo Bimbo 500g,Panificados,4399.62,4881.4,4527.35,4892.37,4256.44
P03514,Galletitas Express 170g,Panificados,8856.18,8839.55,8955.76,8526.85,8750.37
P03515,Harina Blancaflor 1Kg,Almacén,11784.96,9916.57,10846.23,11078.25,10852.6
P03516,Harina Blancaflor 1Kg,Almacén,2209.48,1850.51,2054.02,2276.46,2012.37
P03517,Cerveza Quilmes 1L,Bebidas,9357.34,9141.67,7378.14,9173.64,7978.88
P03518,Coca-Cola 2.25L,Bebidas,5113.09,4785.67,4416.21,4425.78,4361.62
P03519,Arroz Gallo Oro 1Kg,Almacén,783.58,842.51,752.04,733.15,785.64
P03520,Pasta Dental Colgate Total 90g,Higiene,2195.94,2672.89,2369.52,2104.25,2498.97
P03521,Bizcochitos Don Satur 200g,Panificados,3857.67,4214.19,3235.67,3383.44,3359.76
P03522,Aceite Natura Girasol 1.5L,Almacén,3218.16,3402.34,3856.22,3461.1,3008.67
P03523,Cerveza Quilmes 1L,Bebidas,11512.07,11705.8,9802.78,10575.76,8784.74
P03524,Leche La Serenísima Entera 1L,Lácteos,12333.52,11283.98,11722.99,9817.44,9800.13
P03525,Desodorante Poett Primavera 900ml,Limpieza,8798.82,9796.3,8964.46,11800.81,9840.63
P03526,Jugo Baggio Multifruta 1L x4,Bebidas,11765.22,11621.73,11863.58,11833.34,12553.07
P03527,Desodorante Rexona Hombre 150ml,Higiene,12540.59,9823.52,10772.52,11280.6,10598.71
P03528,Pan de Campo Bimbo 500g x4,Panificados,9477.79,9098.44,8518.94,8308.9,9254.41
P03529,Shampoo Pantene Restauración 400ml x2,Higiene,4793.62,4565.6,4359.83,4533.97,4375.3
P03530,Detergente Magistral Limón 750ml,Limpieza,11928.78,11962.58,9719.77,10171.17,10741.99
P03531,Jabón Dove Original 90g,Higiene,6163.4,6698.11,6662.4,5705.44,6016.85
P03532,Desodorante Poett Primavera 900ml,Limpieza,5847.13,5163.58,6193.94,5535.31,6058.7
P03533,Galletitas Chocolinas 170g,Panificados,12544.9,9380.34,12578.53,10332.59,9442.65
P03534,Shampoo Pantene Restauración 400ml,Higiene,1613.67,1428.59,1382.55,1480.02,1462.54
P03535,Jabón Dove Original 90g x2,Higiene,2969.54,2492.29,3106.85,2553.63,2823.73
P03536,Arroz Gallo Oro 1Kg,Almacén,8796.99,8164.48,9802.08,7789.11,8690.18
P03537,Jugo Baggio Multifruta 1L x5,Bebidas,5208.92,5806.18,5214.97,6528.55,5699.68
P03538,Cerveza Quilmes 1L,Bebidas,3180.49,3828.19,3382.97,3056.72,3351.66
P03539,Fideos Matarazzo Spaghetti 500g,Almacén,12282.88,10202.03,11644.64,9991.43,10851.18
P03540,Desodorante Rexona Hombre 150ml,Higiene,4975.26,4018.8,5081.35,5078.06,4421.05
P03541,Jugo Baggio Multifruta 1L,Bebidas,7781.47,7772.52,6737.44,6548.89,6775.88
P03542,Papel Higiénico Higienol 4 Rollos,Higiene,7376.43,6482.72,6845.55,6605.12,6256.03
P03543,Yerba Taragüi 1Kg,Almacén,4069.98,4824.25,5088.28,4491.23,4860.1
P03544,Detergente Magistral Limón 750ml,Limpieza,3337.08,3622.25,3086.8,3889.32,3221.52
P03545,Queso Cremoso Tregar 1Kg,Lácteos,8643.09,8826.77,8097.66,10072.07,10781.07
P03546,Yogur Ser Vainilla 1Kg,Lácteos,4541.98,5441.07,5781.94,4644.37,4656.77
P03547,Suavizante Comfort 900ml,Limpieza,12760.54,11791.92,9810.9,10708.55,10138.54
P03548,Coca-Cola 2.25L,Bebidas,7674.1,8679.67,7983.76,8605.49,9157.03
P03549,Jugo Baggio Multifruta 1L,Bebidas,6293.47,4705.45,5597.84,6272.52,6288.52
P03550,Pasta Dental Colgate Total 90g,Higiene,1965.03,2278.16,2083.42,2030.36,1816.53
P03551,Shampoo Pantene Restauración 400ml x3,Higiene,2802.86,2163.61,2799.61,2209.58,2782.44
P03552,Shampoo Pantene Restauración 400ml,Higiene,759.08,980.99,782.66,877.66,913.85
P03553,Desodorante Rexona Hombre 150ml,Higiene,4279.33,5051.66,4536.27,4625.33,5401.95
P03554,Pan de Campo Bimbo 500g,Panificados,3384.43,3859.65,4173.92,4222.42,4099.72
P03555,Leche Ilolay Descremada 1L,Lácteos,3193.89,3273.1,3853.27,3585.71,3010.08
P03556,Cerveza Heineken 1L x5,Bebidas,4370.19,4171.15,4889.63,4324.71,4529.92
P03557,Bizcochitos Don Satur 200g,Panificados,10652.23,11151.61,10732.53,13154.03,13634.03
P03558,Shampoo Pantene Restauración 400ml,Higiene,4554.7,4213.38,4798.57,4212.05,4345.08
P03559,Bizcochitos Don Satur 200g,Panificados,7144.75,7417.3,6390.93,7371.88,6150.11
P03560,Leche La Serenísima Entera 1L,Lácteos,6059.81,6501.24,5606.87,7145.5,7200.87
P03561,Detergente Magistral Limón 750ml,Limpieza,8865.8,9880.3,11227.15,9562.71,8991.64
P03562,Jugo Baggio Multifruta 1L x4,Bebidas,9931.06,8336.26,10790.93,9204.18,8926.37
P03563,Queso Cremoso Tregar 1Kg,Lácteos,12449.41,11983.88,12461.47,10236.42,10471.89
P03564,Galletitas Chocolinas 170g,Panificados,1002.8,770.47,960.68,979.0,767.83
P03565,Manteca Sancor 200g x5,Lácteos,10845.77,8791.1,9266.63,9473.88,10876.97
P03566,Manteca Sancor 200g,Lácteos,3386.09,3457.93,3412.78,3536.64,3122.69
P03567,Pan de Campo Bimbo 500g,Panificados,8682.89,6974.22,8020.17,8418.77,8634.32
P03568,Azúcar Ledesma 1Kg,Almacén,7130.83,6888.01,7638.15,8089.03,7051.84
P03569,Harina Blancaflor 1Kg,Almacén,4187.62,5018.92,4774.41,4034.06,4621.73
P03570,Arroz Gallo Oro 1Kg,Almacén,3780.4,4208.51,4799.78,3933.45,4407.97
P03571,Jabón Dove Original 90g,Higiene,6786.2,7195.21,7170.97,6871.93,6234.06
P03572,Pasta Dental Colgate Total 90g,Higiene,920.87,981.63,856.11,842.49,782.76
P03573,Galletitas Chocolinas 170g,Panificados,4214.29,4230.63,5071.73,4057.51,4359.91
P03574,Yerba Playadito 1Kg,Almacén,1613.11,1649.03,1752.06,1353.85,1452.68
P03575,Cerveza Quilmes 1L,Bebidas,3503.89,3797.67,3597.34,3632.04,3993.0
P03576,Pasta Dental Colgate Total 90g,Higiene,11421.12,11329.45,11473.65,12085.64,10673.52
P03577,Yerba Taragüi 1Kg,Almacén,10719.6,11935.1,12090.5,10207.33,11998.86
P03578,Queso Cremoso Tregar 1Kg,Lácteos,3588.01,3471.21,3715.42,3927.35,3239.4
P03579,Jugo Baggio Multifruta 1L,Bebidas,3798.39,3117.09,3954.23,3575.96,3603.45
P03580,Desodorante Poett Primavera 900ml,Limpieza,1911.19,2046.52,2005.1,1756.6,2176.3
P03581,Desodorante Rexona Hombre 150ml,Higiene,789.16,830.35,828.43,867.88,959.18
P03582,Desodorante Rexona Hombre 150ml,Higiene,4858.69,5808.09,5143.07,4992.75,5786.73
P03583,Shampoo Pantene Restauración 400ml x5,Higiene,1428.33,1174.65,1292.07,1234.05,1374.1
P03584,Queso Rallado La Paulina 40g,Lácteos,11232.56,11441.68,12694.55,11552.61,11628.44
P03585,Pepsi 2.25L,Bebidas,2152.61,2140.11,2165.73,1636.85,1906.5
P03586,Shampoo Pantene Restauración 400ml,Higiene,12772.54,11680.2,11499.19,11060.52,12701.41
P03587,Pasta Dental Colgate Total 90g,Higiene,12388.06,11853.33,12403.2,12275.83,10555.55
P03588,Pan Lactal Fargo 600g,Panificados,9559.09,9770.28,10805.52,10670.85,12314.65
P03589,Coca-Cola 2.25L x4,Bebidas,8669.16,8522.44,8356.98,7838.26,9248.03
P03590,Pan de Campo Bimbo 500g,Panificados,4006.91,4338.34,4037.54,4270.23,4172.8
P03591,Jugo Baggio Multifruta 1L,Bebidas,4534.53,4705.91,5270.05,4096.85,4758.64
P03592,Yogur Ser Vainilla 1Kg,Lácteos,12025.99,11450.37,10312.9,11660.91,12416.08
P03593,Shampoo Pantene Restauración 400ml,Higiene,4670.36,5926.53,6157.49,4862.86,4808.58
P03594,Yerba Playadito 1Kg,Almacén,2506.81,1837.03,1849.68,2292.14,1822.05
P03595,Fideos Matarazzo Spaghetti 500g,Almacén,1196.54,1276.0,1054.05,1089.4,1077.18
P03596,Jabón Dove Original 90g,Higiene,4091.07,3694.04,3969.25,3716.62,4210.12
P03597,Yogur Ser Vainilla 1Kg,Lácteos,3624.11,3092.23,2727.55,2810.71,3728.5
P03598,Agua Villavicencio 2.25L,Bebidas,11180.89,11324.4,13508.76,12977.67,12917.34
P03599,Agua Villavicencio 2.25L,Bebidas,1051.01,1393.59,1125.61,1283.08,1306.22
P03600,Jugo Baggio Multifruta 1L,Bebidas,12129.67,10495.45,12401.86,13295.02,13243.48
P03601,Cerveza Heineken 1L,Bebidas,1008.89,1190.3,1211.88,1183.56,1154.94
P03602,Fideos Matarazzo Spaghetti 500g,Almacén,3168.26,3063.62,3218.17,2624.42,2701.72
P03603,Yerba Playadito 1Kg,Almacén,5249.6,5230.92,4280.69,5112.54,4537.41
P03604,Pasta Dental Colgate Total 90g,Higiene,3536.98,3492.37,2732.81,3159.55,2982.27
P03605,Coca-Cola 2.25L,Bebidas,2572.38,2315.64,2785.11,2237.6,2297.91
P03606,Desodorante Rexona Hombre 150ml,Higiene,8802.09,8814.76,9078.01,9964.49,9147.94
P03607,Suavizante Comfort 900ml,Limpieza,4583.3,3918.63,4533.8,4439.3,4007.0
P03608,Fideos Matarazzo Spaghetti 500g x4,Almacén,10638.59,10680.13,9302.95,11374.62,9690.7
P03609,Queso Cremoso Tregar 1Kg,Lácteos,5105.23,5643.13,5278.41,5448.19,4298.6
P03610,Harina Blancaflor 1Kg x3,Almacén,7097.8,7580.13,6920.75,8841.55,7679.19
P03611,Cerveza Heineken 1L,Bebidas,10703.97,10502.53,9135.12,11172.82,8969.21
P03612,Pasta Dental Colgate Total 90g,Higiene,6165.19,7230.65,5767.77,5472.05,5683.52
P03613,Agua Villavicencio 2.25L,Bebidas,2231.64,2946.99,2483.43,2790.01,2230.74
P03614,Leche Ilolay Descremada 1L,Lácteos,5181.3,5638.17,4875.74,4867.97,5111.24
P03615,Yerba Taragüi 1Kg,Almacén,8795.2,10527.5,8439.92,8967.31,9166.91
P03616,Detergente Magistral Limón 750ml,Limpieza,2954.2,3085.83,3168.04,2920.32,3018.62
P03617,Suavizante Comfort 900ml,Limpieza,8868.27,6412.87,7240.86,7027.34,6425.66
P03618,Shampoo Pantene Restauración 400ml,Higiene,4254.79,3787.5,4568.82,4754.43,3699.55
P03619,Desodorante Poett Primavera 900ml,Limpieza,2924.46,2504.62,2676.89,2567.61,2447.63
P03620,Pan Lactal Fargo 600g,Panificados,10611.88,8762.2,10654.21,10486.04,11193.03
P03621,Arroz Gallo Oro 1Kg,Almacén,10506.24,9871.84,9442.3,11013.16,9250.56
P03622,Pan de Campo Bimbo 500g,Panificados,6000.0,5947.44,6580.59,6007.53,5136.3
P03623,Yerba Playadito 1Kg,Almacén,2829.37,2778.79,2537.05,3269.17,2472.38
P03624,Queso Rallado La Paulina 40g,Lácteos,8431.76,6889.9,7314.83,8693.35,6859.27
P03625,Lavandina Ayudín 1L,Limpieza,5851.62,6411.69,5971.51,5715.38,4868.38
P03626,Pan de Campo Bimbo 500g,Panificados,6421.2,6151.01,6101.77,6185.17,5664.82
P03627,Yerba Taragüi 1Kg,Almacén,10600.12,8870.57,9982.4,11825.39,10957.88
P03628,Pepsi 2.25L,Bebidas,6600.06,6262.78,6258.92,6490.72,6200.1
P03629,Arroz Gallo Oro 1Kg,Almacén,9249.16,8133.98,7534.47,7075.55,8979.38
P03630,Arroz Gallo Oro 1Kg,Almacén,7112.44,7694.91,6511.73,6502.15,6621.48
P03631,Fideos Matarazzo Spaghetti 500g,Almacén,7263.83,7929.4,6241.36,6264.03,6386.52
P03632,Suavizante Comfort 900ml,Limpieza,9592.26,8727.7,11055.56,10895.45,10405.81
P03633,Jugo Baggio Multifruta 1L,Bebidas,9114.86,7964.21,8238.58,10650.19,10823.87
P03634,Pepsi 2.25L,Bebidas,6166.05,6395.98,7064.46,7124.23,7264.53
P03635,Detergente Magistral Limón 750ml,Limpieza,8514.32,10413.72,9277.45,10149.85,7985.07
P03636,Azúcar Ledesma 1Kg,Almacén,5727.65,5675.92,4743.79,4335.28,4235.85
P03637,Cerveza Quilmes 1L,Bebidas,7439.49,8384.23,8094.49,7105.04,8179.22
P03638,Queso Rallado La Paulina 40g,Lácteos,1345.77,1246.48,1512.79,1323.58,1388.41
P03639,Papel Higiénico Higienol 4 Rollos,Higiene,967.4,1195.23,1079.08,1275.15,1008.14
P03640,Suavizante Comfort 900ml,Limpieza,10619.66,11657.7,10944.88,13017.74,13378.75
P03641,Manteca Sancor 200g,Lácteos,3423.03,3617.84,3696.1,2927.53,3156.18
P03642,Detergente Magistral Limón 750ml x5,Limpieza,10908.48,12819.11,13027.04,11263.25,9972.87
P03643,Aceite Natura Girasol 1.5L,Almacén,5848.94,5056.55,6206.27,4894.32,5423.1
P03644,Azúcar Ledesma 1Kg,Almacén,10049.04,9574.51,10019.8,8454.31,9296.06
P03645,Pan Lactal Fargo 600g,Panificados,8481.23,10299.77,8569.37,10461.2,8200.41
P03646,Azúcar Ledesma 1Kg,Almacén,683.43,817.45,803.83,760.02,810.37
P03647,Jabón Dove Original 90g,Higiene,7982.61,9174.5,9166.37,9393.61,8386.1
P03648,Pan Lactal Fargo 600g,Panificados,6530.22,6560.46,6243.4,5795.39,5723.32
P03649,Leche Ilolay Descremada 1L,Lácteos,4660.43,4278.29,3867.37,4618.57,4379.69
P03650,Papel Higiénico Higienol 4 Rollos,Higiene,8168.59,9718.78,8541.35,8896.52,9147.62
P03651,Yerba Taragüi 1Kg,Almacén,8803.95,11351.8,9385.67,8759.51,10013.3
P03652,Cerveza Quilmes 1L,Bebidas,4761.46,5356.33,4506.07,4996.4,4763.85
P03653,Coca-Cola 2.25L,Bebidas,11443.06,10531.53,13405.25,13621.33,12286.85
P03654,Pepsi 2.25L,Bebidas,5031.91,4947.97,5432.51,5401.04,5537.69
P03655,Yerba Taragüi 1Kg,Almacén,2061.07,2190.88,1678.45,2179.9,1987.26
P03656,Yogur Ser Vainilla 1Kg,Lácteos,1837.43,1384.9,1472.67,1804.99,1770.9
P03657,Harina Blancaflor 1Kg,Almacén,7266.65,7120.74,6944.91,7389.34,6094.71
P03658,Yerba Taragüi 1Kg x5,Almacén,6491.33,7424.49,6616.56,6158.56,7470.35
P03659,Coca-Cola 2.25L,Bebidas,10056.0,9068.26,11356.68,9306.07,12494.48
P03660,Jabón Dove Original 90g,Higiene,8819.23,8617.41,8154.87,8187.65,8657.03
P03661,Lavandina Ayudín 1L,Limpieza,9762.82,8283.31,8802.8,9259.65,7981.47
P03662,Yogur Ser Vainilla 1Kg,Lácteos,5957.93,6256.09,7582.85,7572.04,6207.07
P03663,Cerveza Heineken 1L,Bebidas,11086.28,12383.53,10402.22,10789.72,11076.47
P03664,Desodorante Poett Primavera 900ml,Limpieza,2647.03,3012.06,2636.72,3624.86,3494.19
P03665,Galletitas Express 170g,Panificados,2802.91,2448.6,2845.34,2278.71,2744.04
P03666,Galletitas Chocolinas 170g,Panificados,7968.28,6955.15,7650.41,6735.13,6760.6
P03667,Pan de Campo Bimbo 500g,Panificados,10136.62,8125.92,10076.66,8888.36,9303.07
P03668,Lavandina Ayudín 1L,Limpieza,1436.38,1614.95,1566.95,1868.89,1635.9
P03669,Galletitas Express 170g,Panificados,9438.24,9066.35,9588.68,9480.88,7932.85
P03670,Shampoo Pantene Restauración 400ml,Higiene,6818.29,6549.29,6159.01,7223.14,5584.05
P03671,Lavandina Ayudín 1L,Limpieza,3875.88,3817.09,3740.25,3681.62,3723.44
P03672,Galletitas Chocolinas 170g x2,Panificados,1369.4,1282.83,1191.66,1093.81,1084.79
P03673,Desodorante Poett Primavera 900ml,Limpieza,5506.75,7187.48,7258.14,6970.84,6612.65
P03674,Cerveza Quilmes 1L x4,Bebidas,1602.07,1750.97,1877.64,1881.44,2115.23
P03675,Arroz Gallo Oro 1Kg,Almacén,8480.92,7166.89,7619.04,7744.74,7561.81
P03676,Queso Cremoso Tregar 1Kg,Lácteos,5826.68,6814.58,6670.4,5103.06,5544.19
P03677,Fideos Matarazzo Spaghetti 500g,Almacén,3467.95,3560.89,3936.52,3050.85,3269.69
P03678,Pan Lactal Fargo 600g,Panificados,6644.64,5588.22,7116.23,6490.59,6478.85
P03679,Desodorante Rexona Hombre 150ml,Higiene,3407.29,4593.71,4058.81,3812.35,4257.1
P03680,Jugo Baggio Multifruta 1L,Bebidas,1205.95,1225.66,1219.66,967.52,1163.75
P03681,Harina Blancaflor 1Kg,Almacén,11913.66,10464.67,12740.27,12078.27,10241.28
P03682,Jabón en Polvo Ala 3Kg,Limpieza,3410.11,3423.5,2768.78,3017.53,2963.49
P03683,Pan Lactal Fargo 600g,Panificados,3391.53,3523.02,3447.76,2956.73,3169.89
P03684,Leche La Serenísima Entera 1L,Lácteos,8620.33,10988.14,10552.83,8856.96,8180.26
P03685,Shampoo Pantene Restauración 400ml,Higiene,7215.51,8353.37,8920.18,9084.31,8022.83
P03686,Papel Higiénico Higienol 4 Rollos,Higiene,7183.49,7025.23,8535.03,6734.41,8486.27
P03687,Shampoo Pantene Restauración 400ml,Higiene,9470.45,8684.93,9688.1,8294.21,8078.55
P03688,Galletitas Express 170g,Panificados,2748.99,2700.79,3262.42,2631.63,3521.05
P03689,Fideos Matarazzo Spaghetti 500g,Almacén,5982.64,5326.23,7244.86,5900.6,7000.57
P03690,Desodorante Rexona Hombre 150ml,Higiene,3472.22,3483.36,2840.27,3179.74,3310.84
P03691,Azúcar Ledesma 1Kg,Almacén,4171.41,3588.79,3873.02,4529.38,4473.19
P03692,Jabón en Polvo Ala 3Kg,Limpieza,7238.47,6920.3,6581.18,6335.86,5876.61
P03693,Suavizante Comfort 900ml,Limpieza,5662.19,5509.59,5029.8,5497.85,5839.61
P03694,Pan Lactal Fargo 600g,Panificados,8461.01,8633.44,7985.79,7536.77,7313.37
P03695,Fideos Matarazzo Spaghetti 500g,Almacén,700.69,901.61,914.59,768.1,741.0
P03696,Jabón en Polvo Ala 3Kg,Limpieza,1045.29,904.72,1030.7,860.83,974.74
P03697,Yerba Taragüi 1Kg,Almacén,5496.76,5298.46,5538.29,6649.67,6288.95
P03698,Desodorante Poett Primavera 900ml,Limpieza,762.28,869.06,673.88,842.52,726.24
P03699,Jugo Baggio Multifruta 1L,Bebidas,2020.7,2442.04,2188.72,2096.84,2245.2
P03700,Detergente Magistral Limón 750ml,Limpieza,8462.76,8383.25,9314.98,7410.37,7762.4
P03701,Pepsi 2.25L,Bebidas,10735.71,10121.2,10477.95,9519.68,10478.31
P03702,Yerba Taragüi 1Kg,Almacén,3962.66,4523.43,3681.01,4199.59,3866.9
P03703,Aceite Natura Girasol 1.5L x4,Almacén,12470.43,12206.35,11111.41,11519.72,11436.15
P03704,Queso Rallado La Paulina 40g,Lácteos,1725.24,1959.42,2086.39,2075.07,1799.44
P03705,Yerba Playadito 1Kg,Almacén,3374.43,2826.25,3123.17,3656.0,3608.16
P03706,Aceite Natura Girasol 1.5L,Almacén,4229.19,4203.35,4241.16,4267.87,4331.16
P03707,Cerveza Heineken 1L x3,Bebidas,11066.67,8838.72,10276.52,9612.99,11037.14
P03708,Papel Higiénico Higienol 4 Rollos x4,Higiene,12102.19,12337.8,11968.12,12080.86,9935.34
P03709,Arroz Gallo Oro 1Kg,Almacén,6596.44,7264.27,6548.39,8129.73,6205.42
P03710,Queso Cremoso Tregar 1Kg,Lácteos,9295.19,7872.18,8538.13,9220.0,7686.71
P03711,Aceite Natura Girasol 1.5L x4,Almacén,6288.86,8340.45,7392.89,7982.11,8027.17
P03712,Lavandina Ayudín 1L,Limpieza,1366.08,1533.46,1563.21,1545.12,1702.91
P03713,Desodorante Poett Primavera 900ml,Limpieza,6154.38,5243.88,4794.28,5031.3,5056.16
P03714,Desodorante Poett Primavera 900ml,Limpieza,1738.97,1611.44,1797.88,1545.55,1445.87
P03715,Harina Blancaflor 1Kg,Almacén,7401.38,9730.71,9186.4,8828.22,9514.34
P03716,Pan de Campo Bimbo 500g,Panificados,13201.06,10619.73,13569.32,12161.81,11707.61
P03717,Shampoo Pantene Restauración 400ml,Higiene,3081.1,2814.96,3171.28,2863.64,3085.72
P03718,Suavizante Comfort 900ml x3,Limpieza,903.23,979.52,1135.26,1112.01,1127.21
P03719,Shampoo Pantene Restauración 400ml,Higiene,8425.9,9190.82,7866.67,10394.01,7813.43
P03720,Jugo Baggio Multifruta 1L,Bebidas,4806.82,4692.21,3667.07,4588.84,3821.1
P03721,Shampoo Pantene Restauración 400ml x3,Higiene,6452.82,7238.13,6662.15,6950.23,6467.39
P03722,Shampoo Pantene Restauración 400ml,Higiene,965.96,832.31,974.93,814.59,972.62
P03723,Coca-Cola 2.25L,Bebidas,11413.61,10929.11,13190.33,10679.27,11865.19
P03724,Desodorante Poett Primavera 900ml,Limpieza,8992.89,7071.78,8831.13,7744.72,7451.91
P03725,Galletitas Chocolinas 170g,Panificados,11530.6,9733.2,11859.53,9386.22,10886.23
P03726,Coca-Cola 2.25L x5,Bebidas,12367.37,11493.72,11637.2,10106.14,9895.66
P03727,Leche Ilolay Descremada 1L,Lácteos,3639.85,3022.64,3802.77,3556.96,3606.32
P03728,Pepsi 2.25L,Bebidas,10389.2,11118.23,11506.35,11151.7,13305.82
P03729,Yogur Ser Vainilla 1Kg,Lácteos,3951.3,4123.81,3815.19,4268.06,4146.53
P03730,Manteca Sancor 200g,Lácteos,3913.83,4850.27,4406.81,4290.58,4933.21
P03731,Yerba Playadito 1Kg,Almacén,4955.6,4125.32,5005.06,4393.76,4483.92
P03732,Pasta Dental Colgate Total 90g,Higiene,8981.98,9195.58,9916.48,8264.28,9419.4
P03733,Manteca Sancor 200g x3,Lácteos,12269.02,12244.79,10430.3,9324.37,11415.37
P03734,Desodorante Rexona Hombre 150ml,Higiene,981.13,1029.97,891.61,882.85,863.89
P03735,Jugo Baggio Multifruta 1L x5,Bebidas,6529.15,5802.66,6314.46,7192.04,6461.89
P03736,Coca-Cola 2.25L,Bebidas,3138.0,3153.09,3276.62,3620.36,3175.34
P03737,Desodorante Rexona Hombre 150ml,Higiene,2228.89,2451.77,2189.17,2415.87,2317.83
P03738,Cerveza Quilmes 1L,Bebidas,3483.54,2987.96,3659.42,3289.34,2961.98
P03739,Manteca Sancor 200g,Lácteos,5499.33,5036.24,5851.25,4792.15,5916.71
P03740,Bizcochitos Don Satur 200g,Panificados,4730.12,3951.97,4488.38,5089.35,4125.57
P03741,Shampoo Pantene Restauración 400ml,Higiene,5951.49,6705.92,7836.63,5898.68,6780.95
P03742,Pan de Campo Bimbo 500g x3,Panificados,7173.33,5793.05,6087.83,7073.82,5606.31
P03743,Fideos Matarazzo Spaghetti 500g,Almacén,4701.41,5131.7,4411.21,5263.54,4036.72
P03744,Aceite Natura Girasol 1.5L x2,Almacén,1022.68,1252.74,1253.04,1221.33,1148.94
P03745,Arroz Gallo Oro 1Kg x5,Almacén,9578.92,9457.94,9132.32,11656.49,11288.67
P03746,Coca-Cola 2.25L,Bebidas,7094.34,7262.02,7162.23,7209.99,6924.12
P03747,Aceite Natura Girasol 1.5L,Almacén,4962.67,4694.46,4617.64,5234.97,5315.92
P03748,Pasta Dental Colgate Total 90g,Higiene,3078.86,3233.79,3691.92,3444.5,3734.0
P03749,Jabón en Polvo Ala 3Kg,Limpieza,6570.25,6002.42,6301.17,6285.33,6453.37
P03750,Lavandina Ayudín 1L,Limpieza,10054.54,9602.02,11075.61,8458.54,8808.23
P03751,Harina Blancaflor 1Kg,Almacén,4356.14,4392.04,5061.45,4018.19,5141.5
P03752,Galletitas Chocolinas 170g,Panificados,7436.02,7679.82,7454.61,6942.55,7551.86
P03753,Aceite Natura Girasol 1.5L,Almacén,9051.24,7754.03,8657.82,7392.29,8199.19
P03754,Manteca Sancor 200g,Lácteos,3278.88,3422.09,2876.06,2593.66,3028.61
P03755,Fideos Matarazzo Spaghetti 500g,Almacén,7863.36,7889.04,8735.16,8093.47,10007.19
P03756,Desodorante Poett Primavera 900ml,Limpieza,6790.62,5414.12,5275.03,6411.12,5098.77
P03757,Agua Villavicencio 2.25L,Bebidas,3258.1,3392.57,2545.12,3252.67,2463.94
P03758,Pepsi 2.25L,Bebidas,4522.21,4910.41,4666.77,5654.1,5374.03
P03759,Arroz Gallo Oro 1Kg,Almacén,7057.13,5902.15,6680.69,7221.21,7562.7
P03760,Queso Cremoso Tregar 1Kg,Lácteos,6565.16,6801.05,6902.37,7718.13,7938.41
P03761,Azúcar Ledesma 1Kg,Almacén,10268.76,10810.73,13134.09,11959.46,13120.28
P03762,Galletitas Express 170g,Panificados,9373.32,10281.73,8863.01,10110.42,11169.49
P03763,Pan Lactal Fargo 600g,Panificados,4661.83,4586.61,4582.18,4770.83,4070.09
P03764,Detergente Magistral Limón 750ml,Limpieza,2345.78,2225.37,2142.18,2330.16,2261.28
P03765,Papel Higiénico Higienol 4 Rollos,Higiene,8963.88,11255.7,11493.82,10807.46,9629.48
P03766,Aceite Natura Girasol 1.5L,Almacén,2136.18,2571.51,2322.66,2567.58,1941.41
P03767,Bizcochitos Don Satur 200g,Panificados,3612.02,3356.57,3346.51,3396.22,2918.68
P03768,Yogur Ser Vainilla 1Kg,Lácteos,4531.28,4528.39,4279.43,3844.53,5163.79
P03769,Bizcochitos Don Satur 200g,Panificados,5714.02,5237.2,5893.09,6209.19,5310.29
P03770,Leche La Serenísima Entera 1L,Lácteos,4766.86,4756.3,5279.69,6255.77,4656.48
P03771,Coca-Cola 2.25L,Bebidas,9209.95,10111.57,8993.13,9399.18,10466.89
P03772,Azúcar Ledesma 1Kg,Almacén,4185.3,4035.31,3211.52,3691.32,3662.46
P03773,Jabón en Polvo Ala 3Kg,Limpieza,3226.9,3300.25,3350.09,3157.75,2604.46
P03774,Azúcar Ledesma 1Kg,Almacén,3824.9,3786.32,3815.03,4825.12,3792.15
P03775,Jugo Baggio Multifruta 1L,Bebidas,11449.01,11947.28,10934.76,10431.36,9069.02
P03776,Papel Higiénico Higienol 4 Rollos,Higiene,10608.66,9450.4,12092.43,10389.88,12446.95
P03777,Pasta Dental Colgate Total 90g,Higiene,9312.53,12316.71,10007.49,9942.16,12246.89
P03778,Yogur Ser Vainilla 1Kg x4,Lácteos,2027.22,1806.69,1613.78,1961.98,1850.31
P03779,Desodorante Poett Primavera 900ml,Limpieza,9492.96,10815.39,9979.18,10162.2,12442.02
P03780,Papel Higiénico Higienol 4 Rollos,Higiene,4821.23,6074.63,6249.79,4662.94,4880.81
P03781,Leche La Serenísima Entera 1L,Lácteos,9850.96,7592.32,9346.55,8094.04,9530.13
P03782,Shampoo Pantene Restauración 400ml,Higiene,9127.98,12288.24,11868.6,9872.3,12264.34
P03783,Yerba Taragüi 1Kg,Almacén,1183.64,1226.96,1222.19,1151.75,1271.25
P03784,Pan Lactal Fargo 600g,Panificados,5240.59,5071.67,4413.96,4313.43,4873.14
P03785,Arroz Gallo Oro 1Kg,Almacén,13965.27,12553.23,10980.89,12685.25,13985.46
P03786,Yogur Ser Vainilla 1Kg,Lácteos,7859.64,8293.08,7226.38,8547.83,8077.97
P03787,Galletitas Chocolinas 170g x3,Panificados,9532.63,9644.64,8175.68,8035.66,7998.49
P03788,Detergente Magistral Limón 750ml,Limpieza,5572.7,4682.71,6028.56,5515.3,5258.63
P03789,Lavandina Ayudín 1L,Limpieza,4727.12,4042.9,5000.63,4449.13,5239.59
P03790,Aceite Natura Girasol 1.5L,Almacén,7225.4,6700.56,8411.41,8155.53,6322.94
P03791,Detergente Magistral Limón 750ml,Limpieza,4168.63,3838.43,3801.81,3837.52,3565.66
P03792,Shampoo Pantene Restauración 400ml,Higiene,10613.48,10257.94,10606.34,13810.07,10647.02
P03793,Pepsi 2.25L,Bebidas,3310.02,3985.97,3776.0,3693.92,3389.82
P03794,Galletitas Chocolinas 170g,Panificados,4011.66,3603.81,3994.42,3219.72,3717.68
P03795,Queso Cremoso Tregar 1Kg,Lácteos,11582.15,11795.77,12183.39,12419.67,9577.8
P03796,Arroz Gallo Oro 1Kg x5,Almacén,3134.05,2738.61,3217.93,2649.52,2992.97
P03797,Pan Lactal Fargo 600g x2,Panificados,11602.05,10313.62,12013.19,11920.52,12154.75
P03798,Pepsi 2.25L,Bebidas,2646.47,2247.89,2321.59,2649.19,2514.3
P03799,Lavandina Ayudín 1L,Limpieza,10267.25,11204.88,9581.56,11275.06,9995.61
P03800,Azúcar Ledesma 1Kg x3,Almacén,2572.44,2842.3,2248.65,3040.33,2756.37
P03801,Bizcochitos Don Satur 200g,Panificados,5076.51,4904.44,5765.28,5604.33,4329.44
P03802,Azúcar Ledesma 1Kg,Almacén,3125.11,2971.31,2866.08,2938.96,2960.55
P03803,Pasta Dental Colgate Total 90g,Higiene,4990.44,5564.27,5740.74,5194.02,4753.89
P03804,Cerveza Heineken 1L,Bebidas,6662.64,7545.77,7537.63,7136.64,5974.17
P03805,Yerba Taragüi 1Kg,Almacén,3406.11,3972.72,3496.58,3265.73,3483.62
P03806,Arroz Gallo Oro 1Kg,Almacén,9148.03,10703.37,10938.73,8495.26,8744.81
P03807,Lavandina Ayudín 1L,Limpieza,7360.76,8054.91,9301.59,6863.44,7863.76
P03808,Manteca Sancor 200g,Lácteos,1437.01,1240.5,1264.26,1492.28,1634.44
P03809,Jabón en Polvo Ala 3Kg,Limpieza,10379.52,9610.36,8390.69,10180.97,10515.25
P03810,Detergente Magistral Limón 750ml,Limpieza,12343.43,10055.34,11385.41,10034.81,12701.52
P03811,Jugo Baggio Multifruta 1L,Bebidas,7047.77,6860.43,5381.64,6987.74,5305.47
P03812,Manteca Sancor 200g,Lácteos,4280.05,4109.6,4714.12,4699.68,4771.4
P03813,Fideos Matarazzo Spaghetti 500g x5,Almacén,7941.79,7039.75,8122.19,7193.63,7014.62
P03814,Aceite Natura Girasol 1.5L,Almacén,5494.71,4591.85,6004.56,5119.75,5463.65
P03815,Manteca Sancor 200g,Lácteos,11577.45,10634.94,11307.42,10065.08,9460.43
P03816,Lavandina Ayudín 1L,Limpieza,1277.5,1742.24,1419.61,1396.37,1486.21
P03817,Azúcar Ledesma 1Kg,Almacén,11428.77,11361.32,10149.66,10650.66,8977.94
P03818,Pan Lactal Fargo 600g,Panificados,1663.75,1565.11,1771.81,1695.07,1475.29
P03819,Galletitas Chocolinas 170g,Panificados,3310.44,2966.42,3513.36,4011.28,3235.95
P03820,Detergente Magistral Limón 750ml,Limpieza,2113.57,2532.83,2409.5,2313.48,1940.62
P03821,Pan Lactal Fargo 600g,Panificados,8246.08,9761.22,7162.17,7919.44,8165.14
P03822,Cerveza Heineken 1L,Bebidas,4155.96,4145.51,4509.57,3754.77,4563.45
P03823,Desodorante Rexona Hombre 150ml,Higiene,4443.72,5198.53,4993.88,4004.43,4334.22
P03824,Cerveza Quilmes 1L,Bebidas,6787.29,6949.64,7115.84,6508.85,8055.03
P03825,Yerba Taragüi 1Kg,Almacén,2625.1,2622.75,3023.64,2449.13,2841.55
P03826,Jabón en Polvo Ala 3Kg,Limpieza,5224.95,5410.58,5078.46,4326.54,5326.43
P03827,Harina Blancaflor 1Kg x4,Almacén,6306.95,6981.46,5318.68,6814.52,6672.19
P03828,Jabón Dove Original 90g x5,Higiene,2448.88,2188.85,2325.57,2563.91,2337.58
P03829,Detergente Magistral Limón 750ml,Limpieza,9297.7,8950.89,9137.61,9817.31,8858.28
P03830,Desodorante Rexona Hombre 150ml,Higiene,4424.64,4111.36,4240.62,5075.94,4415.64
P03831,Queso Cremoso Tregar 1Kg,Lácteos,5885.25,7115.25,7454.17,5671.29,7273.34
P03832,Leche Ilolay Descremada 1L,Lácteos,1306.1,1258.08,1165.73,1217.48,1323.41
P03833,Desodorante Rexona Hombre 150ml,Higiene,7877.65,8104.82,8533.87,9029.85,9389.85
P03834,Arroz Gallo Oro 1Kg,Almacén,1603.77,1713.15,1876.94,1628.6,1709.14
P03835,Queso Cremoso Tregar 1Kg,Lácteos,8787.88,10391.39,10416.27,9333.87,11787.12
P03836,Cerveza Quilmes 1L,Bebidas,3241.0,4139.86,3308.98,3702.21,3254.1
P03837,Agua Villavicencio 2.25L,Bebidas,7588.31,8779.94,9401.02,7585.63,8166.2
P03838,Pasta Dental Colgate Total 90g,Higiene,6739.13,6489.58,7899.47,6269.08,6839.35
P03839,Coca-Cola 2.25L,Bebidas,7951.48,8526.68,7002.82,7427.4,8649.22
P03840,Coca-Cola 2.25L,Bebidas,10566.01,8482.79,8841.58,8596.59,9351.8
P03841,Coca-Cola 2.25L,Bebidas,8663.06,8718.83,8653.63,9589.81,9248.98
P03842,Queso Cremoso Tregar 1Kg,Lácteos,8557.75,9118.47,8522.38,7571.65,8318.41
P03843,Desodorante Poett Primavera 900ml,Limpieza,2139.76,1712.36,1648.33,1718.57,1850.51
P03844,Jabón en Polvo Ala 3Kg,Limpieza,1898.51,2169.91,1782.77,1716.72,1887.17
P03845,Yerba Playadito 1Kg,Almacén,3387.39,3541.96,4424.35,3923.14,4608.82
P03846,Yerba Taragüi 1Kg x5,Almacén,8746.77,11018.38,10783.74,8919.2,8801.52
P03847,Cerveza Quilmes 1L,Bebidas,12311.83,13238.73,10997.16,10043.39,11635.79
P03848,Papel Higiénico Higienol 4 Rollos,Higiene,1354.56,1013.86,1004.17,1009.59,1170.41
P03849,Shampoo Pantene Restauración 400ml x5,Higiene,2610.01,3208.7,2808.73,2659.31,3201.16
P03850,Pan Lactal Fargo 600g,Panificados,661.94,798.46,642.98,752.41,696.89
P03851,Jugo Baggio Multifruta 1L,Bebidas,3475.67,3820.1,3189.61,3840.21,3004.93
P03852,Papel Higiénico Higienol 4 Rollos x4,Higiene,13158.55,11345.29,12477.45,13468.66,11397.34
P03853,Bizcochitos Don Satur 200g,Panificados,10024.4,9003.91,8021.24,8283.43,8291.13
P03854,Fideos Matarazzo Spaghetti 500g,Almacén,8908.25,8203.44,9905.81,9486.05,9923.16
P03855,Jabón en Polvo Ala 3Kg,Limpieza,6346.0,6614.45,5216.39,5278.82,6561.46
P03856,Yogur Ser Vainilla 1Kg,Lácteos,11096.59,10378.28,12994.0,12162.64,10083.82
P03857,Desodorante Rexona Hombre 150ml,Higiene,6222.06,5973.72,5056.34,6514.31,6553.37
P03858,Jugo Baggio Multifruta 1L,Bebidas,10970.01,9327.63,10925.43,10592.09,8394.97
P03859,Papel Higiénico Higienol 4 Rollos,Higiene,5243.39,4282.15,5614.78,4166.42,5493.89
P03860,Cerveza Heineken 1L,Bebidas,7455.36,7976.44,6627.61,7075.99,7691.31
P03861,Jugo Baggio Multifruta 1L,Bebidas,6354.61,7378.37,7276.6,8245.89,7904.92
P03862,Detergente Magistral Limón 750ml x2,Limpieza,4345.34,4495.81,4908.35,5064.7,4270.22
P03863,Galletitas Chocolinas 170g,Panificados,8992.82,7618.16,7842.89,7763.75,7069.1
P03864,Agua Villavicencio 2.25L,Bebidas,1211.08,1484.93,1539.7,1578.94,1300.03
P03865,Galletitas Chocolinas 170g x5,Panificados,5814.53,5652.03,6153.06,6127.29,5318.27
P03866,Leche La Serenísima Entera 1L,Lácteos,4082.66,4675.0,3640.43,4415.04,4524.32
P03867,Cerveza Heineken 1L,Bebidas,12888.21,12269.12,10805.46,10409.85,13387.71
P03868,Yerba Playadito 1Kg,Almacén,9860.97,7716.26,8675.36,8884.02,9000.8
P03869,Suavizante Comfort 900ml,Limpieza,1672.4,1434.61,1725.76,1864.48,1607.9
P03870,Lavandina Ayudín 1L,Limpieza,4484.23,5650.81,5255.82,4348.66,4434.24
P03871,Yerba Playadito 1Kg,Almacén,6801.07,5854.91,6332.38,6870.87,7565.96
P03872,Bizcochitos Don Satur 200g,Panificados,2645.56,3266.29,2621.83,3332.22,2738.15
P03873,Jabón Dove Original 90g,Higiene,2780.59,2453.46,2933.78,2543.4,2843.15
P03874,Desodorante Rexona Hombre 150ml,Higiene,7701.2,8210.05,8165.96,6658.22,8324.88
P03875,Queso Rallado La Paulina 40g,Lácteos,6149.59,6701.84,4963.46,5204.95,6792.49
P03876,Pasta Dental Colgate Total 90g,Higiene,3778.91,3142.12,3884.75,3562.22,4084.15
P03877,Galletitas Express 170g,Panificados,10168.72,8415.75,8008.15,10609.64,8206.4
P03878,Fideos Matarazzo Spaghetti 500g,Almacén,1884.33,1937.0,2305.15,2126.4,2321.13
P03879,Pasta Dental Colgate Total 90g,Higiene,9956.23,9819.1,10861.91,10923.36,9836.16
P03880,Coca-Cola 2.25L,Bebidas,1327.59,1515.64,1166.53,1498.75,1490.57
P03881,Leche Ilolay Descremada 1L x2,Lácteos,3592.12,3516.83,3679.61,4039.48,3639.62
P03882,Aceite Natura Girasol 1.5L,Almacén,5410.96,4922.52,5504.25,5628.9,6362.16
P03883,Yogur Ser Vainilla 1Kg,Lácteos,2215.8,2752.11,2275.33,2690.18,2714.88
P03884,Galletitas Express 170g,Panificados,8510.3,7517.32,8908.45,8181.97,7059.21
P03885,Leche Ilolay Descremada 1L x3,Lácteos,8236.78,7050.42,7999.4,8768.66,8426.37
P03886,Jugo Baggio Multifruta 1L,Bebidas,10427.71,12283.48,9699.76,10248.57,9356.35
P03887,Galletitas Express 170g,Panificados,2694.11,3252.13,2869.39,3104.03,2962.13
P03888,Galletitas Express 170g,Panificados,3402.93,2995.84,2989.66,3037.4,3080.85
P03889,Suavizante Comfort 900ml,Limpieza,3694.31,3657.49,3287.04,3070.52,3634.37
P03890,Coca-Cola 2.25L,Bebidas,5596.56,6265.33,6113.82,5968.28,5661.75
P03891,Fideos Matarazzo Spaghetti 500g,Almacén,10819.7,9470.08,8247.01,10299.76,11286.99
P03892,Azúcar Ledesma 1Kg x3,Almacén,1861.65,1763.88,1740.66,1623.98,1746.77
P03893,Desodorante Poett Primavera 900ml,Limpieza,12465.59,11670.79,11535.13,12612.42,12640.32
P03894,Bizcochitos Don Satur 200g x4,Panificados,1405.65,1604.17,1531.98,1331.77,1307.07
P03895,Jugo Baggio Multifruta 1L,Bebidas,1295.07,1476.7,1150.27,1329.55,1200.89
P03896,Shampoo Pantene Restauración 400ml,Higiene,8954.1,9142.31,7339.26,7827.9,9918.73
P03897,Cerveza Quilmes 1L,Bebidas,5829.71,6127.5,7244.7,6719.05,7204.65
P03898,Aceite Natura Girasol 1.5L,Almacén,1938.12,1726.86,1748.68,1811.69,1932.43
P03899,Yerba Taragüi 1Kg,Almacén,1080.02,1046.39,900.92,1112.46,942.09
P03900,Arroz Gallo Oro 1Kg,Almacén,7379.5,6921.88,5761.33,7190.03,7506.36
P03901,Yerba Taragüi 1Kg,Almacén,12755.4,10070.91,11817.47,12828.4,12864.38
P03902,Arroz Gallo Oro 1Kg,Almacén,10742.65,11829.24,10530.0,9389.42,11182.97
P03903,Harina Blancaflor 1Kg,Almacén,5404.76,5666.9,5694.15,4546.87,5516.14
P03904,Aceite Natura Girasol 1.5L,Almacén,8721.58,10127.69,8284.3,10055.27,8650.59
P03905,Pasta Dental Colgate Total 90g,Higiene,8083.14,6983.2,8578.05,7901.09,7014.71
P03906,Yogur Ser Vainilla 1Kg,Lácteos,8574.57,9697.1,7947.75,8675.82,7707.63
P03907,Lavandina Ayudín 1L,Limpieza,4837.39,4389.52,4385.32,4210.05,4131.82
P03908,Aceite Natura Girasol 1.5L x3,Almacén,7428.0,7369.32,6879.53,5744.62,7535.0
P03909,Desodorante Poett Primavera 900ml,Limpieza,7483.83,8487.98,8056.84,7558.18,6626.29
P03910,Pan de Campo Bimbo 500g x5,Panificados,5180.48,5536.97,6166.85,4775.02,5687.83
P03911,Harina Blancaflor 1Kg,Almacén,8668.04,9498.88,9840.43,9750.52,8100.29
P03912,Arroz Gallo Oro 1Kg,Almacén,4287.34,4662.52,4783.34,4624.16,4845.0
P03913,Galletitas Express 170g x4,Panificados,3909.25,3971.06,3664.76,3697.19,4250.23
P03914,Leche Ilolay Descremada 1L,Lácteos,12837.85,11596.73,11767.22,11848.92,10279.03
P03915,Suavizante Comfort 900ml,Limpieza,3969.35,3869.76,4731.06,3785.47,3667.31
P03916,Queso Rallado La Paulina 40g,Lácteos,8130.82,8559.15,6540.31,7950.75,8008.61
P03917,Agua Villavicencio 2.25L,Bebidas,6182.86,6010.2,6736.51,5987.62,7781.31
P03918,Bizcochitos Don Satur 200g,Panificados,1672.94,1660.64,1515.86,1417.5,1735.07
P03919,Detergente Magistral Limón 750ml,Limpieza,5616.99,6733.58,5340.5,6615.99,6326.79
P03920,Jabón en Polvo Ala 3Kg x2,Limpieza,3683.79,3300.6,3357.3,3576.83,3760.44
P03921,Jabón Dove Original 90g,Higiene,3016.22,2918.1,2707.01,2575.82,2869.9
P03922,Fideos Matarazzo Spaghetti 500g,Almacén,8329.35,6925.72,7196.55,7726.99,7133.31
P03923,Papel Higiénico Higienol 4 Rollos,Higiene,8221.85,7528.26,6656.56,7193.52,7189.95
P03924,Aceite Natura Girasol 1.5L,Almacén,3550.26,3358.08,4257.61,3803.15,4399.42
P03925,Azúcar Ledesma 1Kg,Almacén,4623.11,6030.06,4579.37,6037.78,5321.44
P03926,Yerba Taragüi 1Kg x4,Almacén,9877.83,10211.59,10317.33,9841.05,10026.79
P03927,Pan de Campo Bimbo 500g,Panificados,2482.94,2232.46,2034.72,2034.18,2157.35
P03928,Detergente Magistral Limón 750ml,Limpieza,2734.69,3433.99,3314.03,3009.53,3026.5
P03929,Cerveza Heineken 1L,Bebidas,10385.09,9046.58,11470.46,8504.65,10086.63
P03930,Lavandina Ayudín 1L,Limpieza,10681.51,12232.4,9460.24,11618.12,9755.06
P03931,Leche Ilolay Descremada 1L,Lácteos,10316.36,9399.05,11133.27,11628.39,11913.36
P03932,Galletitas Express 170g,Panificados,1615.25,1883.07,1693.73,1485.52,1719.4
P03933,Jabón Dove Original 90g,Higiene,9888.43,8958.44,10657.89,8464.22,9286.28
P03934,Agua Villavicencio 2.25L,Bebidas,10498.43,12565.93,10585.22,12610.63,10581.35
P03935,Lavandina Ayudín 1L,Limpieza,12551.46,12136.78,10885.02,10511.88,13792.69
P03936,Cerveza Heineken 1L,Bebidas,8693.5,9809.17,9775.77,9636.43,9104.46
P03937,Pepsi 2.25L,Bebidas,4020.06,5225.15,4960.23,5052.24,4124.03
P03938,Yerba Playadito 1Kg,Almacén,10705.53,13549.76,12489.03,12661.82,10604.48
P03939,Pepsi 2.25L,Bebidas,4095.21,4481.91,4453.07,3852.89,4157.86
P03940,Arroz Gallo Oro 1Kg,Almacén,4776.96,4612.87,4945.56,5315.03,5190.01
P03941,Desodorante Rexona Hombre 150ml x5,Higiene,9108.44,10253.54,9374.56,11259.26,8930.64
P03942,Suavizante Comfort 900ml,Limpieza,7388.82,7210.36,9464.69,9316.35,7040.36
P03943,Fideos Matarazzo Spaghetti 500g,Almacén,4610.91,5916.36,5315.07,5894.76,4789.57
P03944,Pan de Campo Bimbo 500g,Panificados,1028.4,888.47,1036.89,1141.58,1151.8
P03945,Pepsi 2.25L,Bebidas,9705.12,10543.01,12584.81,11664.63,10283.82
P03946,Leche La Serenísima Entera 1L,Lácteos,4422.7,4968.87,5576.72,5343.87,5379.52
P03947,Jabón en Polvo Ala 3Kg,Limpieza,10372.45,10649.85,9308.4,10725.92,9928.35
P03948,Galletitas Chocolinas 170g,Panificados,5574.26,6153.75,4586.1,5924.69,5879.29
P03949,Pasta Dental Colgate Total 90g,Higiene,6034.26,6828.45,6503.88,7138.84,5334.55
P03950,Manteca Sancor 200g,Lácteos,6725.55,6401.07,5898.62,5056.34,5675.36
P03951,Detergente Magistral Limón 750ml,Limpieza,4586.15,4772.67,4207.6,4152.74,4621.29
P03952,Jugo Baggio Multifruta 1L,Bebidas,7056.54,6108.55,7166.43,7014.67,7195.09
P03953,Queso Cremoso Tregar 1Kg,Lácteos,8346.12,7638.44,9096.5,10032.78,7868.95
P03954,Yerba Taragüi 1Kg,Almacén,6961.74,6657.61,6530.2,6651.03,5584.58
P03955,Agua Villavicencio 2.25L,Bebidas,6918.01,8473.11,7968.5,7192.83,7028.76
P03956,Yerba Taragüi 1Kg,Almacén,3068.88,3029.55,3235.01,2968.87,3084.94
P03957,Azúcar Ledesma 1Kg,Almacén,12328.36,12309.71,11546.03,10606.43,13046.4
P03958,Shampoo Pantene Restauración 400ml x5,Higiene,4924.69,4779.15,5128.15,4320.86,5746.1
P03959,Pan de Campo Bimbo 500g,Panificados,2631.73,2261.64,2298.83,2168.48,2368.55
P03960,Desodorante Poett Primavera 900ml,Limpieza,9234.99,10704.55,9104.6,9695.45,9185.95
P03961,Pepsi 2.25L,Bebidas,4590.48,4473.93,5029.16,3885.9,4684.47
P03962,Bizcochitos Don Satur 200g,Panificados,2250.42,2823.42,2343.25,2791.06,2617.14
P03963,Agua Villavicencio 2.25L,Bebidas,3955.73,4931.02,3702.49,4054.94,3934.66
P03964,Pan Lactal Fargo 600g,Panificados,5962.22,5648.81,5967.56,5960.01,4737.58
P03965,Arroz Gallo Oro 1Kg,Almacén,8415.22,9365.65,8846.81,10341.47,8455.99
P03966,Harina Blancaflor 1Kg,Almacén,12566.39,9666.42,10040.0,11437.32,11547.7
P03967,Leche La Serenísima Entera 1L,Lácteos,5224.48,5710.8,5445.29,5724.86,4962.88
P03968,Bizcochitos Don Satur 200g,Panificados,10770.57,9448.28,9509.46,10330.29,11316.71
P03969,Queso Cremoso Tregar 1Kg,Lácteos,9181.52,8433.61,8276.06,8596.96,8398.1
P03970,Yogur Ser Vainilla 1Kg,Lácteos,10941.31,8984.74,9287.0,10476.28,8460.5
P03971,Yogur Ser Vainilla 1Kg,Lácteos,2100.31,1740.51,1817.0,2138.82,1946.21
P03972,Azúcar Ledesma 1Kg,Almacén,10514.72,10245.86,9175.51,8169.73,9920.04
P03973,Queso Cremoso Tregar 1Kg,Lácteos,3969.69,4366.91,4283.2,3967.87,3232.88
P03974,Queso Rallado La Paulina 40g x2,Lácteos,1821.39,2011.06,1578.16,1650.12,1829.98
P03975,Pan de Campo Bimbo 500g x3,Panificados,6912.23,6973.62,7230.47,7651.32,8510.75
P03976,Cerveza Quilmes 1L,Bebidas,7473.07,6553.62,6579.94,8002.42,7299.71
P03977,Pan Lactal Fargo 600g,Panificados,9932.8,7949.31,9966.6,7545.14,9516.34
P03978,Aceite Natura Girasol 1.5L,Almacén,3894.99,5238.71,4449.0,4981.67,4024.33
P03979,Galletitas Chocolinas 170g x4,Panificados,5524.61,5328.77,5096.96,4548.1,5384.77
P03980,Detergente Magistral Limón 750ml x3,Limpieza,9119.19,11198.33,11785.51,10675.46,9451.34
P03981,Harina Blancaflor 1Kg,Almacén,11765.37,12626.76,11245.29,10620.53,11559.78
P03982,Suavizante Comfort 900ml,Limpieza,5104.57,5366.1,6094.43,5796.69,5707.74
P03983,Yerba Playadito 1Kg x2,Almacén,3475.94,2855.82,3807.6,3099.54,2880.63
P03984,Harina Blancaflor 1Kg,Almacén,7939.81,8273.33,8525.3,8385.5,7396.73
P03985,Coca-Cola 2.25L,Bebidas,8052.42,6903.73,7957.42,8619.49,7794.84
P03986,Manteca Sancor 200g,Lácteos,7465.68,7093.41,5607.31,5914.05,7653.57
P03987,Pepsi 2.25L,Bebidas,2815.66,3250.53,2475.27,2407.29,2530.9
P03988,Coca-Cola 2.25L,Bebidas,9728.41,8775.97,8401.47,8991.07,7536.06
P03989,Harina Blancaflor 1Kg,Almacén,2331.6,2021.83,2430.92,2017.95,2172.76
P03990,Papel Higiénico Higienol 4 Rollos,Higiene,5611.54,5238.33,4490.9,5736.36,4348.46
P03991,Leche Ilolay Descremada 1L,Lácteos,9070.01,8028.68,7616.6,9282.66,8109.82
P03992,Yerba Playadito 1Kg,Almacén,5679.01,5070.67,4639.99,5893.46,5668.94
P03993,Galletitas Chocolinas 170g,Panificados,8640.63,9324.47,8982.03,9236.5,7895.19
P03994,Bizcochitos Don Satur 200g,Panificados,6179.37,6591.73,5490.33,6715.21,5599.99
P03995,Coca-Cola 2.25L,Bebidas,1176.05,1255.88,1273.31,1070.63,1095.53
P03996,Coca-Cola 2.25L,Bebidas,1457.5,1698.52,1512.51,1575.58,1755.51
P03997,Desodorante Rexona Hombre 150ml,Higiene,3805.92,3675.59,3753.84,3767.37,3149.44
P03998,Cerveza Heineken 1L,Bebidas,7446.17,9482.32,8957.32,9112.87,9010.69
P03999,Pepsi 2.25L,Bebidas,2529.2,2305.07,2219.33,2493.36,2484.19
P04000,Cerveza Quilmes 1L,Bebidas,10427.23,10050.48,9641.79,10413.54,9328.67
P04001,Shampoo Pantene Restauración 400ml,Higiene,4765.15,4956.27,4290.39,5516.81,5182.37
P04002,Aceite Natura Girasol 1.5L,Almacén,2853.99,2756.61,2957.08,2517.58,2733.18
P04003,Azúcar Ledesma 1Kg,Almacén,4524.93,3798.62,4174.08,4993.77,3930.67
P04004,Aceite Natura Girasol 1.5L,Almacén,1612.47,1881.0,1798.57,1654.75,1797.19
P04005,Suavizante Comfort 900ml,Limpieza,1605.71,1421.06,1924.62,1962.58,1899.84
P04006,Bizcochitos Don Satur 200g,Panificados,9824.21,10869.08,7889.88,9472.4,9439.05
P04007,Harina Blancaflor 1Kg,Almacén,4992.71,4516.95,5680.51,4776.05,5048.65
P04008,Pasta Dental Colgate Total 90g x5,Higiene,7103.4,7685.01,9150.43,9628.52,8125.35
P04009,Azúcar Ledesma 1Kg,Almacén,7515.13,8252.54,7738.45,7030.58,8102.56
P04010,Desodorante Rexona Hombre 150ml,Higiene,2253.19,2412.47,2016.04,2276.46,2056.78
P04011,Arroz Gallo Oro 1Kg,Almacén,8816.83,7994.61,6914.81,8731.44,8829.72
P04012,Queso Rallado La Paulina 40g x5,Lácteos,11374.65,12603.9,10282.15,10233.75,9811.78
P04013,Leche Ilolay Descremada 1L,Lácteos,992.81,1332.63,1200.37,1097.67,1306.73
P04014,Aceite Natura Girasol 1.5L,Almacén,8517.47,7226.88,9514.33,8462.99,8791.64
P04015,Galletitas Chocolinas 170g,Panificados,3328.25,3665.25,3235.01,4172.81,3831.4
P04016,Queso Cremoso Tregar 1Kg,Lácteos,8715.48,7276.39,6998.01,6803.45,8710.47
P04017,Azúcar Ledesma 1Kg,Almacén,11288.3,11238.3,10071.48,8408.89,9878.63
P04018,Agua Villavicencio 2.25L,Bebidas,4578.77,3935.7,4744.91,4128.96,4263.08
P04019,Queso Cremoso Tregar 1Kg,Lácteos,6424.64,8016.55,7368.55,7222.72,8208.99
P04020,Pan de Campo Bimbo 500g,Panificados,2940.24,3892.92,3370.44,3521.7,3655.79
P04021,Leche La Serenísima Entera 1L,Lácteos,7741.17,6992.63,7821.36,8745.31,8300.01
P04022,Pan Lactal Fargo 600g,Panificados,8468.9,11255.14,11063.53,8157.5,8637.4
P04023,Galletitas Chocolinas 170g,Panificados,9728.93,11470.76,12150.57,11647.84,12936.88
P04024,Galletitas Chocolinas 170g,Panificados,4226.24,5759.28,5701.85,5456.91,5261.92
P04025,Arroz Gallo Oro 1Kg,Almacén,9646.59,10178.77,9194.5,8809.64,8779.66
P04026,Pan de Campo Bimbo 500g,Panificados,4587.33,4953.46,4157.75,4536.27,4396.72
P04027,Cerveza Quilmes 1L,Bebidas,10770.24,9271.96,10777.93,10734.06,10573.03
P04028,Jabón Dove Original 90g,Higiene,7248.74,7340.91,6053.01,6998.3,6597.96
P04029,Pan de Campo Bimbo 500g,Panificados,9623.72,10504.51,8573.36,8623.18,10317.73
P04030,Pepsi 2.25L,Bebidas,4885.82,4841.9,5456.55,5297.46,5122.54
P04031,Shampoo Pantene Restauración 400ml x5,Higiene,7420.68,7634.63,7334.93,7286.81,7533.67
P04032,Harina Blancaflor 1Kg x2,Almacén,12292.29,9985.36,12345.1,12467.2,12628.57
P04033,Yogur Ser Vainilla 1Kg,Lácteos,4721.41,4370.47,4613.51,4047.76,4403.93
P04034,Queso Cremoso Tregar 1Kg,Lácteos,11049.37,9042.74,8719.88,8402.09,9437.06
P04035,Pasta Dental Colgate Total 90g,Higiene,10003.01,9232.7,9460.24,9774.46,8602.59
P04036,Manteca Sancor 200g,Lácteos,9549.57,9275.88,9596.56,10504.78,9346.28
P04037,Galletitas Express 170g,Panificados,2285.46,2275.72,2154.51,2326.17,2534.31
P04038,Detergente Magistral Limón 750ml,Limpieza,11438.06,12320.58,12201.42,11314.39,11916.9
P04039,Cerveza Quilmes 1L,Bebidas,7451.12,6048.68,7122.69,6304.86,6306.56
P04040,Coca-Cola 2.25L x2,Bebidas,7151.18,7281.45,5932.55,7042.13,6170.54
P04041,Jabón Dove Original 90g,Higiene,1589.61,2058.62,1641.79,1634.8,1942.54
P04042,Galletitas Express 170g,Panificados,3928.03,2921.31,3072.71,3157.07,2883.41
P04043,Jugo Baggio Multifruta 1L,Bebidas,8784.61,9043.42,9379.08,9625.91,8445.03
P04044,Pan Lactal Fargo 600g x4,Panificados,8317.02,8322.61,7092.86,7064.66,6957.94
P04045,Yogur Ser Vainilla 1Kg,Lácteos,8418.1,7887.51,9182.91,8089.5,7422.23
P04046,Queso Rallado La Paulina 40g,Lácteos,12437.3,10052.26,9692.29,9407.91,12040.27
P04047,Suavizante Comfort 900ml,Limpieza,1964.17,1870.23,1820.76,2036.28,2106.14
P04048,Shampoo Pantene Restauración 400ml,Higiene,1997.98,2200.32,1935.05,1911.34,1642.73
P04049,Shampoo Pantene Restauración 400ml,Higiene,8732.44,7108.74,9817.38,9133.34,8539.95
P04050,Harina Blancaflor 1Kg,Almacén,8967.38,10172.93,8823.68,8953.12,10741.38
P04051,Yogur Ser Vainilla 1Kg,Lácteos,6309.02,5187.84,6906.82,5178.62,6296.76
P04052,Galletitas Express 170g,Panificados,4770.91,4101.83,4301.95,4867.38,4851.58
P04053,Suavizante Comfort 900ml,Limpieza,3829.06,4275.44,3510.45,3802.08,4526.96
P04054,Yogur Ser Vainilla 1Kg,Lácteos,2969.42,2361.22,2684.39,2417.32,2430.53
P04055,Leche Ilolay Descremada 1L,Lácteos,10920.07,8620.17,10874.35,10800.0,9235.51
P04056,Cerveza Heineken 1L,Bebidas,9429.08,7620.08,7474.7,7902.33,8533.35
P04057,Jugo Baggio Multifruta 1L,Bebidas,6251.13,5707.02,5023.37,6724.03,5189.22
P04058,Bizcochitos Don Satur 200g,Panificados,8782.97,8094.48,10355.3,9204.19,7823.82
P04059,Bizcochitos Don Satur 200g,Panificados,5309.53,4576.3,5412.46,5577.11,5952.23
P04060,Pasta Dental Colgate Total 90g,Higiene,7995.83,7481.13,8779.21,7848.59,9557.47
P04061,Agua Villavicencio 2.25L x2,Bebidas,1419.08,1559.08,1400.59,1538.89,1238.0
P04062,Yogur Ser Vainilla 1Kg,Lácteos,9120.49,10235.37,9169.61,9802.54,8433.57
P04063,Cerveza Heineken 1L,Bebidas,6473.8,6481.17,6676.0,7173.27,6458.73
P04064,Cerveza Quilmes 1L,Bebidas,5895.39,6071.52,5653.82,6278.71,5834.34
P04065,Galletitas Express 170g,Panificados,7703.47,7159.91,7769.09,7168.03,6435.48
P04066,Galletitas Express 170g x4,Panificados,3732.78,3370.52,3754.57,3669.21,3750.18
P04067,Pepsi 2.25L,Bebidas,628.73,696.45,827.31,664.75,757.36
P04068,Azúcar Ledesma 1Kg,Almacén,3686.04,3056.21,2992.1,3650.93,3517.51
P04069,Azúcar Ledesma 1Kg,Almacén,1831.14,1499.58,1513.05,1398.13,1445.56
P04070,Lavandina Ayudín 1L,Limpieza,10014.2,12620.81,11364.46,10415.9,10837.25
P04071,Galletitas Chocolinas 170g,Panificados,8234.49,7758.81,9351.23,9412.92,8251.77
P04072,Jabón Dove Original 90g,Higiene,2145.43,2021.25,1881.32,2236.58,2267.75
P04073,Manteca Sancor 200g,Lácteos,7076.63,7195.36,6424.08,6849.83,6254.2
P04074,Pepsi 2.25L,Bebidas,9684.3,9677.26,10571.03,9382.5,11572.78
P04075,Coca-Cola 2.25L,Bebidas,6510.24,7600.95,8538.46,7049.1,7146.47
P04076,Shampoo Pantene Restauración 400ml x3,Higiene,4937.31,5799.16,4586.15,4822.0,5116.45
P04077,Leche La Serenísima Entera 1L,Lácteos,10642.94,10442.85,8736.96,8990.2,9784.68
P04078,Pasta Dental Colgate Total 90g,Higiene,3073.0,2728.82,2886.91,3096.63,2880.19
P04079,Coca-Cola 2.25L,Bebidas,8883.32,9304.58,7404.36,9926.51,9338.24
P04080,Queso Cremoso Tregar 1Kg,Lácteos,12862.33,10660.59,12686.67,10815.71,10949.08
P04081,Leche La Serenísima Entera 1L,Lácteos,13585.04,10557.26,10627.23,10989.63,11655.49
P04082,Bizcochitos Don Satur 200g,Panificados,8106.36,7607.33,6910.15,7332.0,7186.49
P04083,Agua Villavicencio 2.25L,Bebidas,1023.72,882.89,990.75,876.71,894.43
P04084,Yerba Playadito 1Kg,Almacén,7705.27,7726.5,7578.35,8661.37,7722.09
P04085,Lavandina Ayudín 1L,Limpieza,3034.91,2729.9,2876.66,3143.94,2722.54
P04086,Agua Villavicencio 2.25L,Bebidas,7228.87,8630.13,7775.63,7711.33,7076.57
P04087,Shampoo Pantene Restauración 400ml,Higiene,8541.81,9699.79,7785.73,8178.3,9808.97
P04088,Yerba Taragüi 1Kg x3,Almacén,8127.16,7845.58,7645.49,7414.46,8598.94
P04089,Lavandina Ayudín 1L,Limpieza,6109.96,7623.24,6793.16,7830.32,7280.21
P04090,Pasta Dental Colgate Total 90g,Higiene,6189.07,8154.72,7206.45,7698.87,6781.42
P04091,Desodorante Rexona Hombre 150ml,Higiene,1921.69,1891.93,2417.14,2422.38,2430.55
P04092,Galletitas Chocolinas 170g,Panificados,6945.22,5838.86,6461.03,5929.95,6626.8
P04093,Cerveza Heineken 1L,Bebidas,10067.55,8464.97,8717.01,10854.98,9029.31
P04094,Detergente Magistral Limón 750ml,Limpieza,11140.79,9976.54,9650.42,11154.57,10869.7
P04095,Manteca Sancor 200g,Lácteos,10356.85,8840.61,7882.2,10327.56,10450.59
P04096,Detergente Magistral Limón 750ml,Limpieza,5831.8,6173.63,5829.01,5186.1,5124.53
P04097,Lavandina Ayudín 1L,Limpieza,7689.42,6719.43,8602.07,7357.38,8501.49
P04098,Pan de Campo Bimbo 500g x4,Panificados,7777.85,8409.95,6935.64,8752.39,7419.32
P04099,Coca-Cola 2.25L,Bebidas,7710.51,8646.64,9941.38,9598.51,9040.94
P04100,Queso Rallado La Paulina 40g,Lácteos,6203.93,5939.16,4755.06,5105.36,5013.09
P04101,Aceite Natura Girasol 1.5L,Almacén,5405.81,4775.94,5184.52,5266.3,5822.93
P04102,Desodorante Poett Primavera 900ml,Limpieza,9225.96,7998.2,8675.46,9840.19,9966.14
P04103,Pan de Campo Bimbo 500g,Panificados,1034.47,980.12,1111.5,1172.68,1110.52
P04104,Desodorante Rexona Hombre 150ml,Higiene,1540.94,1175.01,1358.63,1516.49,1534.42
P04105,Pepsi 2.25L,Bebidas,7808.77,6951.8,8257.52,6348.37,7081.13
P04106,Suavizante Comfort 900ml,Limpieza,5600.22,4494.39,6162.12,4830.07,5043.68
P04107,Cerveza Quilmes 1L,Bebidas,9577.47,11133.06,9441.23,8690.93,10796.78
P04108,Galletitas Chocolinas 170g x3,Panificados,849.48,1073.03,992.13,886.08,912.16
P04109,Detergente Magistral Limón 750ml,Limpieza,3501.19,2788.53,3170.79,2964.51,2713.08
P04110,Manteca Sancor 200g,Lácteos,8449.56,8218.82,7158.54,7394.65,6412.74
P04111,Queso Rallado La Paulina 40g,Lácteos,5810.16,5200.09,4864.42,4996.38,5781.41
P04112,Leche La Serenísima Entera 1L,Lácteos,11294.45,8817.59,9842.32,8868.26,11069.07
P04113,Yerba Taragüi 1Kg,Almacén,1143.01,973.99,1182.91,1157.27,1216.82
P04114,Detergente Magistral Limón 750ml,Limpieza,8218.49,6579.97,8034.43,7239.57,8307.58
P04115,Papel Higiénico Higienol 4 Rollos,Higiene,7872.82,7997.94,7885.02,9244.06,10115.53
P04116,Azúcar Ledesma 1Kg,Almacén,7802.17,9398.77,8921.96,9040.43,8766.58
P04117,Galletitas Chocolinas 170g,Panificados,9512.07,8166.02,9066.72,10005.16,8413.75
P04118,Yerba Taragüi 1Kg x2,Almacén,8023.96,6739.73,7696.59,6875.19,7780.92
P04119,Desodorante Rexona Hombre 150ml,Higiene,12471.09,12771.59,12690.27,13612.0,12179.99
P04120,Pan Lactal Fargo 600g,Panificados,8683.08,8227.64,9235.19,10013.49,9840.17
P04121,Desodorante Poett Primavera 900ml,Limpieza,6331.92,6833.42,7614.59,7103.6,6346.93
P04122,Cerveza Heineken 1L,Bebidas,2088.02,2246.01,2698.09,2165.35,2417.05
P04123,Queso Rallado La Paulina 40g,Lácteos,9654.34,10246.2,12461.1,10018.07,12142.8
P04124,Pasta Dental Colgate Total 90g,Higiene,3164.41,3040.46,3649.35,3725.44,3061.93
P04125,Harina Blancaflor 1Kg,Almacén,6112.14,6569.69,6321.72,5581.34,5585.47
P04126,Manteca Sancor 200g,Lácteos,9760.25,9463.05,9946.75,12569.89,11101.06
P04127,Galletitas Express 170g x4,Panificados,10188.31,9984.06,10697.95,10285.15,10446.78
P04128,Azúcar Ledesma 1Kg,Almacén,1479.97,1373.14,1304.84,1244.33,1487.52
P04129,Yerba Playadito 1Kg,Almacén,3223.5,3861.18,3178.93,3546.33,4120.0
P04130,Leche Ilolay Descremada 1L,Lácteos,6561.95,6033.28,6523.16,4942.79,5274.88
P04131,Papel Higiénico Higienol 4 Rollos,Higiene,6409.06,7804.38,6680.79,7745.19,8369.32
P04132,Cerveza Heineken 1L x3,Bebidas,2802.24,3055.17,2676.69,3525.38,3607.82
P04133,Azúcar Ledesma 1Kg x4,Almacén,7779.17,8099.38,7264.84,8180.2,7681.97
P04134,Aceite Natura Girasol 1.5L,Almacén,12905.51,12515.22,12971.17,12009.03,11835.1
P04135,Agua Villavicencio 2.25L,Bebidas,10649.68,11118.21,11690.03,12471.11,11917.97
P04136,Shampoo Pantene Restauración 400ml,Higiene,2469.34,2726.24,2750.11,2264.86,2884.48
P04137,Papel Higiénico Higienol 4 Rollos,Higiene,8206.54,7717.74,7223.84,6446.96,7442.17
P04138,Queso Cremoso Tregar 1Kg,Lácteos,11747.37,10395.85,11424.05,11295.87,12127.16
P04139,Galletitas Chocolinas 170g,Panificados,5180.67,5419.24,5771.65,6122.38,5355.68
P04140,Arroz Gallo Oro 1Kg,Almacén,845.79,1116.54,961.79,980.89,958.23
P04141,Coca-Cola 2.25L,Bebidas,3201.46,3281.99,4163.77,3485.14,3486.65
P04142,Agua Villavicencio 2.25L,Bebidas,12201.6,10890.12,12024.27,13641.16,13133.89
P04143,Lavandina Ayudín 1L,Limpieza,11632.58,10069.61,10487.78,11057.42,11509.11
P04144,Pan Lactal Fargo 600g,Panificados,8490.9,8259.04,7005.56,7347.94,9146.36
P04145,Galletitas Chocolinas 170g,Panificados,4074.89,3154.77,3189.87,3957.94,3675.56
P04146,Cerveza Heineken 1L,Bebidas,8507.78,7694.1,7535.83,7516.74,7632.29
P04147,Leche La Serenísima Entera 1L,Lácteos,8415.98,8955.16,9160.9,8285.3,8602.83
P04148,Papel Higiénico Higienol 4 Rollos,Higiene,9359.36,8610.06,7824.82,9291.51,10148.58
P04149,Yogur Ser Vainilla 1Kg x3,Lácteos,7394.44,9479.14,8139.46,7654.75,7880.28
P04150,Aceite Natura Girasol 1.5L,Almacén,9525.61,11308.57,10637.07,10172.49,8515.25
P04151,Fideos Matarazzo Spaghetti 500g x5,Almacén,7902.32,8416.47,8090.64,7093.07,6988.7
P04152,Galletitas Chocolinas 170g x3,Panificados,10128.8,8457.21,8472.15,9051.98,9844.28
P04153,Suavizante Comfort 900ml,Limpieza,11945.04,11983.37,13151.61,10464.58,11901.3
P04154,Leche La Serenísima Entera 1L,Lácteos,4852.32,4893.49,4368.86,4189.78,4056.4
P04155,Harina Blancaflor 1Kg,Almacén,841.18,903.48,1098.59,956.29,1054.75
P04156,Aceite Natura Girasol 1.5L,Almacén,794.6,741.95,966.23,898.41,915.28
P04157,Aceite Natura Girasol 1.5L,Almacén,8846.7,7657.0,9307.96,7778.64,8735.91
P04158,Desodorante Poett Primavera 900ml x4,Limpieza,2956.58,3191.01,3528.47,3549.18,2813.12
P04159,Bizcochitos Don Satur 200g,Panificados,1955.7,1757.78,1929.07,1711.4,2006.55
P04160,Desodorante Rexona Hombre 150ml,Higiene,6362.81,6875.83,5764.49,6276.23,6105.85
P04161,Bizcochitos Don Satur 200g,Panificados,10055.57,11115.54,11259.87,9053.93,9051.49
P04162,Jabón Dove Original 90g x4,Higiene,2832.0,2360.03,2449.29,2314.57,2395.99
P04163,Leche Ilolay Descremada 1L,Lácteos,8876.51,7308.07,7100.48,6549.47,8017.29
P04164,Yogur Ser Vainilla 1Kg,Lácteos,9203.17,8028.33,10357.09,9657.83,10328.04
P04165,Detergente Magistral Limón 750ml,Limpieza,4677.99,5639.58,4819.9,5450.95,4893.96
P04166,Fideos Matarazzo Spaghetti 500g,Almacén,9035.52,8352.46,8811.1,7992.42,8415.17
P04167,Bizcochitos Don Satur 200g,Panificados,11689.58,11442.67,10457.02,9620.0,10043.09
P04168,Bizcochitos Don Satur 200g,Panificados,10682.17,9035.82,11743.14,10502.79,11108.41
P04169,Desodorante Poett Primavera 900ml,Limpieza,13302.09,12498.3,13464.84,10749.29,12896.92
P04170,Jabón Dove Original 90g,Higiene,6924.83,6597.32,5472.86,5930.91,6062.99
P04171,Suavizante Comfort 900ml,Limpieza,6859.43,5884.96,7470.21,7386.88,5761.43
P04172,Jabón Dove Original 90g,Higiene,2853.98,3142.21,2547.16,3041.67,3007.71
P04173,Shampoo Pantene Restauración 400ml,Higiene,3307.8,2844.08,2841.53,3174.62,2985.28
P04174,Suavizante Comfort 900ml,Limpieza,1231.76,1126.36,1400.28,1200.56,1299.08
P04175,Cerveza Quilmes 1L,Bebidas,4818.29,3948.0,4657.44,4022.52,5036.98
P04176,Jabón Dove Original 90g,Higiene,2184.83,2204.37,2215.45,2371.96,2756.11
P04177,Jugo Baggio Multifruta 1L,Bebidas,1872.64,1730.6,1791.02,1800.08,1792.94
P04178,Azúcar Ledesma 1Kg,Almacén,6413.16,5813.58,5920.33,5707.19,6511.42
P04179,Leche Ilolay Descremada 1L,Lácteos,2686.11,2653.82,2595.07,2493.82,2168.71
P04180,Harina Blancaflor 1Kg,Almacén,2160.64,2781.61,2478.98,2157.03,2693.59
P04181,Arroz Gallo Oro 1Kg,Almacén,770.54,833.87,707.05,707.58,812.02
P04182,Fideos Matarazzo Spaghetti 500g,Almacén,1270.28,1231.0,1306.24,1107.48,1139.46
P04183,Agua Villavicencio 2.25L,Bebidas,8774.51,7777.17,7469.85,8704.57,7406.63
P04184,Agua Villavicencio 2.25L,Bebidas,5936.34,6104.01,5333.68,5032.26,5417.87
P04185,Pepsi 2.25L,Bebidas,9667.28,8784.19,9814.73,9063.21,9268.31
P04186,Arroz Gallo Oro 1Kg,Almacén,2471.97,2050.51,2205.29,2529.73,2117.08
P04187,Yerba Taragüi 1Kg,Almacén,9029.71,9467.33,8490.06,8210.8,9044.32
P04188,Queso Rallado La Paulina 40g,Lácteos,8132.85,7115.96,8444.06,8569.88,7562.43
P04189,Desodorante Rexona Hombre 150ml,Higiene,6978.08,5613.34,5399.7,5724.09,6126.0
P04190,Leche La Serenísima Entera 1L,Lácteos,6918.64,7665.84,6565.41,6932.2,5952.4
P04191,Queso Cremoso Tregar 1Kg,Lácteos,11415.48,9856.21,10818.51,13204.3,10893.59
P04192,Detergente Magistral Limón 750ml,Limpieza,6816.35,8683.64,7710.94,7234.56,7460.45
P04193,Yerba Taragüi 1Kg x3,Almacén,5097.12,5412.46,5207.23,4452.2,4928.01
P04194,Yogur Ser Vainilla 1Kg,Lácteos,2101.8,1979.26,2187.05,2148.75,2029.43
P04195,Jugo Baggio Multifruta 1L,Bebidas,2932.27,2465.8,2392.86,2990.99,3279.49
P04196,Desodorante Poett Primavera 900ml x4,Limpieza,10438.19,10934.51,8599.47,10253.4,11314.19
P04197,Shampoo Pantene Restauración 400ml x2,Higiene,6257.29,7583.84,7727.22,6857.61,7898.01
P04198,Queso Rallado La Paulina 40g,Lácteos,11723.47,11022.97,9701.76,11374.02,10942.08
P04199,Queso Cremoso Tregar 1Kg,Lácteos,1464.83,1397.02,1785.33,1449.8,1768.25
P04200,Coca-Cola 2.25L,Bebidas,7052.77,6367.13,6476.69,6545.09,7350.28
P04201,Queso Rallado La Paulina 40g,Lácteos,11211.37,10851.08,12934.62,13272.89,12474.96
P04202,Lavandina Ayudín 1L x4,Limpieza,7431.99,6075.06,7889.12,6447.33,5927.64
P04203,Cerveza Heineken 1L,Bebidas,766.3,864.87,927.69,705.8,824.46
P04204,Azúcar Ledesma 1Kg,Almacén,1026.26,1165.97,1014.21,1095.1,1168.63
P04205,Queso Rallado La Paulina 40g,Lácteos,8763.07,10238.01,11073.1,9433.53,9035.2
P04206,Jugo Baggio Multifruta 1L,Bebidas,8864.61,9888.26,9246.69,10666.01,9235.74
P04207,Jabón Dove Original 90g,Higiene,3834.99,2899.09,3102.81,2921.17,3773.98
P04208,Yerba Taragüi 1Kg,Almacén,10270.16,10857.85,9406.91,10822.95,10076.39
P04209,Leche Ilolay Descremada 1L,Lácteos,3000.57,3011.1,2474.09,2892.54,3376.15
P04210,Aceite Natura Girasol 1.5L,Almacén,10186.35,9559.46,8105.06,9043.46,10107.85
P04211,Galletitas Express 170g,Panificados,2703.05,3169.38,2777.05,2457.54,2708.65
P04212,Yogur Ser Vainilla 1Kg,Lácteos,2400.95,2443.54,2199.11,2284.86,2952.4
P04213,Harina Blancaflor 1Kg,Almacén,1959.65,1924.57,2438.43,2440.86,1866.12
P04214,Yogur Ser Vainilla 1Kg,Lácteos,5905.45,7222.54,6071.28,5917.82,7152.03
P04215,Desodorante Rexona Hombre 150ml,Higiene,11755.37,9592.02,10183.16,10297.08,12201.06
P04216,Detergente Magistral Limón 750ml,Limpieza,7374.49,6795.4,6228.0,7545.43,6678.96
P04217,Detergente Magistral Limón 750ml,Limpieza,2183.16,2569.88,2540.99,2170.85,2249.03
P04218,Queso Cremoso Tregar 1Kg,Lácteos,4596.39,4114.39,4383.25,4695.14,4174.66
P04219,Desodorante Rexona Hombre 150ml,Higiene,2000.85,1981.08,1728.17,2177.34,2150.32
P04220,Bizcochitos Don Satur 200g,Panificados,5228.73,4902.75,4722.47,5387.76,5900.14
P04221,Cerveza Quilmes 1L,Bebidas,12178.84,10075.28,11876.88,10446.36,9410.38
P04222,Jugo Baggio Multifruta 1L x4,Bebidas,3519.6,4134.38,3785.5,3642.7,3363.75
P04223,Suavizante Comfort 900ml,Limpieza,4982.15,4675.7,5038.44,4338.43,4124.98
P04224,Galletitas Express 170g,Panificados,2473.49,2686.29,2614.59,2773.88,2336.13
P04225,Galletitas Express 170g,Panificados,9451.59,10163.79,8808.18,9118.18,8227.18
P04226,Agua Villavicencio 2.25L,Bebidas,6636.07,6089.28,6702.82,5543.02,6366.88
P04227,Pan de Campo Bimbo 500g,Panificados,5769.69,6622.78,6743.62,6075.62,5763.22
P04228,Desodorante Poett Primavera 900ml,Limpieza,9118.62,8779.77,8131.76,7423.36,7746.4
P04229,Suavizante Comfort 900ml,Limpieza,10155.59,9851.53,9994.72,12425.06,12082.19
P04230,Azúcar Ledesma 1Kg,Almacén,10326.79,11068.74,9955.82,13057.45,11571.11
P04231,Galletitas Express 170g x5,Panificados,8670.39,6944.85,7774.84,8228.0,8659.25
P04232,Lavandina Ayudín 1L x3,Limpieza,824.66,714.94,776.68,870.56,898.89
P04233,Yerba Taragüi 1Kg,Almacén,4998.59,5943.09,5934.09,4523.96,4654.3
P04234,Suavizante Comfort 900ml,Limpieza,3107.81,3249.49,2787.48,2751.53,2900.08
P04235,Papel Higiénico Higienol 4 Rollos,Higiene,3654.55,3448.69,3517.25,3877.75,3661.33
P04236,Aceite Natura Girasol 1.5L,Almacén,6942.48,7479.06,6549.75,6108.87,8162.11
P04237,Pasta Dental Colgate Total 90g,Higiene,1414.25,1449.06,1199.75,1313.23,1324.74
P04238,Fideos Matarazzo Spaghetti 500g x5,Almacén,1331.98,1721.03,1503.93,1527.28,1602.79
P04239,Cerveza Heineken 1L,Bebidas,4711.84,4800.53,5526.88,5389.17,5286.14
P04240,Galletitas Chocolinas 170g,Panificados,4114.57,3991.33,3758.48,4295.13,4426.52
P04241,Leche La Serenísima Entera 1L,Lácteos,6132.3,5115.36,6563.74,5819.44,5213.73
P04242,Harina Blancaflor 1Kg x5,Almacén,9821.83,10672.67,11052.69,10402.22,10610.43
P04243,Pasta Dental Colgate Total 90g,Higiene,2402.24,2068.99,2292.77,2331.66,2083.28
P04244,Leche Ilolay Descremada 1L x4,Lácteos,3357.0,3313.98,3025.15,3035.95,2752.97
P04245,Coca-Cola 2.25L x3,Bebidas,8413.8,7829.92,7006.46,7580.8,6691.09
P04246,Pan de Campo Bimbo 500g,Panificados,7243.54,6263.99,6342.97,6770.45,6466.45
P04247,Papel Higiénico Higienol 4 Rollos,Higiene,2970.57,3800.21,2839.52,3796.66,3761.21
P04248,Jugo Baggio Multifruta 1L x3,Bebidas,5111.77,5785.77,4876.67,5999.14,4725.42
P04249,Bizcochitos Don Satur 200g,Panificados,4955.93,6184.09,5130.06,4975.82,5028.88
P04250,Lavandina Ayudín 1L,Limpieza,2055.76,2695.76,2723.36,2597.21,2551.55
P04251,Jabón en Polvo Ala 3Kg,Limpieza,1244.2,952.99,947.16,993.24,961.53
P04252,Aceite Natura Girasol 1.5L,Almacén,8028.32,9054.86,8472.68,8050.48,9318.58
P04253,Queso Cremoso Tregar 1Kg x2,Lácteos,2968.65,3662.55,3267.7,2897.75,3479.51
P04254,Desodorante Poett Primavera 900ml,Limpieza,3132.07,3347.49,3337.88,3014.13,2931.05
P04255,Yerba Playadito 1Kg,Almacén,7746.48,7901.06,7891.62,7261.87,6683.18
P04256,Pan Lactal Fargo 600g,Panificados,2398.26,2067.87,2252.62,2579.94,2043.33
P04257,Yogur Ser Vainilla 1Kg,Lácteos,11684.44,12591.95,10409.41,12629.8,11819.7
P04258,Aceite Natura Girasol 1.5L,Almacén,4519.82,4234.68,4729.31,5079.79,4694.82
P04259,Leche La Serenísima Entera 1L,Lácteos,9829.24,9922.41,12937.71,13278.35,12533.94
P04260,Pan de Campo Bimbo 500g,Panificados,1714.67,1595.7,1942.73,1750.95,1863.28
P04261,Coca-Cola 2.25L x3,Bebidas,1645.01,1929.35,2056.82,1945.49,1735.34
P04262,Jabón en Polvo Ala 3Kg x3,Limpieza,4371.28,4096.43,3916.98,4103.58,3659.65
P04263,Manteca Sancor 200g,Lácteos,5217.04,4483.48,5616.44,4572.92,4466.88
P04264,Jugo Baggio Multifruta 1L,Bebidas,11540.04,9613.23,9268.15,9761.55,11070.47
P04265,Queso Cremoso Tregar 1Kg,Lácteos,6962.4,7634.34,7737.41,7253.48,8234.36
P04266,Yogur Ser Vainilla 1Kg,Lácteos,6825.72,6568.84,6759.35,5939.36,5830.7
P04267,Jabón Dove Original 90g,Higiene,7778.02,7370.08,6213.66,7716.35,7119.64
P04268,Pasta Dental Colgate Total 90g,Higiene,11188.04,9038.99,10610.09,10514.31,10827.42
P04269,Suavizante Comfort 900ml,Limpieza,11420.2,12543.97,13008.25,11884.89,11209.81
P04270,Galletitas Chocolinas 170g,Panificados,5892.93,6830.37,6526.2,7405.09,5736.85
P04271,Desodorante Rexona Hombre 150ml,Higiene,6756.66,6605.23,6524.8,6502.81,6472.81
P04272,Coca-Cola 2.25L,Bebidas,6734.86,5146.98,5090.07,6982.31,5690.14
P04273,Shampoo Pantene Restauración 400ml x3,Higiene,8182.95,8249.16,6697.11,6800.18,7108.91
P04274,Queso Rallado La Paulina 40g,Lácteos,2267.95,2746.84,2407.39,2240.22,2919.63
P04275,Shampoo Pantene Restauración 400ml,Higiene,1460.31,1444.14,1541.8,1747.85,1603.94
P04276,Pepsi 2.25L,Bebidas,2175.01,2850.99,2681.75,2135.48,2890.7
P04277,Papel Higiénico Higienol 4 Rollos,Higiene,10755.8,11148.69,10994.79,10545.68,11001.32
P04278,Azúcar Ledesma 1Kg,Almacén,1600.7,1855.56,1840.14,1623.45,1767.44
P04279,Lavandina Ayudín 1L x3,Limpieza,9389.57,9851.95,9388.49,8719.79,9756.77
P04280,Coca-Cola 2.25L,Bebidas,5774.09,6498.13,5468.97,6477.6,6517.66
P04281,Papel Higiénico Higienol 4 Rollos,Higiene,3659.64,3390.27,3143.8,3120.88,3676.69
P04282,Galletitas Express 170g,Panificados,11760.84,10973.36,12474.44,13242.48,11242.79
P04283,Coca-Cola 2.25L,Bebidas,10340.96,10078.17,9561.92,7906.67,8902.08
P04284,Desodorante Poett Primavera 900ml x3,Limpieza,1588.83,1564.13,1704.43,1538.83,1513.58
P04285,Detergente Magistral Limón 750ml,Limpieza,10572.97,12412.58,13224.84,11749.87,11522.05
P04286,Harina Blancaflor 1Kg,Almacén,6470.5,6498.48,5735.72,5537.02,7080.8
P04287,Galletitas Chocolinas 170g,Panificados,9390.27,10244.32,11117.53,11353.93,10738.71
P04288,Leche La Serenísima Entera 1L,Lácteos,8073.51,8384.32,8587.68,7639.54,8198.84
P04289,Yerba Taragüi 1Kg,Almacén,1202.25,1056.96,1057.93,1097.38,906.95
P04290,Jabón en Polvo Ala 3Kg,Limpieza,8314.39,7953.48,6747.85,7019.21,7913.4
P04291,Yerba Playadito 1Kg,Almacén,6859.96,6384.93,6341.38,6425.68,6069.44
P04292,Queso Rallado La Paulina 40g,Lácteos,1120.14,1453.41,1355.21,1485.2,1273.73
P04293,Lavandina Ayudín 1L x3,Limpieza,6677.61,8303.98,7231.72,6908.63,6438.32
P04294,Detergente Magistral Limón 750ml,Limpieza,4590.45,4289.06,4027.3,3360.06,3737.7
P04295,Agua Villavicencio 2.25L x4,Bebidas,9269.37,9273.98,10561.62,8599.83,11674.05
P04296,Leche La Serenísima Entera 1L,Lácteos,4032.62,3503.4,4417.22,3416.19,4498.65
P04297,Jabón Dove Original 90g,Higiene,8573.43,11621.69,9568.29,8955.53,9175.09
P04298,Shampoo Pantene Restauración 400ml,Higiene,2009.52,1900.58,1894.15,1747.75,1687.81
P04299,Jugo Baggio Multifruta 1L,Bebidas,6195.23,7047.9,7047.76,6518.68,7048.91
P04300,Galletitas Chocolinas 170g x5,Panificados,8199.17,9149.09,8242.75,8804.22,9027.63
P04301,Harina Blancaflor 1Kg,Almacén,11280.09,13075.51,11204.97,12276.98,12840.02
P04302,Cerveza Heineken 1L,Bebidas,1301.49,1606.99,1256.44,1294.81,1318.57
P04303,Yerba Taragüi 1Kg x5,Almacén,6872.6,7499.55,8098.62,8543.82,8238.89
P04304,Leche Ilolay Descremada 1L x5,Lácteos,2022.92,1700.8,1939.71,1873.27,1661.72
P04305,Galletitas Chocolinas 170g,Panificados,1267.96,1545.61,1510.63,1298.17,1352.22
P04306,Desodorante Rexona Hombre 150ml,Higiene,4804.47,4631.06,4402.56,3921.75,4867.64
P04307,Jugo Baggio Multifruta 1L,Bebidas,12393.17,10546.5,13459.56,13077.92,13471.58
P04308,Coca-Cola 2.25L,Bebidas,3073.38,3222.17,4073.83,3479.71,3842.64
P04309,Cerveza Quilmes 1L,Bebidas,2731.03,2444.52,2683.48,2269.55,2421.79
P04310,Aceite Natura Girasol 1.5L x2,Almacén,3117.43,3053.56,3551.27,3085.86,3574.72
P04311,Suavizante Comfort 900ml,Limpieza,10217.96,11907.02,13444.99,13974.23,12264.48
P04312,Desodorante Rexona Hombre 150ml,Higiene,10455.42,10568.9,9288.52,11536.24,11425.18
P04313,Queso Rallado La Paulina 40g x5,Lácteos,7550.95,7419.86,7548.12,7261.54,5865.28
P04314,Fideos Matarazzo Spaghetti 500g,Almacén,2840.16,3667.96,2973.63,3642.67,2736.82
P04315,Shampoo Pantene Restauración 400ml,Higiene,7575.67,9218.65,9391.22,7504.42,7582.3
P04316,Shampoo Pantene Restauración 400ml,Higiene,3585.65,4090.43,4567.48,4388.51,3951.96
P04317,Aceite Natura Girasol 1.5L,Almacén,2388.39,2671.51,2903.87,2306.06,2961.05
P04318,Leche La Serenísima Entera 1L,Lácteos,6856.39,5391.95,5922.3,6939.81,6989.59
P04319,Lavandina Ayudín 1L,Limpieza,3315.63,3166.09,3728.83,3095.56,3373.42
P04320,Fideos Matarazzo Spaghetti 500g,Almacén,2620.16,3076.08,2905.26,3176.54,2881.04
P04321,Fideos Matarazzo Spaghetti 500g,Almacén,3881.67,4635.54,4294.4,4771.17,4866.11
P04322,Leche La Serenísima Entera 1L,Lácteos,1064.01,1096.51,1050.64,1148.84,1209.93
P04323,Jugo Baggio Multifruta 1L,Bebidas,8396.85,9278.25,9524.17,9094.27,7528.79
P04324,Pepsi 2.25L x5,Bebidas,10775.56,9465.15,10300.91,11524.72,9416.76
P04325,Azúcar Ledesma 1Kg,Almacén,13121.67,9728.46,9897.46,11704.06,9464.87
P04326,Coca-Cola 2.25L,Bebidas,7918.22,10279.43,9135.27,8041.55,8077.23
P04327,Pasta Dental Colgate Total 90g x2,Higiene,2259.85,2205.0,2206.38,2353.79,2266.28
P04328,Cerveza Heineken 1L x3,Bebidas,4466.7,4586.0,5152.89,4962.58,4912.76
P04329,Arroz Gallo Oro 1Kg x5,Almacén,1745.35,2057.36,2301.0,1973.2,1767.87
P04330,Agua Villavicencio 2.25L,Bebidas,8221.02,8646.5,7219.2,8882.28,8205.45
P04331,Agua Villavicencio 2.25L,Bebidas,10485.52,10832.17,9876.31,11082.32,11083.48
P04332,Shampoo Pantene Restauración 400ml,Higiene,8245.66,10581.79,11113.23,10749.23,10669.97
P04333,Papel Higiénico Higienol 4 Rollos,Higiene,2714.7,2567.56,2570.93,2471.88,2802.38
P04334,Pan Lactal Fargo 600g,Panificados,3442.79,2984.0,2803.21,2959.32,3518.72
P04335,Pepsi 2.25L,Bebidas,7877.75,6918.16,9304.14,8687.45,7742.87
P04336,Jugo Baggio Multifruta 1L,Bebidas,4394.01,4929.33,3938.43,5048.91,3905.21
P04337,Azúcar Ledesma 1Kg,Almacén,6348.3,6321.32,7377.07,5639.3,6654.82
P04338,Yerba Taragüi 1Kg,Almacén,2360.06,2143.93,2394.92,1926.54,1960.23
P04339,Manteca Sancor 200g,Lácteos,9425.58,10930.04,10019.32,9283.25,11529.5
P04340,Arroz Gallo Oro 1Kg,Almacén,10374.3,9290.63,11256.77,10508.31,10366.32
P04341,Leche La Serenísima Entera 1L,Lácteos,1607.48,1821.84,1837.63,1670.95,1599.84
P04342,Agua Villavicencio 2.25L,Bebidas,7306.61,8433.42,7302.75,6655.61,6927.75
P04343,Detergente Magistral Limón 750ml,Limpieza,2084.36,1924.72,1929.35,2184.78,2440.12
P04344,Leche La Serenísima Entera 1L,Lácteos,5543.39,5473.84,4631.68,5341.1,4979.03
P04345,Leche La Serenísima Entera 1L,Lácteos,3780.96,3142.7,3834.14,3592.55,4210.77
P04346,Arroz Gallo Oro 1Kg x3,Almacén,4766.02,4515.0,4007.03,4409.84,4956.37
P04347,Shampoo Pantene Restauración 400ml,Higiene,1278.17,1175.97,1546.35,1472.16,1324.81
P04348,Cerveza Heineken 1L,Bebidas,8697.13,7238.82,7193.36,7953.11,8182.22
P04349,Papel Higiénico Higienol 4 Rollos,Higiene,9566.73,11450.13,12196.35,11091.34,10501.91
P04350,Jabón en Polvo Ala 3Kg x2,Limpieza,3799.07,4297.11,3642.98,4487.86,4513.32
P04351,Queso Cremoso Tregar 1Kg x5,Lácteos,7894.54,6915.55,7249.93,7756.01,7852.08
P04352,Shampoo Pantene Restauración 400ml,Higiene,13502.05,11178.92,11022.8,13117.91,11241.51
P04353,Suavizante Comfort 900ml,Limpieza,5868.96,5770.17,7217.79,5268.99,6203.57
P04354,Shampoo Pantene Restauración 400ml,Higiene,9316.67,10627.35,9885.72,9615.51,9034.19
P04355,Coca-Cola 2.25L x3,Bebidas,1360.58,1743.24,1730.15,1716.74,1397.63
P04356,Pasta Dental Colgate Total 90g,Higiene,9483.75,8962.89,8816.9,7560.56,9454.06
P04357,Agua Villavicencio 2.25L,Bebidas,6306.92,6199.91,5789.56,5793.95,5535.97
P04358,Lavandina Ayudín 1L,Limpieza,10926.11,11672.86,9193.16,9665.19,10538.63
P04359,Azúcar Ledesma 1Kg,Almacén,12342.26,10460.94,10020.46,11205.03,10429.37
P04360,Desodorante Rexona Hombre 150ml x4,Higiene,7355.99,6799.21,7989.13,7275.22,7545.67
P04361,Jugo Baggio Multifruta 1L,Bebidas,3029.79,3028.31,2607.77,2742.54,2764.97
P04362,Pan de Campo Bimbo 500g,Panificados,3031.7,3294.2,3072.24,2917.99,3857.51
P04363,Fideos Matarazzo Spaghetti 500g,Almacén,1649.9,1764.56,1511.76,1961.8,1555.02
P04364,Jugo Baggio Multifruta 1L,Bebidas,9628.53,12105.87,11536.96,11918.22,10571.95
P04365,Pasta Dental Colgate Total 90g,Higiene,5564.81,6550.95,6782.57,6252.98,6725.56
P04366,Desodorante Rexona Hombre 150ml,Higiene,1660.66,1864.44,1500.48,1886.45,1899.49
P04367,Suavizante Comfort 900ml,Limpieza,5226.44,5918.86,5542.14,6195.3,6964.97
P04368,Galletitas Express 170g,Panificados,7063.32,7467.48,7756.7,6868.71,6660.5
P04369,Desodorante Poett Primavera 900ml,Limpieza,5225.39,4675.07,5721.84,5696.71,4884.06
P04370,Pepsi 2.25L,Bebidas,8251.46,6553.01,6670.95,7656.5,8051.53
P04371,Fideos Matarazzo Spaghetti 500g,Almacén,5802.13,7177.98,6828.11,7126.02,6310.13
P04372,Coca-Cola 2.25L x5,Bebidas,4591.01,4288.7,4078.89,3945.19,4372.93
P04373,Jugo Baggio Multifruta 1L,Bebidas,6911.59,7632.77,7010.86,7691.34,7804.35
P04374,Pan de Campo Bimbo 500g,Panificados,4958.53,6142.28,4993.09,5557.02,6024.66
P04375,Jabón en Polvo Ala 3Kg x2,Limpieza,1909.64,1957.92,2071.83,1834.68,2294.24
P04376,Lavandina Ayudín 1L x4,Limpieza,4602.51,4784.81,4099.74,3540.05,4330.49
P04377,Fideos Matarazzo Spaghetti 500g,Almacén,8504.0,8306.59,9259.21,8211.71,10233.41
P04378,Jabón Dove Original 90g,Higiene,941.96,969.88,1170.26,1091.98,1136.12
P04379,Aceite Natura Girasol 1.5L,Almacén,739.08,751.34,869.83,762.6,824.93
P04380,Aceite Natura Girasol 1.5L,Almacén,9907.04,8694.31,8501.71,9884.36,10775.62
P04381,Bizcochitos Don Satur 200g,Panificados,3666.43,3894.24,3689.27,4217.53,3622.86
P04382,Yogur Ser Vainilla 1Kg,Lácteos,2001.39,1650.03,1630.41,2109.41,1702.13
P04383,Agua Villavicencio 2.25L,Bebidas,6349.52,6084.33,7672.54,7149.56,7759.2
P04384,Azúcar Ledesma 1Kg,Almacén,4639.14,5979.11,5014.09,5584.57,5351.62
P04385,Galletitas Express 170g,Panificados,11773.56,12135.09,10374.45,13060.11,11713.84
P04386,Galletitas Express 170g,Panificados,11494.52,11412.95,10797.83,12367.27,10848.49
P04387,Papel Higiénico Higienol 4 Rollos,Higiene,9640.64,8889.58,7536.73,9836.25,7691.7
P04388,Desodorante Poett Primavera 900ml,Limpieza,7006.59,7286.59,8336.14,7027.66,8418.81
P04389,Manteca Sancor 200g,Lácteos,3921.18,3982.84,3721.03,3885.43,4068.52
P04390,Arroz Gallo Oro 1Kg,Almacén,12534.33,10092.46,9347.6,10432.6,12743.04
P04391,Pan de Campo Bimbo 500g,Panificados,12406.78,12759.08,13629.84,10120.8,11976.03
P04392,Coca-Cola 2.25L,Bebidas,10585.24,10536.3,11920.39,11234.59,9986.87
P04393,Jugo Baggio Multifruta 1L,Bebidas,10577.46,12042.59,9478.74,10800.16,9951.88
P04394,Pepsi 2.25L x3,Bebidas,3447.57,4500.67,3516.77,3563.01,4477.13
P04395,Queso Cremoso Tregar 1Kg,Lácteos,1873.95,2295.79,2214.82,1906.16,1822.76
P04396,Pan Lactal Fargo 600g,Panificados,2874.8,2771.65,2918.45,3075.73,2474.13
P04397,Jugo Baggio Multifruta 1L,Bebidas,10749.87,10612.78,10141.12,10492.26,9891.25
P04398,Shampoo Pantene Restauración 400ml,Higiene,2477.75,2352.26,3055.12,2623.04,3080.25
P04399,Shampoo Pantene Restauración 400ml,Higiene,5897.64,5978.71,7588.77,6714.29,6482.21
P04400,Galletitas Chocolinas 170g x2,Panificados,1234.25,1024.5,1093.31,1239.36,1174.54
P04401,Pepsi 2.25L x3,Bebidas,5950.37,5878.5,6478.42,7149.71,7191.21
P04402,Leche Ilolay Descremada 1L,Lácteos,11463.25,9357.13,9950.88,10353.85,9838.11
P04403,Leche Ilolay Descremada 1L,Lácteos,5274.15,5994.83,5916.17,4440.28,5011.34
P04404,Galletitas Express 170g,Panificados,11963.9,9353.56,9610.71,9701.07,11725.09
P04405,Jugo Baggio Multifruta 1L,Bebidas,5477.91,4999.17,6003.09,5840.02,4500.66
P04406,Cerveza Quilmes 1L,Bebidas,2905.25,2800.73,3092.6,2751.64,2389.56
P04407,Cerveza Heineken 1L,Bebidas,2024.26,1743.44,1483.79,1495.8,1572.79
P04408,Pasta Dental Colgate Total 90g,Higiene,3458.58,3138.43,3379.53,3097.48,3921.93
P04409,Pasta Dental Colgate Total 90g,Higiene,11782.45,12278.44,10868.61,12699.0,11969.34
P04410,Detergente Magistral Limón 750ml,Limpieza,11509.48,9489.12,8767.37,11592.45,11442.97
P04411,Galletitas Chocolinas 170g,Panificados,3545.51,3791.53,3989.65,4135.89,3640.55
P04412,Coca-Cola 2.25L x3,Bebidas,6636.41,5986.67,6681.13,7262.5,6831.25
P04413,Cerveza Heineken 1L,Bebidas,12328.66,11479.98,10205.96,13102.2,11949.31
P04414,Queso Cremoso Tregar 1Kg x4,Lácteos,8591.05,9338.21,7819.34,7098.79,8994.52
P04415,Cerveza Heineken 1L x3,Bebidas,5043.84,4174.72,4301.75,4428.64,4085.86
P04416,Galletitas Chocolinas 170g,Panificados,2849.75,3322.21,2872.05,2843.23,2828.22
P04417,Fideos Matarazzo Spaghetti 500g,Almacén,1700.09,1372.97,1536.52,1691.38,1543.43
P04418,Cerveza Heineken 1L x2,Bebidas,5321.97,4411.39,5511.33,4780.93,4918.03
P04419,Cerveza Quilmes 1L,Bebidas,4556.85,5247.5,5761.99,5627.67,5549.62
P04420,Harina Blancaflor 1Kg,Almacén,3025.4,2903.36,2535.19,2731.05,3195.4
P04421,Queso Rallado La Paulina 40g,Lácteos,1403.13,1751.9,1633.12,1815.63,1383.87
P04422,Leche Ilolay Descremada 1L,Lácteos,1750.26,1877.03,1983.82,2366.39,2228.57
P04423,Azúcar Ledesma 1Kg,Almacén,2079.59,2049.09,1830.4,1771.85,1922.17
P04424,Jugo Baggio Multifruta 1L,Bebidas,8308.6,8510.71,8017.78,9957.76,7854.6
P04425,Lavandina Ayudín 1L,Limpieza,7877.96,7307.74,7566.05,6991.75,6421.34
P04426,Harina Blancaflor 1Kg,Almacén,3716.08,3400.07,4122.03,4451.54,4113.78
P04427,Pan Lactal Fargo 600g,Panificados,4110.09,5174.81,4401.87,4429.09,4747.69
P04428,Manteca Sancor 200g,Lácteos,2816.91,3721.24,3759.6,3821.47,3061.37
P04429,Cerveza Quilmes 1L,Bebidas,4042.93,4401.58,4456.39,4165.27,5367.56
P04430,Fideos Matarazzo Spaghetti 500g,Almacén,3706.52,3561.03,2982.49,3185.68,3587.57
P04431,Pan de Campo Bimbo 500g,Panificados,2579.07,2627.59,3282.65,2877.27,2605.95
P04432,Pan Lactal Fargo 600g,Panificados,7412.43,6500.47,8045.3,8049.62,6379.92
P04433,Leche La Serenísima Entera 1L,Lácteos,10047.36,11353.1,12856.26,10475.98,12681.53
P04434,Bizcochitos Don Satur 200g,Panificados,13416.32,12183.4,10525.68,11604.27,12356.5
P04435,Cerveza Heineken 1L,Bebidas,10855.62,12454.64,10578.12,11925.13,12390.75
P04436,Leche Ilolay Descremada 1L,Lácteos,6273.86,7672.36,7524.26,8001.73,7770.99
P04437,Jabón en Polvo Ala 3Kg,Limpieza,1890.81,1655.66,1675.68,1675.75,1759.07
P04438,Queso Cremoso Tregar 1Kg,Lácteos,7598.94,8481.04,8475.59,7001.57,7744.63
P04439,Suavizante Comfort 900ml x3,Limpieza,6169.18,7425.38,6221.37,7216.38,7674.83
P04440,Manteca Sancor 200g,Lácteos,10207.95,9571.93,11299.99,10706.46,8669.42
P04441,Pan de Campo Bimbo 500g x4,Panificados,7460.1,6685.73,7224.02,8520.59,8392.89
P04442,Desodorante Poett Primavera 900ml,Limpieza,9000.19,9048.58,9743.8,9321.9,9600.21
P04443,Pan de Campo Bimbo 500g x5,Panificados,3911.44,3607.65,3765.14,3231.81,3291.66
P04444,Jabón Dove Original 90g,Higiene,10987.61,12913.88,9967.14,10278.16,11804.72
P04445,Pasta Dental Colgate Total 90g x2,Higiene,8013.53,6889.41,8542.58,6947.4,6814.83
P04446,Leche La Serenísima Entera 1L,Lácteos,8308.73,6718.25,7666.88,8031.69,7667.28
P04447,Harina Blancaflor 1Kg,Almacén,10236.19,10351.42,11147.51,10532.71,9168.14
P04448,Fideos Matarazzo Spaghetti 500g,Almacén,8826.87,10401.57,7719.34,8756.47,10374.75
P04449,Queso Cremoso Tregar 1Kg,Lácteos,1112.41,1092.57,1005.15,1015.97,1166.68
P04450,Arroz Gallo Oro 1Kg,Almacén,7879.44,7444.27,7842.41,8006.84,9245.15
P04451,Jugo Baggio Multifruta 1L,Bebidas,9134.27,11117.0,10388.43,10849.04,8632.58
P04452,Lavandina Ayudín 1L,Limpieza,3947.14,4809.02,4706.49,3894.69,4452.37
P04453,Suavizante Comfort 900ml,Limpieza,2737.04,2907.66,2712.43,3208.31,3689.45
P04454,Leche La Serenísima Entera 1L,Lácteos,7332.06,7915.06,8289.02,7108.29,6855.06
P04455,Azúcar Ledesma 1Kg x5,Almacén,7472.16,7772.86,8387.62,7152.53,7837.26
P04456,Leche Ilolay Descremada 1L,Lácteos,5283.39,6181.26,6524.57,5436.33,5350.4
P04457,Lavandina Ayudín 1L,Limpieza,8325.98,8161.61,8537.35,9692.98,10089.26
P04458,Bizcochitos Don Satur 200g,Panificados,8593.75,11360.26,9124.17,10670.43,9049.48
P04459,Manteca Sancor 200g,Lácteos,7614.61,6611.08,6708.8,6846.85,6003.63
P04460,Aceite Natura Girasol 1.5L,Almacén,2301.74,2230.12,2486.92,1930.16,2312.47
P04461,Jugo Baggio Multifruta 1L,Bebidas,997.18,853.21,1132.49,1113.28,992.05
P04462,Desodorante Poett Primavera 900ml x5,Limpieza,9179.74,7668.25,8258.84,7953.4,7973.85
P04463,Pepsi 2.25L,Bebidas,2557.94,1881.89,2356.11,2507.05,1999.22
P04464,Jabón en Polvo Ala 3Kg,Limpieza,11356.6,10507.34,10530.34,10065.98,8764.54
P04465,Jabón en Polvo Ala 3Kg,Limpieza,3985.38,4109.26,4390.56,4275.91,4388.0
P04466,Manteca Sancor 200g,Lácteos,7883.54,6883.21,6902.34,6466.52,6915.34
P04467,Desodorante Rexona Hombre 150ml,Higiene,2654.14,2685.07,2641.62,3186.91,2546.75
P04468,Yerba Taragüi 1Kg,Almacén,13014.95,11981.12,12201.91,11321.46,13719.03
P04469,Pepsi 2.25L,Bebidas,6146.49,6821.48,6134.42,8163.28,7881.72
P04470,Galletitas Express 170g,Panificados,1663.3,1480.45,1791.84,1587.03,1557.83
P04471,Agua Villavicencio 2.25L x3,Bebidas,5684.38,5346.78,6505.17,5282.83,5583.19
P04472,Queso Rallado La Paulina 40g,Lácteos,9298.31,10255.42,9014.33,7662.89,8092.82
P04473,Fideos Matarazzo Spaghetti 500g,Almacén,12628.31,10312.07,11594.15,12588.77,10831.14
P04474,Jabón en Polvo Ala 3Kg,Limpieza,11987.61,10633.94,10120.86,12899.49,12401.55
P04475,Agua Villavicencio 2.25L,Bebidas,8871.9,7382.63,9689.32,8638.35,8036.76
P04476,Desodorante Rexona Hombre 150ml,Higiene,4041.92,4795.05,4500.99,4110.17,3943.97
P04477,Pan Lactal Fargo 600g x3,Panificados,8141.77,8308.29,9071.28,9295.42,8814.19
P04478,Shampoo Pantene Restauración 400ml,Higiene,7554.96,6595.72,7700.2,6882.29,6102.07
P04479,Bizcochitos Don Satur 200g,Panificados,4608.21,4085.64,4854.81,5091.83,4124.4
P04480,Pan Lactal Fargo 600g x4,Panificados,7341.65,9387.13,9596.01,8396.3,8082.22
P04481,Papel Higiénico Higienol 4 Rollos,Higiene,5307.32,4563.7,5886.13,5885.55,4908.56
P04482,Jabón en Polvo Ala 3Kg,Limpieza,6627.93,6654.43,5679.09,4834.79,6001.69
P04483,Queso Rallado La Paulina 40g,Lácteos,2423.37,2687.21,2387.51,2080.76,2418.73
P04484,Desodorante Poett Primavera 900ml,Limpieza,2688.74,3038.96,3070.64,2768.33,3473.82
P04485,Yerba Taragüi 1Kg,Almacén,3657.82,4032.52,3782.88,3548.85,3748.85
P04486,Pasta Dental Colgate Total 90g,Higiene,3834.06,3985.64,3934.77,3608.12,4159.74
P04487,Coca-Cola 2.25L,Bebidas,6306.3,6840.11,6855.22,6898.41,5486.48
P04488,Bizcochitos Don Satur 200g,Panificados,5692.69,5815.94,6122.33,5457.46,5231.18
P04489,Queso Rallado La Paulina 40g,Lácteos,4617.78,5334.66,5271.21,5961.89,4506.35
P04490,Detergente Magistral Limón 750ml,Limpieza,10508.39,11511.8,12279.94,11004.85,11600.22
P04491,Yerba Taragüi 1Kg,Almacén,1017.14,861.05,1012.42,1179.32,916.09
P04492,Yerba Taragüi 1Kg x4,Almacén,1719.67,1339.2,1527.19,1387.35,1729.3
P04493,Agua Villavicencio 2.25L,Bebidas,9480.91,9429.96,9544.1,9517.39,9536.2
P04494,Suavizante Comfort 900ml,Limpieza,4072.73,4163.97,4478.78,3831.03,4881.76
P04495,Fideos Matarazzo Spaghetti 500g,Almacén,1018.91,1100.82,908.14,1024.8,970.62
P04496,Shampoo Pantene Restauración 400ml,Higiene,7905.12,7171.59,8661.1,7211.31,9198.79
P04497,Manteca Sancor 200g,Lácteos,8552.98,9228.86,7348.51,6846.64,7736.51
P04498,Galletitas Chocolinas 170g,Panificados,5490.45,5971.92,5661.16,5404.7,4941.1
P04499,Jugo Baggio Multifruta 1L,Bebidas,3429.13,3328.82,3026.69,3165.89,2950.91
P04500,Detergente Magistral Limón 750ml,Limpieza,5590.27,6585.41,6867.02,5194.21,6451.0
P04501,Galletitas Express 170g,Panificados,12598.61,12455.05,10969.5,10770.2,10889.75
P04502,Lavandina Ayudín 1L,Limpieza,9869.45,10649.54,10302.36,8871.15,10401.69
P04503,Leche Ilolay Descremada 1L,Lácteos,6101.35,5192.9,5551.75,5527.49,6032.45
P04504,Jugo Baggio Multifruta 1L x5,Bebidas,8814.42,7398.97,7331.13,7764.72,6946.73
P04505,Desodorante Rexona Hombre 150ml,Higiene,3001.16,3883.92,3065.58,3381.16,3513.92
P04506,Suavizante Comfort 900ml,Limpieza,4562.94,3531.26,3881.05,4447.79,4393.31
P04507,Yogur Ser Vainilla 1Kg,Lácteos,1252.66,1641.64,1197.64,1354.62,1290.41
P04508,Galletitas Express 170g,Panificados,8714.33,9361.44,8232.44,9976.93,8489.18
P04509,Azúcar Ledesma 1Kg x5,Almacén,6435.03,4828.78,6154.06,4950.73,5481.96
P04510,Aceite Natura Girasol 1.5L,Almacén,7837.84,8783.97,7839.69,8315.9,7175.9
P04511,Jugo Baggio Multifruta 1L x2,Bebidas,6485.87,6915.95,6690.2,7090.99,5656.54
P04512,Detergente Magistral Limón 750ml,Limpieza,2020.91,2476.69,2457.38,2568.11,2259.4
P04513,Leche La Serenísima Entera 1L,Lácteos,4449.07,5052.58,4753.19,5151.44,5247.94
P04514,Manteca Sancor 200g,Lácteos,9277.92,8270.6,9661.23,10032.19,7988.39
P04515,Azúcar Ledesma 1Kg,Almacén,1183.84,1143.06,1090.81,1203.77,1021.53
P04516,Leche Ilolay Descremada 1L,Lácteos,12368.83,11340.25,11611.71,11182.28,10365.76
P04517,Pasta Dental Colgate Total 90g,Higiene,8203.66,9395.9,9641.01,9687.54,10061.86
P04518,Galletitas Chocolinas 170g,Panificados,839.19,817.31,909.29,859.76,922.83
P04519,Shampoo Pantene Restauración 400ml,Higiene,12179.9,12067.58,10759.78,9504.96,10673.37
P04520,Jabón Dove Original 90g,Higiene,1748.26,2148.4,2208.86,1913.83,1801.24
P04521,Jabón en Polvo Ala 3Kg,Limpieza,5270.43,6000.11,4863.4,4773.3,4992.36
P04522,Papel Higiénico Higienol 4 Rollos,Higiene,4523.64,4361.27,3640.25,3393.0,3642.97
P04523,Papel Higiénico Higienol 4 Rollos,Higiene,10568.05,13705.46,10999.16,12922.72,11783.82
P04524,Pepsi 2.25L,Bebidas,5267.88,5040.39,5834.94,5769.47,4716.4
P04525,Papel Higiénico Higienol 4 Rollos,Higiene,6629.18,8534.95,8103.2,6651.48,7149.47
P04526,Cerveza Quilmes 1L,Bebidas,4045.67,4743.13,3804.96,4496.78,4126.08
P04527,Coca-Cola 2.25L,Bebidas,2871.15,3194.31,2857.64,2658.94,3334.28
P04528,Pan Lactal Fargo 600g,Panificados,8767.91,9237.77,9187.01,9586.87,7249.26
P04529,Shampoo Pantene Restauración 400ml x3,Higiene,7638.82,7126.97,7601.94,7146.03,6948.73
P04530,Leche Ilolay Descremada 1L,Lácteos,10667.97,10674.38,11762.74,9677.7,10024.38
P04531,Jabón Dove Original 90g,Higiene,2237.27,2605.39,2606.28,2386.88,2033.07
P04532,Jabón en Polvo Ala 3Kg,Limpieza,12114.33,13079.58,11477.01,11330.31,9829.44
P04533,Yogur Ser Vainilla 1Kg,Lácteos,11589.42,10551.36,9707.21,11709.56,9071.07
P04534,Galletitas Express 170g x4,Panificados,10066.41,9605.45,7881.3,7775.66,10765.61
P04535,Detergente Magistral Limón 750ml,Limpieza,7241.76,7825.38,8203.47,7787.06,6877.89
P04536,Papel Higiénico Higienol 4 Rollos x2,Higiene,9237.98,9228.13,8859.23,9769.11,8832.34
P04537,Azúcar Ledesma 1Kg,Almacén,2112.45,1974.25,1884.45,1948.04,2112.8
P04538,Leche Ilolay Descremada 1L,Lácteos,6742.97,6346.99,8671.26,6987.86,8043.37
P04539,Queso Cremoso Tregar 1Kg,Lácteos,6569.82,7739.1,7342.47,7332.16,7936.54
P04540,Cerveza Heineken 1L,Bebidas,4171.98,4420.3,3508.43,4353.36,3558.96
P04541,Pan de Campo Bimbo 500g,Panificados,6459.86,6079.62,6208.32,6058.72,5218.91
P04542,Pan de Campo Bimbo 500g,Panificados,7252.5,6049.59,7235.19,7799.81,7241.83
P04543,Desodorante Rexona Hombre 150ml,Higiene,7050.09,7531.28,5888.46,6568.16,5940.3
P04544,Queso Rallado La Paulina 40g,Lácteos,7005.34,7960.57,6255.82,7918.53,6807.63
P04545,Suavizante Comfort 900ml,Limpieza,2830.83,2821.03,2757.17,2839.25,3409.67
P04546,Detergente Magistral Limón 750ml x3,Limpieza,4235.33,4465.56,4589.16,4172.86,4296.77
P04547,Leche La Serenísima Entera 1L,Lácteos,6736.1,7462.91,7758.28,6933.47,7764.74
P04548,Yerba Playadito 1Kg,Almacén,9830.18,8003.2,8860.58,9924.92,10304.23
P04549,Cerveza Quilmes 1L x4,Bebidas,8185.56,8883.46,8159.51,8259.04,10665.82
P04550,Jabón en Polvo Ala 3Kg,Limpieza,6953.31,8026.97,7410.94,7725.33,7112.76
P04551,Pan Lactal Fargo 600g x5,Panificados,2940.5,3088.19,3166.56,2755.56,2865.07
P04552,Yogur Ser Vainilla 1Kg x2,Lácteos,11131.61,10955.62,9279.77,10668.11,9625.39
P04553,Leche Ilolay Descremada 1L,Lácteos,901.56,859.18,1052.86,837.73,1083.03
P04554,Leche Ilolay Descremada 1L,Lácteos,3186.37,2464.32,3207.34,2488.86,3091.54
P04555,Pan de Campo Bimbo 500g,Panificados,3330.08,3111.14,3193.28,3315.86,3548.93
P04556,Pan Lactal Fargo 600g,Panificados,4143.17,4534.72,4711.09,3840.9,3964.14
P04557,Papel Higiénico Higienol 4 Rollos,Higiene,3105.79,3421.36,2932.99,3244.3,3525.87
P04558,Bizcochitos Don Satur 200g,Panificados,6374.06,6184.47,7400.99,7213.73,7555.01
P04559,Desodorante Poett Primavera 900ml,Limpieza,8661.93,8777.48,10243.45,10063.72,9456.95
P04560,Papel Higiénico Higienol 4 Rollos,Higiene,9809.29,12412.2,12090.45,10051.02,10783.61
P04561,Yogur Ser Vainilla 1Kg x2,Lácteos,8120.29,7690.11,8758.66,9049.55,8687.57
P04562,Jabón en Polvo Ala 3Kg,Limpieza,8048.39,9177.74,8182.64,7976.64,7708.44
P04563,Suavizante Comfort 900ml,Limpieza,8380.24,8305.1,7977.16,9470.1,8732.33
P04564,Queso Cremoso Tregar 1Kg x3,Lácteos,4080.86,4205.18,4366.67,4415.71,5036.81
P04565,Desodorante Rexona Hombre 150ml,Higiene,9674.42,8262.44,7761.46,8018.05,8414.55
P04566,Agua Villavicencio 2.25L,Bebidas,5413.87,4500.72,4086.91,4376.15,4369.86
P04567,Shampoo Pantene Restauración 400ml,Higiene,11884.12,10603.64,12885.22,9554.85,11343.43
P04568,Queso Cremoso Tregar 1Kg,Lácteos,1424.35,1576.1,1289.05,1545.18,1489.68
P04569,Cerveza Heineken 1L,Bebidas,1438.57,1473.07,1473.9,1184.67,1421.89
P04570,Queso Cremoso Tregar 1Kg x2,Lácteos,13208.41,13509.93,10574.15,10410.97,12897.1
P04571,Pan Lactal Fargo 600g,Panificados,11758.86,11598.12,10189.11,13508.05,10913.15
P04572,Lavandina Ayudín 1L,Limpieza,11446.78,13055.39,13219.16,11205.41,11175.45
P04573,Suavizante Comfort 900ml,Limpieza,9132.21,10071.53,8868.73,8968.26,10672.57
P04574,Queso Rallado La Paulina 40g x2,Lácteos,12993.48,13355.77,10993.15,10287.53,11799.7
P04575,Bizcochitos Don Satur 200g,Panificados,9300.76,8757.11,9890.39,8719.65,8728.23
P04576,Aceite Natura Girasol 1.5L,Almacén,3548.26,2756.12,3262.24,3322.61,3327.69
P04577,Arroz Gallo Oro 1Kg,Almacén,12994.28,11490.59,13336.17,11696.92,10536.27
P04578,Jugo Baggio Multifruta 1L x4,Bebidas,3719.53,4294.96,3417.35,3584.67,4646.22
P04579,Suavizante Comfort 900ml,Limpieza,5618.65,6504.7,7177.16,7507.78,5423.93
P04580,Desodorante Poett Primavera 900ml x3,Limpieza,11027.35,9985.81,12082.68,9631.78,11961.95
P04581,Shampoo Pantene Restauración 400ml,Higiene,1407.76,1138.23,1367.17,1362.26,1334.8
P04582,Cerveza Quilmes 1L,Bebidas,7961.88,8051.13,8370.14,8526.15,9799.0
P04583,Harina Blancaflor 1Kg,Almacén,7941.43,7828.3,7695.1,10301.46,8622.23
P04584,Papel Higiénico Higienol 4 Rollos,Higiene,6894.28,7336.42,7758.73,7825.87,6928.27
P04585,Arroz Gallo Oro 1Kg,Almacén,7622.14,9327.66,7999.22,7556.6,7668.43
P04586,Desodorante Poett Primavera 900ml,Limpieza,8655.25,8077.6,8636.29,7692.45,8203.84
P04587,Suavizante Comfort 900ml,Limpieza,7947.3,9020.76,10684.75,10513.57,10368.89
P04588,Pan de Campo Bimbo 500g,Panificados,6735.91,8753.42,7388.26,8946.66,7965.41
P04589,Jugo Baggio Multifruta 1L,Bebidas,6354.37,5838.4,7632.69,6954.35,6466.27
P04590,Shampoo Pantene Restauración 400ml,Higiene,10918.45,10542.96,10411.69,11336.05,10265.21
P04591,Agua Villavicencio 2.25L,Bebidas,11809.23,13023.63,13006.23,11036.21,11470.95
P04592,Leche La Serenísima Entera 1L,Lácteos,3000.54,2939.76,3157.1,2752.58,2562.39
P04593,Queso Rallado La Paulina 40g,Lácteos,2474.32,2192.45,2448.37,2631.84,2722.79
P04594,Yerba Playadito 1Kg,Almacén,7717.79,7439.63,6993.65,7580.38,7705.46
P04595,Queso Cremoso Tregar 1Kg,Lácteos,10488.48,10025.5,10205.22,8174.81,7661.59
P04596,Cerveza Heineken 1L,Bebidas,13245.17,11523.62,10657.88,12623.48,11775.07
P04597,Leche Ilolay Descremada 1L,Lácteos,2037.37,2336.86,2340.65,2147.03,1968.23
P04598,Azúcar Ledesma 1Kg,Almacén,11490.05,10927.11,9563.03,11126.87,10790.88
P04599,Queso Cremoso Tregar 1Kg x2,Lácteos,6330.93,5346.13,6559.69,7022.84,6773.05
P04600,Pasta Dental Colgate Total 90g,Higiene,2117.07,2042.33,1925.2,2450.0,2360.22
P04601,Manteca Sancor 200g,Lácteos,4773.59,5934.81,4337.5,5635.94,5192.51
P04602,Jabón en Polvo Ala 3Kg,Limpieza,3395.49,3066.32,3763.7,3897.21,3973.25
P04603,Shampoo Pantene Restauración 400ml,Higiene,11256.74,9376.35,11785.63,9359.68,10563.31
P04604,Detergente Magistral Limón 750ml,Limpieza,7350.65,6231.85,7741.02,7799.45,7566.57
P04605,Jabón en Polvo Ala 3Kg x3,Limpieza,3094.72,3973.43,3628.35,3503.07,3616.81
P04606,Leche La Serenísima Entera 1L,Lácteos,10841.17,11417.29,10197.7,11696.95,9070.46
P04607,Suavizante Comfort 900ml,Limpieza,3602.38,4017.78,3648.51,4486.53,3625.68
P04608,Azúcar Ledesma 1Kg,Almacén,2176.67,2782.4,2537.38,2634.33,2083.34
P04609,Agua Villavicencio 2.25L,Bebidas,3841.89,4687.26,4899.17,4904.32,4719.74
P04610,Desodorante Rexona Hombre 150ml,Higiene,7000.33,6959.14,7730.25,7297.43,7308.29
P04611,Pan Lactal Fargo 600g,Panificados,9284.23,8362.0,9425.01,7233.76,9356.88
P04612,Harina Blancaflor 1Kg x3,Almacén,2210.04,1974.01,2201.23,2102.83,1746.63
P04613,Azúcar Ledesma 1Kg x4,Almacén,6238.88,7590.6,6085.24,6738.92,6587.61
P04614,Jabón Dove Original 90g,Higiene,7708.38,9160.11,8034.56,7552.95,8986.47
P04615,Pasta Dental Colgate Total 90g,Higiene,4468.34,3509.83,3972.49,4578.58,4445.32
P04616,Desodorante Rexona Hombre 150ml,Higiene,4109.41,3496.23,4432.96,4436.54,3962.31
P04617,Detergente Magistral Limón 750ml,Limpieza,2121.14,1795.45,1999.16,2052.54,1749.39
P04618,Pan Lactal Fargo 600g,Panificados,1512.11,1384.5,1387.0,1777.18,1653.93
P04619,Cerveza Quilmes 1L,Bebidas,10328.37,9002.2,10878.55,9161.52,11008.51
P04620,Yerba Playadito 1Kg x4,Almacén,12042.08,11295.04,10222.87,11222.17,9682.73
P04621,Arroz Gallo Oro 1Kg,Almacén,1867.03,1674.13,2138.97,1956.99,1788.07
P04622,Desodorante Rexona Hombre 150ml,Higiene,2255.33,2230.14,2527.08,2193.71,2226.69
P04623,Jabón en Polvo Ala 3Kg,Limpieza,6077.1,5406.36,4652.03,4862.01,4664.05
P04624,Suavizante Comfort 900ml x4,Limpieza,4013.92,3908.14,3288.37,4048.56,4248.39
P04625,Shampoo Pantene Restauración 400ml,Higiene,4059.06,3406.51,3775.55,3240.73,4082.85
P04626,Azúcar Ledesma 1Kg,Almacén,1372.26,1148.24,1245.74,1208.71,1086.74
P04627,Arroz Gallo Oro 1Kg,Almacén,7035.47,6930.29,5460.25,6517.56,6605.72
P04628,Lavandina Ayudín 1L,Limpieza,8006.28,7558.41,9116.51,8106.06,7785.81
P04629,Aceite Natura Girasol 1.5L x5,Almacén,14125.87,10764.04,13112.02,13734.91,13255.07
P04630,Bizcochitos Don Satur 200g,Panificados,4113.42,5201.72,4796.23,4762.71,5084.29
P04631,Queso Cremoso Tregar 1Kg,Lácteos,12775.87,12691.08,11337.39,12750.99,13020.64
P04632,Galletitas Express 170g x4,Panificados,4112.45,3577.22,3935.69,4008.73,3770.62
P04633,Fideos Matarazzo Spaghetti 500g,Almacén,10976.56,12161.57,11319.45,9296.22,11087.37
P04634,Desodorante Poett Primavera 900ml,Limpieza,6156.23,5615.31,5771.96,7442.39,7409.95
P04635,Manteca Sancor 200g,Lácteos,2409.27,2486.26,2463.88,1958.22,2312.34
P04636,Leche Ilolay Descremada 1L,Lácteos,1058.36,1163.39,1094.89,1228.53,1325.4
P04637,Lavandina Ayudín 1L,Limpieza,11027.05,10641.3,9356.61,11900.28,11990.05
P04638,Pan de Campo Bimbo 500g,Panificados,11729.76,9882.6,10551.58,11623.89,9989.14
P04639,Leche Ilolay Descremada 1L,Lácteos,7731.51,8039.32,7628.76,8327.61,8884.21
P04640,Suavizante Comfort 900ml,Limpieza,1946.63,1818.08,2152.91,2146.23,1806.59
P04641,Desodorante Rexona Hombre 150ml x2,Higiene,4130.45,4623.6,4549.99,3918.5,3627.97
P04642,Yogur Ser Vainilla 1Kg,Lácteos,12377.04,11501.92,11063.23,10480.06,11257.13
P04643,Leche Ilolay Descremada 1L,Lácteos,1419.31,1301.97,1581.44,1380.66,1572.97
P04644,Pasta Dental Colgate Total 90g,Higiene,10767.01,10787.38,12410.01,12336.26,11442.2
P04645,Pepsi 2.25L,Bebidas,11404.37,11117.48,11776.26,10017.81,10678.55
P04646,Cerveza Heineken 1L,Bebidas,6208.57,6115.64,6830.4,5204.69,6813.2
P04647,Manteca Sancor 200g x2,Lácteos,9870.91,9356.19,10855.38,10497.61,10150.85
P04648,Arroz Gallo Oro 1Kg,Almacén,875.25,924.07,958.2,925.45,999.7
P04649,Jabón en Polvo Ala 3Kg,Limpieza,5560.18,5183.94,4547.91,5970.53,4798.93
P04650,Pepsi 2.25L,Bebidas,2288.84,2401.71,2425.53,2191.38,2084.18
P04651,Queso Cremoso Tregar 1Kg,Lácteos,4322.43,4357.42,4674.58,4727.13,3808.28
P04652,Detergente Magistral Limón 750ml x2,Limpieza,10043.93,10332.91,10330.0,9410.93,10316.54
P04653,Yogur Ser Vainilla 1Kg,Lácteos,10300.0,10117.0,9149.68,9036.05,8485.81
P04654,Leche La Serenísima Entera 1L,Lácteos,2695.27,2855.04,2207.37,2415.44,2531.27
P04655,Cerveza Heineken 1L,Bebidas,12185.07,9735.14,9628.8,10861.94,12018.43
P04656,Manteca Sancor 200g,Lácteos,7865.92,6585.89,6116.73,7335.79,7789.05
P04657,Leche La Serenísima Entera 1L x4,Lácteos,9887.61,8783.16,10927.69,10169.19,11366.67
P04658,Pan Lactal Fargo 600g,Panificados,2641.39,2674.8,2270.63,2409.3,2758.06
P04659,Shampoo Pantene Restauración 400ml x2,Higiene,10526.65,11507.93,10472.55,10469.46,12553.0
P04660,Queso Rallado La Paulina 40g,Lácteos,7739.54,7989.14,10204.33,7744.98,9448.42
P04661,Suavizante Comfort 900ml,Limpieza,9446.96,9344.18,9365.86,10116.45,9294.43
P04662,Galletitas Chocolinas 170g,Panificados,6220.36,7466.88,7882.67,6703.1,8277.92
P04663,Fideos Matarazzo Spaghetti 500g x5,Almacén,8400.9,7599.96,7482.26,8445.91,7611.41
P04664,Manteca Sancor 200g x5,Lácteos,11848.85,11544.25,10604.52,10378.06,10328.15
P04665,Lavandina Ayudín 1L,Limpieza,10555.03,10494.77,10601.95,11069.93,9435.96
P04666,Pasta Dental Colgate Total 90g x5,Higiene,716.73,805.27,855.07,669.62,830.45
P04667,Queso Cremoso Tregar 1Kg,Lácteos,11729.53,11137.86,10984.0,11974.05,10509.8
P04668,Jabón en Polvo Ala 3Kg,Limpieza,12282.49,12975.47,11860.25,13333.15,10156.4
P04669,Desodorante Poett Primavera 900ml,Limpieza,10600.87,10749.4,9854.61,9681.51,9432.73
P04670,Lavandina Ayudín 1L,Limpieza,8330.38,10404.52,10568.32,10180.97,8127.01
P04671,Manteca Sancor 200g,Lácteos,767.84,712.25,703.76,700.69,805.34
P04672,Pan Lactal Fargo 600g,Panificados,7608.21,7915.69,6210.23,7265.07,6750.89
P04673,Desodorante Rexona Hombre 150ml,Higiene,1858.47,1512.16,1760.8,1886.5,1820.4
P04674,Jabón Dove Original 90g,Higiene,11679.32,10861.95,12424.28,11142.83,10957.4
P04675,Bizcochitos Don Satur 200g,Panificados,5253.62,5019.41,6135.41,6080.07,5766.0
P04676,Galletitas Chocolinas 170g,Panificados,5098.29,6071.93,5126.9,4812.36,5825.21
P04677,Suavizante Comfort 900ml,Limpieza,916.78,861.79,889.37,884.88,967.91
P04678,Queso Rallado La Paulina 40g,Lácteos,3655.19,3898.97,3364.67,3028.37,3781.91
P04679,Jabón en Polvo Ala 3Kg,Limpieza,10743.66,9345.36,10210.55,10451.74,9635.26
P04680,Desodorante Poett Primavera 900ml,Limpieza,4797.16,5924.33,4903.43,4815.23,4842.11
P04681,Leche La Serenísima Entera 1L,Lácteos,7110.03,7977.18,6536.31,8046.17,8361.51
P04682,Aceite Natura Girasol 1.5L,Almacén,9303.68,8615.25,9979.68,9476.05,10833.39
P04683,Pan Lactal Fargo 600g,Panificados,7315.29,7249.98,6676.98,8232.97,7864.43
P04684,Manteca Sancor 200g x3,Lácteos,3047.47,3134.93,3024.8,2994.82,2975.63
P04685,Jabón en Polvo Ala 3Kg,Limpieza,13018.34,10082.33,9952.59,12687.11,13385.93
P04686,Pan de Campo Bimbo 500g,Panificados,939.82,1114.49,1123.57,1084.28,1084.83
P04687,Galletitas Express 170g,Panificados,10971.29,9909.86,8259.27,10874.38,10140.0
P04688,Pan de Campo Bimbo 500g,Panificados,12259.85,11015.95,13831.41,13868.13,13788.57
P04689,Jugo Baggio Multifruta 1L x4,Bebidas,9749.63,9142.2,8571.16,8560.28,9073.15
P04690,Desodorante Poett Primavera 900ml,Limpieza,5414.17,4752.57,5409.56,4893.99,4840.3
P04691,Jabón Dove Original 90g,Higiene,9875.06,9576.7,12552.43,10720.54,12558.23
P04692,Jugo Baggio Multifruta 1L,Bebidas,3044.32,2833.37,2654.24,2886.46,3101.98
P04693,Shampoo Pantene Restauración 400ml x3,Higiene,2278.07,2552.86,2060.63,2157.96,2551.52
P04694,Yogur Ser Vainilla 1Kg,Lácteos,1047.08,983.01,977.26,900.56,952.11
P04695,Pasta Dental Colgate Total 90g,Higiene,7125.2,6521.39,6656.96,6920.09,8374.94
P04696,Shampoo Pantene Restauración 400ml,Higiene,2074.51,2310.4,2214.01,2091.01,2105.34
P04697,Suavizante Comfort 900ml,Limpieza,10334.05,11119.15,10392.41,9008.34,11421.96
P04698,Arroz Gallo Oro 1Kg,Almacén,8176.07,7371.47,6328.64,6553.95,6428.12
P04699,Queso Cremoso Tregar 1Kg,Lácteos,1618.28,1661.74,1714.32,2076.31,2127.81
P04700,Agua Villavicencio 2.25L,Bebidas,7650.32,7643.51,6849.53,8412.58,8610.98
P04701,Lavandina Ayudín 1L,Limpieza,4040.18,3695.88,3595.54,4090.81,3519.16
P04702,Pan Lactal Fargo 600g x3,Panificados,5271.83,5298.97,4165.12,4646.47,4275.18
P04703,Cerveza Heineken 1L,Bebidas,7561.41,7922.03,7762.61,6908.81,7340.9
P04704,Lavandina Ayudín 1L,Limpieza,4235.0,4052.72,3919.36,3927.2,4305.0
P04705,Desodorante Rexona Hombre 150ml,Higiene,8933.89,10572.13,8213.1,8725.33,10722.24
P04706,Pasta Dental Colgate Total 90g,Higiene,11465.28,11979.65,9057.69,11453.85,10298.86
P04707,Jabón Dove Original 90g,Higiene,6018.14,6216.87,7260.83,7388.4,6899.95
P04708,Harina Blancaflor 1Kg,Almacén,6732.9,6657.38,7941.71,7754.45,6187.46
P04709,Queso Cremoso Tregar 1Kg,Lácteos,6728.69,6047.16,7146.01,7439.63,6560.58
P04710,Azúcar Ledesma 1Kg,Almacén,5450.9,5129.14,6064.39,6702.98,5328.74
P04711,Galletitas Express 170g,Panificados,2952.31,2962.54,3192.96,2861.64,2704.89
P04712,Desodorante Poett Primavera 900ml,Limpieza,10207.57,13808.58,12887.67,13677.28,11029.19
P04713,Queso Cremoso Tregar 1Kg,Lácteos,11280.49,9544.32,9268.48,10440.11,8589.08
P04714,Leche Ilolay Descremada 1L x3,Lácteos,4611.35,4275.0,4978.15,5097.05,4623.17
P04715,Galletitas Chocolinas 170g,Panificados,5487.28,5113.71,5259.49,5384.95,4494.16
P04716,Cerveza Heineken 1L x3,Bebidas,9473.02,10551.67,9287.79,9247.15,8703.2
P04717,Lavandina Ayudín 1L x3,Limpieza,6833.61,7002.86,5807.0,5499.7,6773.05
P04718,Jabón en Polvo Ala 3Kg,Limpieza,6144.0,6556.37,6502.07,8154.2,7457.28
P04719,Agua Villavicencio 2.25L,Bebidas,8598.38,7186.2,8208.45,8825.76,7245.54
P04720,Aceite Natura Girasol 1.5L,Almacén,6783.81,5397.66,6682.47,6015.06,6080.71
P04721,Pasta Dental Colgate Total 90g,Higiene,7373.95,8054.83,7433.22,8204.86,8359.38
P04722,Galletitas Chocolinas 170g x4,Panificados,3235.12,3838.7,4069.22,4132.11,3955.53
P04723,Suavizante Comfort 900ml x2,Limpieza,2920.39,2765.83,3310.04,3178.06,2760.3
P04724,Arroz Gallo Oro 1Kg,Almacén,11090.99,12348.23,10552.81,10937.36,13015.18
P04725,Arroz Gallo Oro 1Kg,Almacén,3585.34,4222.6,3621.61,3322.49,3660.85
P04726,Suavizante Comfort 900ml,Limpieza,11038.44,11710.11,10884.27,12061.57,10201.1
P04727,Galletitas Chocolinas 170g x4,Panificados,11960.0,8825.3,10222.27,11911.39,9150.4
P04728,Shampoo Pantene Restauración 400ml,Higiene,6472.44,5563.31,6210.47,5224.61,4891.86
P04729,Papel Higiénico Higienol 4 Rollos,Higiene,2952.88,3084.73,2306.94,2460.13,2581.4
P04730,Lavandina Ayudín 1L,Limpieza,8449.95,7070.0,8357.19,6967.11,6662.9
P04731,Bizcochitos Don Satur 200g,Panificados,11780.62,9916.16,11201.16,9600.96,12697.48
P04732,Arroz Gallo Oro 1Kg,Almacén,5861.27,4647.54,4645.28,5103.36,5299.99
P04733,Queso Rallado La Paulina 40g,Lácteos,9235.59,9753.68,12471.3,11019.97,9622.1
P04734,Queso Rallado La Paulina 40g,Lácteos,7825.06,7126.18,6489.43,7154.61,7219.63
P04735,Jabón Dove Original 90g,Higiene,10654.55,11264.36,12321.91,11991.98,9828.85
P04736,Aceite Natura Girasol 1.5L,Almacén,3630.09,3115.71,3063.08,2765.48,3586.34
P04737,Bizcochitos Don Satur 200g,Panificados,10898.54,11464.29,12019.57,9603.98,10910.95
P04738,Galletitas Chocolinas 170g,Panificados,3457.07,3894.61,3572.97,3207.02,3469.91
P04739,Shampoo Pantene Restauración 400ml,Higiene,2643.34,2461.7,2290.69,2543.23,2492.83
P04740,Coca-Cola 2.25L,Bebidas,11279.72,11967.16,12643.42,12478.94,11213.12
P04741,Arroz Gallo Oro 1Kg x3,Almacén,1907.24,1820.02,1995.02,1825.9,1776.12
P04742,Suavizante Comfort 900ml x4,Limpieza,10446.72,9055.95,9905.81,9396.06,11268.8
P04743,Papel Higiénico Higienol 4 Rollos x5,Higiene,3686.64,3616.08,3367.82,4313.28,4230.0
P04744,Yogur Ser Vainilla 1Kg,Lácteos,3128.33,2784.24,2802.46,3328.95,2986.15
P04745,Cerveza Heineken 1L,Bebidas,8952.44,7787.61,7331.0,9901.13,8853.83
P04746,Agua Villavicencio 2.25L,Bebidas,7608.18,6348.39,6732.25,6957.05,7787.3
P04747,Yerba Playadito 1Kg,Almacén,9325.34,10663.86,11831.83,9257.27,9706.94
P04748,Leche La Serenísima Entera 1L,Lácteos,9456.56,9061.03,9742.8,9591.63,10493.91
P04749,Leche Ilolay Descremada 1L,Lácteos,1405.84,1289.11,1458.5,1652.19,1599.69
P04750,Azúcar Ledesma 1Kg,Almacén,4788.46,4288.63,4488.89,4972.15,3698.26
P04751,Arroz Gallo Oro 1Kg,Almacén,5546.78,5889.03,5701.95,6437.71,5629.19
P04752,Cerveza Heineken 1L,Bebidas,9949.2,9338.59,9852.98,7963.43,7714.12
P04753,Shampoo Pantene Restauración 400ml,Higiene,1331.86,1753.5,1520.32,1429.3,1325.49
P04754,Pan Lactal Fargo 600g x5,Panificados,1704.51,1729.26,1643.67,1740.77,1843.86
P04755,Desodorante Rexona Hombre 150ml,Higiene,7725.8,7628.71,9653.17,9261.84,7672.78
P04756,Jabón en Polvo Ala 3Kg x3,Limpieza,8506.67,8301.96,7501.25,7755.68,7844.42
P04757,Yerba Playadito 1Kg,Almacén,13685.87,11208.67,13430.33,10280.52,13796.16
P04758,Queso Cremoso Tregar 1Kg,Lácteos,12349.32,9842.08,10463.27,12060.05,11073.04
P04759,Leche La Serenísima Entera 1L,Lácteos,10561.44,9545.96,11586.65,11657.75,11125.01
P04760,Pasta Dental Colgate Total 90g,Higiene,6894.69,7083.9,5599.67,6644.84,6260.03
P04761,Leche La Serenísima Entera 1L,Lácteos,10632.53,10867.35,11032.52,12997.63,11986.66
P04762,Jabón Dove Original 90g,Higiene,6410.02,7529.26,7314.48,7562.56,6819.49
P04763,Harina Blancaflor 1Kg,Almacén,8001.59,9757.03,7628.62,9313.56,8858.25
P04764,Yogur Ser Vainilla 1Kg,Lácteos,4995.69,5000.45,4099.19,4122.65,5202.43
P04765,Desodorante Rexona Hombre 150ml,Higiene,10043.54,9481.99,10721.5,10698.71,9380.35
P04766,Jabón en Polvo Ala 3Kg,Limpieza,9529.63,7458.55,10033.9,8789.34,8184.11
P04767,Arroz Gallo Oro 1Kg,Almacén,7054.78,6626.92,5999.71,6099.9,7077.52
P04768,Pepsi 2.25L,Bebidas,12301.89,11184.88,12806.68,10554.28,11064.46
P04769,Bizcochitos Don Satur 200g x2,Panificados,6924.87,6625.43,7131.17,6277.67,6998.1
P04770,Suavizante Comfort 900ml,Limpieza,2599.0,2709.2,2594.48,2818.6,2486.85
P04771,Galletitas Express 170g,Panificados,6830.37,9060.18,6849.67,8193.55,8922.09
P04772,Jabón en Polvo Ala 3Kg,Limpieza,5921.36,6651.35,8097.91,5878.28,5907.38
P04773,Pasta Dental Colgate Total 90g,Higiene,7863.57,7177.17,6939.72,6720.57,7467.76
P04774,Manteca Sancor 200g,Lácteos,10739.82,8702.5,9133.86,10771.29,8752.76
P04775,Papel Higiénico Higienol 4 Rollos,Higiene,7641.12,9221.29,7910.81,8348.51,9858.11
P04776,Papel Higiénico Higienol 4 Rollos,Higiene,7273.55,7772.74,8520.92,9362.78,8075.29
P04777,Fideos Matarazzo Spaghetti 500g,Almacén,5883.77,7795.31,7955.57,7654.17,7597.33
P04778,Suavizante Comfort 900ml,Limpieza,8552.53,8889.98,8486.07,7433.88,7261.55
P04779,Pepsi 2.25L,Bebidas,8337.23,7085.35,8568.55,8895.02,6898.07
P04780,Queso Rallado La Paulina 40g x4,Lácteos,3424.7,4273.16,3538.2,3974.34,3621.16
P04781,Jabón en Polvo Ala 3Kg x2,Limpieza,10153.73,9586.59,10146.99,10115.78,11074.22
P04782,Aceite Natura Girasol 1.5L,Almacén,1836.93,2008.9,2231.05,1846.16,2390.72
P04783,Yerba Taragüi 1Kg x4,Almacén,4175.47,5099.8,4634.66,3899.77,4368.08
P04784,Suavizante Comfort 900ml,Limpieza,6522.49,7674.84,6788.84,8628.91,6380.13
P04785,Yerba Taragüi 1Kg,Almacén,1431.06,1648.23,1495.07,1688.85,1822.56
P04786,Queso Cremoso Tregar 1Kg,Lácteos,5327.56,5232.12,6835.35,6581.44,6173.73
P04787,Papel Higiénico Higienol 4 Rollos x5,Higiene,4959.98,3880.76,4934.14,4538.54,4196.35
P04788,Shampoo Pantene Restauración 400ml,Higiene,13421.6,13252.54,10966.63,12684.75,12302.11
P04789,Pepsi 2.25L x4,Bebidas,3653.93,4462.26,4930.67,4219.35,3712.82
P04790,Jabón Dove Original 90g,Higiene,10817.69,10932.24,10881.1,11690.09,10172.89
P04791,Leche La Serenísima Entera 1L,Lácteos,11403.44,9905.13,9010.18,9969.23,10742.84
P04792,Shampoo Pantene Restauración 400ml x2,Higiene,2969.87,2734.04,3228.74,3265.48,3166.19
P04793,Fideos Matarazzo Spaghetti 500g x3,Almacén,12889.2,10770.6,9545.58,11960.48,11385.8
P04794,Leche La Serenísima Entera 1L,Lácteos,8500.97,8533.21,9043.92,9240.28,9373.73
P04795,Leche La Serenísima Entera 1L,Lácteos,5706.56,4633.64,4693.0,5015.43,6382.39
P04796,Fideos Matarazzo Spaghetti 500g,Almacén,6167.27,6710.11,6439.86,6804.77,6433.07
P04797,Pasta Dental Colgate Total 90g,Higiene,10367.69,12882.89,11807.46,12966.07,12374.04
P04798,Cerveza Quilmes 1L,Bebidas,4784.79,4862.27,4035.07,3906.52,4635.11
P04799,Galletitas Express 170g,Panificados,5559.48,4703.14,5572.3,5337.11,5321.93
P04800,Jabón en Polvo Ala 3Kg x5,Limpieza,8574.15,6545.7,7668.83,7564.67,6750.47
P04801,Papel Higiénico Higienol 4 Rollos,Higiene,11087.56,10739.5,9945.67,9445.14,11344.18
P04802,Cerveza Quilmes 1L,Bebidas,8973.01,9395.94,9707.28,10931.32,9932.94
P04803,Suavizante Comfort 900ml,Limpieza,11127.81,9974.44,10586.45,11558.44,12107.02
P04804,Fideos Matarazzo Spaghetti 500g,Almacén,6774.22,6979.95,8516.0,6471.16,8674.06
P04805,Bizcochitos Don Satur 200g,Panificados,11879.82,9584.23,11907.43,11673.8,11538.0
P04806,Jabón Dove Original 90g,Higiene,10110.2,8168.03,9479.16,9008.8,8767.16
P04807,Jabón Dove Original 90g,Higiene,12037.31,12046.0,8766.94,10768.44,11154.3
P04808,Fideos Matarazzo Spaghetti 500g,Almacén,6364.31,5289.79,4750.95,6242.38,6246.38
P04809,Jabón Dove Original 90g x5,Higiene,7214.55,8444.49,7139.58,7026.05,6679.96
P04810,Jabón en Polvo Ala 3Kg,Limpieza,5309.98,4357.51,5329.84,4546.17,4685.97
P04811,Shampoo Pantene Restauración 400ml,Higiene,5708.79,6331.47,5791.26,5528.41,6582.74
P04812,Galletitas Chocolinas 170g,Panificados,2829.47,3259.42,3092.93,3249.61,2754.53
P04813,Cerveza Quilmes 1L x3,Bebidas,10488.88,9403.52,10104.04,10912.07,10001.41
P04814,Jabón Dove Original 90g x2,Higiene,5856.08,6968.85,5565.37,6778.33,5583.5
P04815,Desodorante Rexona Hombre 150ml,Higiene,5471.88,6377.04,6834.81,5613.7,5494.12
P04816,Yogur Ser Vainilla 1Kg,Lácteos,6205.65,7714.28,8261.59,8072.3,6046.36
P04817,Pan Lactal Fargo 600g,Panificados,8212.31,11321.15,9432.47,9516.01,8398.78
P04818,Lavandina Ayudín 1L,Limpieza,2348.56,2429.14,2931.26,2677.4,2682.52
P04819,Leche La Serenísima Entera 1L,Lácteos,8106.92,10630.62,10704.17,10404.62,9356.43
P04820,Pasta Dental Colgate Total 90g,Higiene,6382.09,7295.62,7975.32,7244.83,6525.72
P04821,Bizcochitos Don Satur 200g,Panificados,3457.03,3093.1,3623.59,3810.9,3057.68
P04822,Shampoo Pantene Restauración 400ml,Higiene,6675.94,6858.15,5886.77,5078.31,6494.38
P04823,Manteca Sancor 200g x2,Lácteos,3343.03,3414.95,3913.97,4025.48,3037.87
P04824,Leche Ilolay Descremada 1L,Lácteos,8408.23,9893.12,8817.43,8830.15,9620.84
P04825,Bizcochitos Don Satur 200g x4,Panificados,3839.79,3780.37,3303.61,3352.27,3700.74
P04826,Jabón Dove Original 90g,Higiene,11163.93,11348.51,11204.26,13388.55,13135.25
P04827,Cerveza Quilmes 1L,Bebidas,11314.92,11272.4,11598.42,10938.27,12716.56
P04828,Fideos Matarazzo Spaghetti 500g,Almacén,10259.39,8667.96,8584.66,8067.21,7905.32
P04829,Pepsi 2.25L,Bebidas,4476.9,3996.05,3903.07,4312.07,5194.89
P04830,Suavizante Comfort 900ml,Limpieza,10178.28,12256.87,11796.43,9088.76,10800.13
P04831,Agua Villavicencio 2.25L,Bebidas,7633.69,7197.76,7913.3,8655.31,7458.82
P04832,Desodorante Rexona Hombre 150ml,Higiene,5299.75,4355.63,4726.48,5311.29,4663.1
P04833,Coca-Cola 2.25L x5,Bebidas,7264.47,7099.1,7099.3,8557.84,7965.59
P04834,Harina Blancaflor 1Kg,Almacén,3478.79,2888.63,3915.45,3741.78,2975.74
P04835,Pepsi 2.25L,Bebidas,4221.98,4482.8,4027.5,4301.22,4297.79
P04836,Suavizante Comfort 900ml,Limpieza,1686.76,1616.65,1791.5,1603.25,1567.4
P04837,Jabón en Polvo Ala 3Kg,Limpieza,7234.32,6848.07,6853.95,5947.46,6460.3
P04838,Yerba Playadito 1Kg,Almacén,3966.52,4764.17,4561.72,4557.08,4873.24
P04839,Leche La Serenísima Entera 1L,Lácteos,6679.41,7347.55,5723.73,5703.75,7097.93
P04840,Yogur Ser Vainilla 1Kg x2,Lácteos,10541.94,11376.14,10215.0,10465.67,9623.92
P04841,Arroz Gallo Oro 1Kg,Almacén,5796.75,6780.29,5520.45,5521.05,7212.55
P04842,Arroz Gallo Oro 1Kg,Almacén,8691.94,9506.32,11676.63,11099.91,8978.19
P04843,Yerba Playadito 1Kg,Almacén,5304.34,4823.14,4613.06,4521.97,4368.94
P04844,Azúcar Ledesma 1Kg,Almacén,949.8,997.6,971.75,1021.66,857.74
P04845,Jugo Baggio Multifruta 1L,Bebidas,3629.71,3986.46,3755.63,3860.63,3200.47
P04846,Pan de Campo Bimbo 500g x5,Panificados,1166.49,1290.79,1273.75,1172.73,1261.95
P04847,Pan Lactal Fargo 600g,Panificados,9071.38,8950.63,8775.4,7774.53,8366.49
P04848,Coca-Cola 2.25L x2,Bebidas,9640.43,10888.46,8266.93,9734.41,8477.45
P04849,Queso Rallado La Paulina 40g,Lácteos,10904.84,11175.84,12711.83,10894.35,10628.36
P04850,Cerveza Quilmes 1L x5,Bebidas,4544.21,6077.07,5878.91,5850.21,5773.32
P04851,Queso Cremoso Tregar 1Kg,Lácteos,4080.55,4491.93,4218.47,3735.09,3722.12
P04852,Jugo Baggio Multifruta 1L,Bebidas,10581.41,9131.98,10997.12,10122.81,10753.32
P04853,Arroz Gallo Oro 1Kg,Almacén,6254.67,5983.47,5075.43,5241.58,5267.9
P04854,Jugo Baggio Multifruta 1L,Bebidas,12440.57,13310.67,11794.31,12435.55,11703.85
P04855,Suavizante Comfort 900ml,Limpieza,2264.53,2062.39,2131.84,1942.65,2374.01
P04856,Pan Lactal Fargo 600g,Panificados,978.57,1222.17,1156.52,1216.0,1105.78
P04857,Harina Blancaflor 1Kg x2,Almacén,6856.31,7014.12,8737.29,8698.75,7676.55
P04858,Azúcar Ledesma 1Kg,Almacén,3563.06,2925.5,3381.81,2911.73,3500.44
P04859,Azúcar Ledesma 1Kg,Almacén,10107.74,8124.96,7545.4,9649.89,9653.95
P04860,Queso Rallado La Paulina 40g x5,Lácteos,4393.02,5210.54,5604.45,5239.95,5358.05
P04861,Pan Lactal Fargo 600g,Panificados,8161.17,8344.17,6624.14,6693.73,8120.92
P04862,Desodorante Rexona Hombre 150ml,Higiene,5656.79,4221.96,5581.91,4730.73,4992.13
P04863,Harina Blancaflor 1Kg,Almacén,1532.82,1527.06,1768.13,1496.65,1640.76
P04864,Galletitas Chocolinas 170g,Panificados,9425.04,7596.5,8245.78,8535.27,9439.61
P04865,Fideos Matarazzo Spaghetti 500g,Almacén,3959.48,4108.19,4130.46,3278.93,3593.48
P04866,Pan Lactal Fargo 600g,Panificados,9987.27,12098.91,13224.66,10662.69,12562.47
P04867,Desodorante Poett Primavera 900ml,Limpieza,12828.62,11482.83,12030.08,11424.75,12469.56
P04868,Yerba Playadito 1Kg,Almacén,13790.39,10870.12,11289.68,11848.8,12997.64
P04869,Queso Cremoso Tregar 1Kg,Lácteos,7102.65,6248.42,7144.52,6464.76,7074.81
P04870,Jugo Baggio Multifruta 1L,Bebidas,1456.76,1789.53,1482.31,1328.94,1470.34
P04871,Desodorante Rexona Hombre 150ml x5,Higiene,7027.81,8491.01,7391.39,7483.02,7832.83
P04872,Cerveza Quilmes 1L,Bebidas,11098.11,13122.6,10261.24,12230.5,10140.59
P04873,Leche Ilolay Descremada 1L,Lácteos,5272.51,5664.74,5348.33,6133.27,6675.28
P04874,Pepsi 2.25L x4,Bebidas,10037.35,12953.98,13211.73,11258.83,11410.0
P04875,Lavandina Ayudín 1L x2,Limpieza,7766.75,6317.57,6309.72,6937.14,7891.88
P04876,Galletitas Express 170g,Panificados,8419.23,6828.58,8602.91,6412.05,6502.51
P04877,Yerba Taragüi 1Kg,Almacén,8290.51,9075.39,8954.87,7775.98,8363.9
P04878,Pan de Campo Bimbo 500g,Panificados,10635.67,13249.9,13797.12,13891.13,13097.68
P04879,Pepsi 2.25L,Bebidas,9350.1,10223.42,10934.56,10784.24,8937.29
P04880,Cerveza Quilmes 1L,Bebidas,9854.18,8412.73,9563.97,8162.2,8737.56
P04881,Azúcar Ledesma 1Kg,Almacén,4963.63,4961.57,4954.72,4620.22,5739.04
P04882,Pasta Dental Colgate Total 90g,Higiene,2338.3,2476.88,2543.09,2434.86,2113.03
P04883,Desodorante Rexona Hombre 150ml,Higiene,5440.09,4694.0,4565.58,4385.77,4381.82
P04884,Pasta Dental Colgate Total 90g,Higiene,9610.27,9248.64,7977.14,8609.07,8499.96
P04885,Suavizante Comfort 900ml,Limpieza,5684.87,4766.24,5729.66,5039.61,5503.51
P04886,Galletitas Chocolinas 170g x2,Panificados,10184.79,9157.08,9163.83,8443.9,8131.58
P04887,Yerba Playadito 1Kg x2,Almacén,5371.38,6128.42,6959.05,6733.83,5786.09
P04888,Cerveza Quilmes 1L,Bebidas,7527.94,8651.35,8577.2,7374.21,8213.2
P04889,Jabón Dove Original 90g,Higiene,5969.95,7406.28,6961.67,6330.32,6611.3
P04890,Jabón en Polvo Ala 3Kg,Limpieza,12540.07,11258.3,13543.29,10896.33,13251.54
P04891,Leche Ilolay Descremada 1L,Lácteos,2843.13,3358.54,3398.63,2888.96,2672.82
P04892,Yerba Taragüi 1Kg,Almacén,6108.56,4945.74,5866.81,5108.19,6507.58
P04893,Galletitas Express 170g,Panificados,4892.29,4865.88,4535.32,5659.68,4866.84
P04894,Pasta Dental Colgate Total 90g,Higiene,6530.87,6313.12,7150.74,5912.16,5928.96
P04895,Manteca Sancor 200g,Lácteos,3491.48,3605.94,3218.67,3588.63,3554.65
P04896,Leche La Serenísima Entera 1L,Lácteos,935.28,886.03,1105.85,930.54,976.95
P04897,Arroz Gallo Oro 1Kg,Almacén,10356.45,7789.76,8755.39,8635.67,10326.67
P04898,Azúcar Ledesma 1Kg,Almacén,5397.87,7087.91,5513.42,6966.55,6600.4
P04899,Harina Blancaflor 1Kg,Almacén,11103.97,10788.15,11468.8,8817.69,10336.3
P04900,Detergente Magistral Limón 750ml,Limpieza,1104.71,1196.33,954.49,1209.71,1012.29
P04901,Yerba Playadito 1Kg,Almacén,7806.36,6609.76,7160.81,8299.75,8153.06
P04902,Pan Lactal Fargo 600g,Panificados,11950.72,12431.99,10810.04,9380.13,12425.63
P04903,Cerveza Quilmes 1L,Bebidas,1473.42,1486.9,1955.2,1927.47,1550.31
P04904,Suavizante Comfort 900ml,Limpieza,2004.31,2033.05,1906.33,2164.78,1832.81
P04905,Desodorante Rexona Hombre 150ml,Higiene,2587.58,2456.25,2715.37,2649.88,2863.97
P04906,Pasta Dental Colgate Total 90g,Higiene,10401.31,11330.82,9085.35,11650.16,10951.27
P04907,Yerba Playadito 1Kg x5,Almacén,2403.48,2564.6,2464.76,2163.98,2397.3
P04908,Shampoo Pantene Restauración 400ml,Higiene,6674.03,7011.71,7379.39,7630.31,5956.12
P04909,Desodorante Poett Primavera 900ml,Limpieza,2268.58,1688.0,1974.7,1728.51,2077.12
P04910,Yerba Playadito 1Kg,Almacén,10259.08,9075.75,7778.04,8409.05,7974.57
P04911,Leche La Serenísima Entera 1L,Lácteos,7706.66,6741.7,6009.69,7252.43,7458.43
P04912,Leche Ilolay Descremada 1L x3,Lácteos,12691.38,10885.0,12732.1,11672.93,12691.13
P04913,Galletitas Express 170g,Panificados,12800.58,10657.36,12904.99,10339.04,11829.55
P04914,Leche La Serenísima Entera 1L,Lácteos,1144.24,1224.34,1139.84,1059.4,1183.81
P04915,Yerba Taragüi 1Kg,Almacén,7743.55,9449.81,8025.68,8131.77,10061.87
P04916,Bizcochitos Don Satur 200g,Panificados,7026.11,8202.87,8155.31,7859.14,7716.64
P04917,Yogur Ser Vainilla 1Kg,Lácteos,1633.79,1790.99,2114.33,1707.96,2139.22
P04918,Papel Higiénico Higienol 4 Rollos,Higiene,1940.97,2009.5,2036.55,2009.84,2083.59
P04919,Jugo Baggio Multifruta 1L,Bebidas,8421.1,9015.27,7442.96,6805.25,7574.23
P04920,Pan de Campo Bimbo 500g,Panificados,2450.48,2068.85,2597.67,2041.54,2078.88
P04921,Leche La Serenísima Entera 1L,Lácteos,10667.93,11376.18,9650.39,9752.05,8902.79
P04922,Cerveza Heineken 1L,Bebidas,8682.85,9205.43,8393.1,8027.51,7064.04
P04923,Suavizante Comfort 900ml,Limpieza,12129.92,9699.05,10400.19,12475.88,9674.27
P04924,Galletitas Express 170g,Panificados,11968.43,11866.79,10251.9,11976.55,11569.93
P04925,Galletitas Express 170g,Panificados,4642.39,3981.09,5220.91,4131.99,5190.52
P04926,Queso Cremoso Tregar 1Kg,Lácteos,5286.12,4647.45,4480.53,6036.69,5446.61
P04927,Yogur Ser Vainilla 1Kg,Lácteos,7056.29,7579.19,6967.64,8149.62,9205.25
P04928,Bizcochitos Don Satur 200g,Panificados,12407.76,9986.35,10183.54,9919.88,12283.36
P04929,Cerveza Quilmes 1L,Bebidas,3493.39,3266.75,3139.89,3754.65,3459.68
P04930,Arroz Gallo Oro 1Kg,Almacén,3363.88,3735.79,3608.81,4086.38,4047.31
P04931,Queso Rallado La Paulina 40g,Lácteos,12015.01,12892.37,12777.41,10540.7,11117.11
P04932,Aceite Natura Girasol 1.5L,Almacén,3145.61,3154.87,2604.95,3104.36,3189.99
P04933,Yerba Taragüi 1Kg,Almacén,11254.55,9853.01,10843.7,9827.13,10979.53
P04934,Azúcar Ledesma 1Kg x4,Almacén,6948.96,6883.8,6143.26,7248.13,7125.58
P04935,Galletitas Express 170g,Panificados,10405.92,10204.34,12545.66,13233.69,12694.34
P04936,Harina Blancaflor 1Kg,Almacén,9322.13,10638.17,8888.73,10219.73,8456.03
P04937,Queso Rallado La Paulina 40g,Lácteos,2335.98,2262.3,2382.87,1978.63,2356.85
P04938,Jugo Baggio Multifruta 1L,Bebidas,10665.62,12047.3,10240.88,11385.86,10983.41
P04939,Queso Cremoso Tregar 1Kg,Lácteos,6212.61,6137.73,6371.78,6724.07,6335.8
P04940,Papel Higiénico Higienol 4 Rollos,Higiene,3043.08,3073.32,3285.48,3720.19,3871.45
P04941,Desodorante Poett Primavera 900ml,Limpieza,1259.05,1228.13,1412.65,1242.84,1257.73
P04942,Arroz Gallo Oro 1Kg,Almacén,5954.8,4859.26,5841.29,5825.02,6083.2
P04943,Yogur Ser Vainilla 1Kg,Lácteos,8749.49,9156.55,6775.85,9236.71,8469.06
P04944,Yerba Taragüi 1Kg,Almacén,6751.55,6693.15,6394.3,8089.54,7921.99
P04945,Cerveza Heineken 1L,Bebidas,9479.53,9382.81,9394.4,12130.75,10869.11
P04946,Desodorante Poett Primavera 900ml x4,Limpieza,9803.76,11451.61,10037.92,9854.23,9870.03
P04947,Pan de Campo Bimbo 500g,Panificados,7852.04,9697.1,9642.9,9111.65,7918.5
P04948,Pepsi 2.25L,Bebidas,11525.58,10574.56,10690.77,12768.96,10149.87
P04949,Suavizante Comfort 900ml,Limpieza,11989.24,12729.93,12846.21,10170.78,11828.22
P04950,Agua Villavicencio 2.25L,Bebidas,6594.71,7158.1,8076.26,6756.44,7747.07
P04951,Aceite Natura Girasol 1.5L,Almacén,5458.5,4853.04,5994.79,5201.43,4593.64
P04952,Jabón Dove Original 90g,Higiene,8998.68,9061.7,9025.91,9078.99,9642.07
P04953,Manteca Sancor 200g,Lácteos,11095.3,11129.93,12332.22,11890.24,10968.69
P04954,Jugo Baggio Multifruta 1L,Bebidas,7566.92,6131.31,7812.23,7282.01,6990.71
P04955,Desodorante Rexona Hombre 150ml,Higiene,12060.13,12134.33,10203.43,12647.12,12725.02
P04956,Pan Lactal Fargo 600g,Panificados,12049.15,11286.44,12343.41,12078.05,9219.42
P04957,Coca-Cola 2.25L,Bebidas,4722.38,4359.02,5413.41,5254.44,5268.11
P04958,Papel Higiénico Higienol 4 Rollos,Higiene,2815.12,2734.56,2493.17,2594.92,2640.47
P04959,Azúcar Ledesma 1Kg,Almacén,6549.97,6936.04,5977.96,6053.88,7206.84
P04960,Agua Villavicencio 2.25L,Bebidas,2435.54,2377.6,2577.78,2529.83,2055.08
P04961,Detergente Magistral Limón 750ml,Limpieza,1772.76,1797.54,1733.64,1503.24,1848.57
P04962,Arroz Gallo Oro 1Kg,Almacén,8703.62,10974.91,9251.88,8952.06,10301.66
P04963,Jabón Dove Original 90g x2,Higiene,4291.96,3246.25,3493.74,3278.31,3272.37
P04964,Jabón en Polvo Ala 3Kg x4,Limpieza,1831.17,1682.3,1515.82,1424.65,1830.46
P04965,Papel Higiénico Higienol 4 Rollos x4,Higiene,6132.84,6168.59,6664.1,6355.26,6329.23
P04966,Shampoo Pantene Restauración 400ml x5,Higiene,4227.69,5268.75,4637.66,4306.72,3994.75
P04967,Galletitas Chocolinas 170g,Panificados,9548.75,8524.56,9034.25,9880.63,9877.65
P04968,Arroz Gallo Oro 1Kg,Almacén,9156.11,8472.76,8951.54,7876.33,7126.72
P04969,Queso Rallado La Paulina 40g,Lácteos,10923.68,9703.42,11995.88,10670.3,12781.64
P04970,Cerveza Quilmes 1L x4,Bebidas,9674.7,8852.65,10034.77,8785.8,8243.17
P04971,Azúcar Ledesma 1Kg,Almacén,6615.32,5724.08,6594.12,6624.72,6848.31
P04972,Desodorante Rexona Hombre 150ml x4,Higiene,7331.56,7063.42,8602.55,7300.36,7327.38
P04973,Cerveza Heineken 1L,Bebidas,2307.0,2186.51,2691.16,2731.0,2465.03
P04974,Detergente Magistral Limón 750ml,Limpieza,2871.15,2961.5,3502.21,2862.59,3853.3
P04975,Cerveza Quilmes 1L,Bebidas,1318.75,1360.41,1319.42,1361.62,1375.59
P04976,Pepsi 2.25L,Bebidas,7197.16,8481.8,6648.31,9005.2,7271.31
P04977,Bizcochitos Don Satur 200g,Panificados,5984.53,6071.48,6191.37,6094.1,7293.05
P04978,Pan Lactal Fargo 600g x5,Panificados,4698.75,4195.5,3750.62,3993.71,3648.73
P04979,Desodorante Poett Primavera 900ml,Limpieza,10171.33,13344.95,11278.0,10605.45,10999.56
P04980,Lavandina Ayudín 1L,Limpieza,8504.97,7470.44,9090.34,7048.42,7055.11
P04981,Yogur Ser Vainilla 1Kg,Lácteos,7162.88,6172.34,5635.73,7492.44,6127.5
P04982,Cerveza Quilmes 1L,Bebidas,2034.0,2049.92,1810.82,1725.94,1734.45
P04983,Pan Lactal Fargo 600g,Panificados,1551.49,1549.78,1336.78,1379.08,1301.4
P04984,Galletitas Chocolinas 170g,Panificados,5992.31,5686.95,5064.87,5824.26,5527.85
P04985,Jugo Baggio Multifruta 1L,Bebidas,10614.94,9402.41,9249.11,9890.23,9822.87
P04986,Queso Cremoso Tregar 1Kg,Lácteos,3541.94,3873.59,3680.34,3162.98,3242.88
P04987,Yogur Ser Vainilla 1Kg,Lácteos,8753.46,7376.73,8648.42,8697.27,8362.0
P04988,Suavizante Comfort 900ml,Limpieza,12146.01,12176.83,11254.5,12376.75,12748.03
P04989,Jugo Baggio Multifruta 1L,Bebidas,3849.05,4629.55,4667.59,5068.51,4371.57
P04990,Leche Ilolay Descremada 1L,Lácteos,4150.83,4621.8,4452.5,4851.37,4173.75
P04991,Galletitas Chocolinas 170g,Panificados,7224.77,6467.08,7138.96,7227.55,5509.81
P04992,Jabón en Polvo Ala 3Kg,Limpieza,12740.98,10917.04,11458.6,12002.23,10073.13
P04993,Papel Higiénico Higienol 4 Rollos x4,Higiene,6689.23,7831.11,6214.59,7149.49,6369.93
P04994,Coca-Cola 2.25L,Bebidas,2947.55,3346.55,3207.86,2962.33,2751.53
P04995,Coca-Cola 2.25L x5,Bebidas,11412.04,11309.4,11910.95,11924.91,12028.71
P04996,Jabón Dove Original 90g,Higiene,9030.44,9302.51,9565.67,9980.48,10590.04
P04997,Galletitas Express 170g,Panificados,10182.4,8728.39,8911.64,9698.71,9725.94
P04998,Yogur Ser Vainilla 1Kg,Lácteos,9121.79,8875.02,8390.62,8392.95,9393.57
P04999,Yerba Playadito 1Kg,Almacén,5866.39,5370.17,5407.2,5609.35,6162.48
P05000,Yogur Ser Vainilla 1Kg,Lácteos,2725.49,2538.7,2882.88,2914.33,2922.51
P05001,Bizcochitos Don Satur 200g,Panificados,10697.5,9385.08,10061.05,8890.67,9534.82
P05002,Pan de Campo Bimbo 500g,Panificados,8957.47,11146.38,10173.58,11318.33,11812.61
P05003,Arroz Gallo Oro 1Kg x4,Almacén,7769.03,9158.01,9233.3,8300.65,9008.03
P05004,Azúcar Ledesma 1Kg,Almacén,4522.88,4936.25,5075.18,5288.07,5170.52
P05005,Coca-Cola 2.25L,Bebidas,1355.56,1252.95,1311.82,1611.26,1611.77
P05006,Yerba Taragüi 1Kg,Almacén,9355.88,10918.79,9382.71,9402.52,10782.64
P05007,Cerveza Quilmes 1L x4,Bebidas,10066.28,12780.81,11990.08,11738.45,13363.05
P05008,Harina Blancaflor 1Kg,Almacén,5638.87,5968.89,7428.5,6390.9,7425.96
P05009,Azúcar Ledesma 1Kg,Almacén,9012.84,8793.54,8841.38,8499.54,7030.96
P05010,Arroz Gallo Oro 1Kg,Almacén,12829.23,11489.96,10328.26,9761.32,12312.77
P05011,Leche Ilolay Descremada 1L,Lácteos,3398.25,2979.3,3653.18,3194.0,3956.33
P05012,Harina Blancaflor 1Kg x3,Almacén,7347.16,6807.23,7195.73,5605.27,6038.29
P05013,Galletitas Express 170g,Panificados,1488.76,1648.34,1372.99,1410.34,1597.65
P05014,Harina Blancaflor 1Kg,Almacén,8050.14,8275.73,6769.51,8426.61,6886.16
P05015,Coca-Cola 2.25L,Bebidas,6942.48,6592.2,7118.44,7332.79,6413.28
P05016,Pepsi 2.25L,Bebidas,11877.66,10930.49,12257.56,12434.84,9881.64
P05017,Papel Higiénico Higienol 4 Rollos,Higiene,6972.18,7042.71,5933.27,7649.55,6714.03
P05018,Leche Ilolay Descremada 1L,Lácteos,2404.93,2295.71,2317.96,2428.98,2404.35
P05019,Fideos Matarazzo Spaghetti 500g,Almacén,4092.38,4507.55,3778.0,4090.61,3421.35
P05020,Suavizante Comfort 900ml,Limpieza,3064.79,3398.27,3172.09,2979.63,3218.97
P05021,Harina Blancaflor 1Kg,Almacén,10268.34,8310.97,10247.39,9505.56,10201.05
P05022,Leche La Serenísima Entera 1L,Lácteos,7599.22,8499.76,8262.17,8524.72,8118.0
P05023,Azúcar Ledesma 1Kg,Almacén,7558.94,6710.6,6284.9,7058.81,6702.49
P05024,Harina Blancaflor 1Kg,Almacén,10692.1,11402.51,12539.19,9443.06,10077.06
P05025,Desodorante Poett Primavera 900ml,Limpieza,3648.43,3068.09,2772.59,3193.85,3062.13
P05026,Yerba Playadito 1Kg,Almacén,7777.84,9830.63,8380.98,8884.41,8616.84
P05027,Pan Lactal Fargo 600g,Panificados,11926.9,11375.48,12569.85,11161.28,10406.89
P05028,Jabón en Polvo Ala 3Kg,Limpieza,4197.22,4234.54,4417.66,3381.04,3565.61
P05029,Pasta Dental Colgate Total 90g,Higiene,5619.57,6113.69,6046.34,5651.59,7101.01
P05030,Manteca Sancor 200g x4,Lácteos,10269.73,10966.39,10008.82,8832.52,8816.78
P05031,Jugo Baggio Multifruta 1L,Bebidas,6361.39,5808.49,6408.42,6672.53,5027.53
P05032,Yerba Taragüi 1Kg,Almacén,11189.93,12542.42,10366.35,12109.38,12316.48
P05033,Galletitas Chocolinas 170g,Panificados,2791.89,3465.63,3472.45,2604.22,2747.92
P05034,Galletitas Express 170g,Panificados,3593.74,3603.95,3171.05,3190.59,3806.32
P05035,Azúcar Ledesma 1Kg,Almacén,8494.79,10108.92,8444.82,9254.95,8396.0
P05036,Cerveza Quilmes 1L,Bebidas,7284.89,7158.99,6303.75,5501.7,6228.88
P05037,Galletitas Chocolinas 170g,Panificados,3803.38,3466.52,3381.66,3374.58,3185.89
P05038,Coca-Cola 2.25L,Bebidas,10356.57,13381.19,9876.69,9851.22,13315.85
P05039,Queso Rallado La Paulina 40g,Lácteos,9326.51,9612.24,9913.28,7526.66,9398.0
P05040,Yerba Playadito 1Kg x5,Almacén,6816.57,5788.23,5829.27,6428.19,7517.89
P05041,Arroz Gallo Oro 1Kg,Almacén,6861.36,6663.65,7017.57,7546.09,6546.36
P05042,Yerba Playadito 1Kg x2,Almacén,6431.03,6991.5,5825.65,6149.29,7337.68
P05043,Bizcochitos Don Satur 200g,Panificados,5078.92,4664.94,4949.19,4825.22,5616.19
P05044,Pan de Campo Bimbo 500g,Panificados,10808.38,11417.41,10056.03,12378.6,12048.54
P05045,Cerveza Quilmes 1L,Bebidas,1410.61,1390.96,1436.01,1444.75,1582.38
P05046,Lavandina Ayudín 1L,Limpieza,13263.88,9975.9,10683.6,11355.66,11744.86
P05047,Desodorante Poett Primavera 900ml,Limpieza,10031.01,10542.96,9688.99,12018.7,11564.38
P05048,Cerveza Quilmes 1L,Bebidas,4531.06,4762.97,4266.75,5288.07,5122.31
P05049,Shampoo Pantene Restauración 400ml,Higiene,10525.64,10406.51,9946.24,8130.92,8952.16
P05050,Suavizante Comfort 900ml,Limpieza,1530.86,1597.17,1493.74,1660.23,2009.57
P05051,Desodorante Poett Primavera 900ml,Limpieza,8682.61,6886.02,9075.2,8924.37,8911.9
P05052,Galletitas Express 170g,Panificados,1070.45,1103.98,1162.13,918.04,1104.0
P05053,Manteca Sancor 200g,Lácteos,13296.76,11921.0,9784.1,11470.8,12040.55
P05054,Agua Villavicencio 2.25L x2,Bebidas,3047.47,3164.2,3342.02,2846.93,3447.23
P05055,Pepsi 2.25L x5,Bebidas,5281.16,6973.48,6986.56,6705.63,5451.14
P05056,Bizcochitos Don Satur 200g,Panificados,9732.87,12743.37,13059.12,12331.37,9700.5
P05057,Suavizante Comfort 900ml,Limpieza,4245.46,4460.67,4734.47,4493.48,3797.97
P05058,Suavizante Comfort 900ml,Limpieza,815.35,747.65,745.34,612.4,685.35
P05059,Papel Higiénico Higienol 4 Rollos,Higiene,7801.94,9508.66,8416.9,9462.6,9375.81
P05060,Yogur Ser Vainilla 1Kg,Lácteos,1856.36,1884.47,1924.91,1885.25,1845.21
P05061,Suavizante Comfort 900ml,Limpieza,11805.91,12499.08,10627.19,13049.7,12875.85
P05062,Pan Lactal Fargo 600g,Panificados,4141.37,3766.87,3585.32,4096.01,3757.15
P05063,Jugo Baggio Multifruta 1L,Bebidas,6067.45,5275.78,5556.39,5309.77,6613.52
P05064,Pepsi 2.25L,Bebidas,5495.29,6027.52,6710.72,6434.22,6792.06
P05065,Leche Ilolay Descremada 1L,Lácteos,1004.13,940.05,1033.39,837.41,943.92
P05066,Pan de Campo Bimbo 500g,Panificados,7544.08,6385.61,6918.11,5666.03,7578.38
P05067,Queso Rallado La Paulina 40g,Lácteos,2895.05,2537.41,2919.35,3080.73,3319.69
P05068,Galletitas Express 170g,Panificados,13452.05,10273.76,10512.43,11429.04,9980.19
P05069,Pepsi 2.25L,Bebidas,7557.74,8901.17,9042.41,9041.71,8639.5
P05070,Cerveza Quilmes 1L,Bebidas,4123.11,4586.55,3662.82,3850.06,4238.7
P05071,Pan de Campo Bimbo 500g x5,Panificados,8698.51,11499.9,10541.78,9855.53,8712.92
P05072,Galletitas Express 170g,Panificados,3510.09,3467.12,4242.24,3686.64,3389.12
P05073,Pasta Dental Colgate Total 90g x3,Higiene,7672.67,6907.82,7653.4,7831.46,6091.78
P05074,Suavizante Comfort 900ml,Limpieza,4831.19,5090.13,5113.98,5800.48,5747.15
P05075,Pepsi 2.25L,Bebidas,4140.13,4754.48,4090.52,5139.88,4811.92
P05076,Suavizante Comfort 900ml,Limpieza,9703.88,11190.1,9563.7,8426.48,11353.47
P05077,Jabón en Polvo Ala 3Kg,Limpieza,12166.45,11307.22,12415.4,11609.36,12186.81
P05078,Galletitas Chocolinas 170g,Panificados,5047.85,4766.0,4750.85,4518.9,4095.65
P05079,Galletitas Chocolinas 170g x5,Panificados,2313.57,2813.42,2697.24,2655.38,2814.45
P05080,Bizcochitos Don Satur 200g,Panificados,6654.59,5969.48,7175.38,5680.2,7035.45
P05081,Pan Lactal Fargo 600g,Panificados,10837.38,10552.02,9898.0,10864.68,11465.67
P05082,Yerba Playadito 1Kg,Almacén,1876.69,2169.0,2221.9,2053.34,2091.67
P05083,Fideos Matarazzo Spaghetti 500g,Almacén,7105.88,7571.81,7027.43,7575.99,7352.07
P05084,Queso Rallado La Paulina 40g x5,Lácteos,2204.31,2475.5,2885.54,2359.97,2243.64
P05085,Queso Cremoso Tregar 1Kg,Lácteos,10156.68,9817.43,10995.02,12391.07,11512.42
P05086,Jugo Baggio Multifruta 1L,Bebidas,9227.0,9089.08,8834.65,7883.49,7331.26
P05087,Pan Lactal Fargo 600g,Panificados,3491.87,3572.91,3286.34,3325.79,3680.25
P05088,Queso Rallado La Paulina 40g,Lácteos,1644.48,1616.15,1497.12,1631.52,1478.48
P05089,Cerveza Quilmes 1L,Bebidas,9381.74,9046.37,7859.8,9631.27,7575.78
P05090,Pan de Campo Bimbo 500g,Panificados,1344.66,1218.44,1439.17,1666.93,1560.12
P05091,Leche Ilolay Descremada 1L,Lácteos,11767.87,11886.52,11631.03,10872.3,11532.82
P05092,Jabón Dove Original 90g,Higiene,1110.22,1373.51,1306.01,1256.16,1423.21
P05093,Lavandina Ayudín 1L,Limpieza,2491.37,2580.18,2186.36,2128.03,2441.73
P05094,Queso Rallado La Paulina 40g,Lácteos,7279.26,6630.96,7312.61,6536.61,7012.07
P05095,Jabón Dove Original 90g,Higiene,4526.43,4421.98,5032.28,5149.77,4521.49
P05096,Desodorante Rexona Hombre 150ml,Higiene,10541.7,9539.17,9305.26,8307.91,8127.8
P05097,Harina Blancaflor 1Kg,Almacén,4469.52,4665.06,4971.0,5027.12,5019.37
P05098,Leche Ilolay Descremada 1L,Lácteos,3689.71,3491.16,2844.5,3217.5,2824.27
P05099,Leche Ilolay Descremada 1L x4,Lácteos,1301.06,1346.91,1550.7,1457.2,1452.65
P05100,Papel Higiénico Higienol 4 Rollos,Higiene,9003.09,9520.85,8544.3,8848.59,8904.3
P05101,Yogur Ser Vainilla 1Kg,Lácteos,10781.37,10341.71,11172.04,9938.36,10420.28
P05102,Yerba Playadito 1Kg,Almacén,7402.54,6742.38,6745.83,6057.72,7965.94
P05103,Cerveza Quilmes 1L,Bebidas,11911.52,10885.6,10535.11,13485.62,11002.64
P05104,Desodorante Rexona Hombre 150ml x3,Higiene,10237.7,9310.47,9283.76,12351.15,11780.39
P05105,Cerveza Quilmes 1L,Bebidas,3601.96,3737.39,4836.72,4377.05,4393.51
P05106,Leche Ilolay Descremada 1L,Lácteos,3801.84,3675.18,4311.32,4548.26,4648.21
P05107,Harina Blancaflor 1Kg x3,Almacén,5045.72,4439.05,4697.39,4473.13,4184.59
P05108,Queso Cremoso Tregar 1Kg,Lácteos,1737.11,1426.65,1417.24,1670.67,1637.38
P05109,Queso Cremoso Tregar 1Kg,Lácteos,1770.27,1691.06,1679.92,1803.1,1606.89
P05110,Cerveza Quilmes 1L,Bebidas,5487.9,5196.43,4828.89,5301.86,5084.49
P05111,Yerba Playadito 1Kg,Almacén,6809.89,8571.13,8005.54,9301.43,8952.23
P05112,Desodorante Poett Primavera 900ml,Limpieza,5061.86,5668.49,6783.64,6941.45,5791.45
P05113,Yerba Taragüi 1Kg,Almacén,7869.22,9622.03,8406.45,7605.9,9685.9
P05114,Agua Villavicencio 2.25L x2,Bebidas,10566.9,9290.28,9570.61,9792.33,11076.72
P05115,Jabón Dove Original 90g x2,Higiene,6644.38,8225.55,7116.35,8407.5,6991.24
P05116,Suavizante Comfort 900ml x5,Limpieza,6816.65,8586.98,9137.9,9090.05,9091.37
P05117,Bizcochitos Don Satur 200g,Panificados,9404.33,9973.39,9957.37,11198.54,10783.63
P05118,Pan de Campo Bimbo 500g,Panificados,10078.77,10088.54,9283.26,11578.47,9578.24
P05119,Jabón Dove Original 90g,Higiene,7491.79,7305.17,6646.03,8099.51,7915.63
P05120,Desodorante Poett Primavera 900ml,Limpieza,6169.91,7976.28,8013.59,6590.32,7005.37
P05121,Suavizante Comfort 900ml,Limpieza,1047.55,847.83,1058.08,1014.86,1073.17
P05122,Detergente Magistral Limón 750ml,Limpieza,7038.85,5972.18,6115.51,5222.24,5487.88
P05123,Leche La Serenísima Entera 1L,Lácteos,2485.16,2567.19,2045.89,2289.46,1974.65
P05124,Pan Lactal Fargo 600g,Panificados,7555.09,7056.64,7535.99,7942.7,7206.95
P05125,Pan Lactal Fargo 600g,Panificados,9494.58,8933.0,8449.44,8341.14,9893.68
P05126,Aceite Natura Girasol 1.5L,Almacén,10762.92,11289.33,8940.32,8292.58,8806.33
P05127,Queso Cremoso Tregar 1Kg,Lácteos,10308.87,8869.14,8680.6,9567.03,10744.34
P05128,Arroz Gallo Oro 1Kg,Almacén,3911.3,3933.77,4404.22,3925.06,4580.06
P05129,Cerveza Heineken 1L x2,Bebidas,6022.04,5299.51,5473.7,5765.92,6181.7
P05130,Pasta Dental Colgate Total 90g x5,Higiene,9905.57,9509.48,9824.07,10777.82,8671.05
P05131,Suavizante Comfort 900ml,Limpieza,5996.24,6231.28,5078.25,5422.66,6227.64
P05132,Coca-Cola 2.25L,Bebidas,12782.55,11775.47,12222.66,12153.86,10243.1
P05133,Queso Rallado La Paulina 40g,Lácteos,10084.4,12891.93,9620.57,11042.75,12042.44
P05134,Jabón Dove Original 90g,Higiene,7249.85,6657.99,7430.07,7349.05,7946.51
P05135,Leche La Serenísima Entera 1L x5,Lácteos,3840.41,4088.53,4550.27,4478.87,3777.29
P05136,Pan de Campo Bimbo 500g,Panificados,2141.43,2167.71,2305.46,2259.85,2510.47
P05137,Queso Cremoso Tregar 1Kg,Lácteos,5960.27,7648.65,6583.26,7123.28,7350.51
P05138,Yogur Ser Vainilla 1Kg,Lácteos,6871.59,6580.04,6165.36,6165.99,5640.68
P05139,Harina Blancaflor 1Kg,Almacén,10030.04,9611.54,9825.33,8565.15,9093.44
P05140,Aceite Natura Girasol 1.5L x3,Almacén,9916.48,9374.63,9647.69,9945.41,9686.23
P05141,Bizcochitos Don Satur 200g,Panificados,9630.31,10083.63,8121.72,10439.89,10166.69
P05142,Suavizante Comfort 900ml,Limpieza,7817.08,6637.79,7740.98,6918.39,7680.33
P05143,Shampoo Pantene Restauración 400ml,Higiene,6958.21,6350.42,7097.56,7761.37,6419.61
P05144,Lavandina Ayudín 1L,Limpieza,4200.14,3243.97,4103.74,3477.59,3750.04
P05145,Yerba Playadito 1Kg,Almacén,2959.95,3926.28,3184.82,3521.32,3771.77
P05146,Pasta Dental Colgate Total 90g,Higiene,4925.01,5271.8,5046.68,4734.67,4779.92
P05147,Galletitas Express 170g x4,Panificados,9892.13,10436.4,9965.95,10713.19,10948.8
P05148,Jugo Baggio Multifruta 1L,Bebidas,9180.44,11398.63,10162.24,10058.12,10471.63
P05149,Queso Cremoso Tregar 1Kg,Lácteos,7771.2,7859.11,8280.19,6831.37,6406.92
P05150,Coca-Cola 2.25L x2,Bebidas,2319.89,2030.46,2303.63,2198.08,2278.74
P05151,Arroz Gallo Oro 1Kg,Almacén,12066.21,10012.07,11510.95,9134.36,12095.64
P05152,Pasta Dental Colgate Total 90g,Higiene,11285.84,12006.93,10357.13,11097.45,12095.2
P05153,Manteca Sancor 200g,Lácteos,7564.91,7876.67,10393.76,8003.75,8366.32
P05154,Fideos Matarazzo Spaghetti 500g,Almacén,2298.32,1961.58,2230.7,2138.97,2041.41
P05155,Azúcar Ledesma 1Kg,Almacén,6075.63,7450.44,6870.53,5764.02,7641.86
P05156,Fideos Matarazzo Spaghetti 500g,Almacén,9340.55,9040.5,9233.48,8125.37,8326.97
P05157,Leche La Serenísima Entera 1L,Lácteos,8416.2,8616.81,8708.49,9234.44,9364.55
P05158,Aceite Natura Girasol 1.5L x3,Almacén,1433.98,1592.9,1293.24,1497.84,1641.09
P05159,Lavandina Ayudín 1L,Limpieza,9960.14,9944.47,8096.86,8573.78,8812.89
P05160,Jabón en Polvo Ala 3Kg,Limpieza,3379.76,3391.26,2646.01,3126.5,2895.08
P05161,Lavandina Ayudín 1L,Limpieza,7523.65,7664.3,7742.6,7265.81,9472.0
P05162,Fideos Matarazzo Spaghetti 500g x2,Almacén,4408.08,3987.19,4057.76,3658.69,4081.15
P05163,Queso Cremoso Tregar 1Kg x5,Lácteos,8556.01,6895.91,8142.1,8678.99,8814.36
P05164,Jugo Baggio Multifruta 1L x2,Bebidas,6258.26,5569.88,5201.16,5860.42,5036.74
P05165,Jabón Dove Original 90g x5,Higiene,9733.26,10186.82,11139.71,11818.86,12471.51
P05166,Lavandina Ayudín 1L,Limpieza,1633.67,1715.72,1811.22,1773.44,1987.39
P05167,Jabón en Polvo Ala 3Kg,Limpieza,11780.55,12429.63,12242.35,14088.51,11036.13
P05168,Cerveza Quilmes 1L,Bebidas,5703.68,5693.23,5375.32,5126.76,5574.97
P05169,Arroz Gallo Oro 1Kg,Almacén,6085.78,5936.17,5649.9,6644.42,6822.29
P05170,Yogur Ser Vainilla 1Kg,Lácteos,12118.32,9834.66,9636.97,12039.75,12182.77
P05171,Shampoo Pantene Restauración 400ml,Higiene,1889.61,1850.88,1856.66,2031.35,1678.7
P05172,Papel Higiénico Higienol 4 Rollos,Higiene,9011.82,11434.53,11604.72,10638.52,10379.58
P05173,Jabón Dove Original 90g,Higiene,6229.77,5991.35,6081.93,6865.5,6446.85
P05174,Suavizante Comfort 900ml,Limpieza,1061.07,1069.97,1180.66,900.37,968.53
P05175,Galletitas Chocolinas 170g,Panificados,6105.22,6885.37,6948.82,7281.69,6150.23
P05176,Cerveza Quilmes 1L,Bebidas,3867.52,3229.7,3164.73,3202.82,3749.18
P05177,Yogur Ser Vainilla 1Kg,Lácteos,2808.63,3099.71,2540.33,2919.72,2553.78
P05178,Pan Lactal Fargo 600g,Panificados,12223.87,11683.28,12424.26,9508.98,9399.27
P05179,Queso Rallado La Paulina 40g,Lácteos,3590.21,4265.71,3152.22,4119.28,4024.62
P05180,Desodorante Poett Primavera 900ml,Limpieza,2052.92,2494.01,2166.49,2269.12,1922.45
P05181,Arroz Gallo Oro 1Kg,Almacén,1129.48,1008.14,1252.42,1181.26,1387.99
P05182,Manteca Sancor 200g,Lácteos,7419.59,6885.35,6341.75,6182.16,7413.06
P05183,Arroz Gallo Oro 1Kg,Almacén,3941.59,4246.83,4470.39,4397.11,3494.0
P05184,Jugo Baggio Multifruta 1L,Bebidas,5291.06,4014.66,3930.08,5123.56,4888.94
P05185,Suavizante Comfort 900ml,Limpieza,2075.67,1894.24,1596.29,2089.41,1998.83
P05186,Desodorante Poett Primavera 900ml,Limpieza,7122.69,5872.58,6699.39,7151.6,6969.73
P05187,Arroz Gallo Oro 1Kg,Almacén,10745.64,11962.12,12015.9,10857.91,13000.35
P05188,Bizcochitos Don Satur 200g,Panificados,4843.61,4189.99,3878.28,3731.65,4694.26
P05189,Pepsi 2.25L,Bebidas,7631.4,6588.57,7863.93,5694.56,6862.43
P05190,Fideos Matarazzo Spaghetti 500g,Almacén,9966.64,9930.5,10555.29,9929.03,9821.81
P05191,Aceite Natura Girasol 1.5L x2,Almacén,6612.45,6613.98,6625.62,6842.67,7285.62
P05192,Leche Ilolay Descremada 1L,Lácteos,5893.32,5463.44,5497.22,7220.07,6804.64
P05193,Cerveza Heineken 1L,Bebidas,9939.85,9794.51,10417.17,8712.35,8046.74
P05194,Aceite Natura Girasol 1.5L,Almacén,5651.02,5089.77,4212.37,4759.88,4807.16
P05195,Leche Ilolay Descremada 1L,Lácteos,1390.48,1433.02,1463.71,1200.78,1240.41
P05196,Azúcar Ledesma 1Kg,Almacén,4887.1,3833.81,4522.6,4112.32,4983.1
P05197,Shampoo Pantene Restauración 400ml,Higiene,3343.68,3233.2,3197.39,2811.73,2883.18
P05198,Suavizante Comfort 900ml,Limpieza,928.2,924.87,869.24,859.34,1029.4
P05199,Shampoo Pantene Restauración 400ml,Higiene,1363.54,1407.49,1155.24,1424.9,1110.82
P05200,Pan Lactal Fargo 600g,Panificados,8856.63,10541.6,10354.78,8913.4,10166.26
P05201,Yerba Taragüi 1Kg,Almacén,11668.68,10967.78,11066.27,12899.23,10806.83
P05202,Detergente Magistral Limón 750ml,Limpieza,8674.46,8143.25,8323.64,9095.56,9276.64
P05203,Cerveza Quilmes 1L,Bebidas,9879.37,11672.72,10155.97,12555.09,13085.74
P05204,Pepsi 2.25L,Bebidas,10098.19,9808.87,10222.09,10294.11,9557.04
P05205,Leche La Serenísima Entera 1L,Lácteos,2530.19,2751.16,3046.33,2390.43,2765.25
P05206,Aceite Natura Girasol 1.5L,Almacén,9303.98,9732.46,8167.04,9919.06,10360.36
P05207,Harina Blancaflor 1Kg,Almacén,6364.34,6514.84,5355.6,6325.81,5191.41
P05208,Desodorante Rexona Hombre 150ml,Higiene,8780.02,10758.98,11339.75,11050.24,10901.6
P05209,Jabón Dove Original 90g,Higiene,3316.28,3709.41,4048.65,3570.96,3637.12
P05210,Arroz Gallo Oro 1Kg,Almacén,6653.77,6752.06,7328.67,6659.62,7825.35
P05211,Cerveza Quilmes 1L,Bebidas,2890.02,2923.68,2522.38,2397.76,2736.36
P05212,Pepsi 2.25L,Bebidas,5883.26,5922.22,5966.92,6114.25,5999.42
P05213,Queso Cremoso Tregar 1Kg x3,Lácteos,6368.5,6475.23,6862.06,6202.9,6659.76
P05214,Pepsi 2.25L,Bebidas,7378.22,8460.87,7278.19,9030.34,7751.92
P05215,Harina Blancaflor 1Kg,Almacén,1767.04,2028.42,1794.95,1677.32,1694.09
P05216,Yogur Ser Vainilla 1Kg,Lácteos,1917.08,1532.06,1400.16,1615.9,1497.81
P05217,Leche Ilolay Descremada 1L,Lácteos,2749.83,3201.52,3487.76,2734.75,3382.17
P05218,Bizcochitos Don Satur 200g,Panificados,5895.71,4997.2,4954.41,5908.42,6563.96
P05219,Fideos Matarazzo Spaghetti 500g,Almacén,771.19,922.35,787.88,980.79,857.46
P05220,Jabón en Polvo Ala 3Kg,Limpieza,7544.7,7925.77,7915.5,7311.66,8163.05
P05221,Desodorante Poett Primavera 900ml x4,Limpieza,6510.13,6562.39,6421.4,7428.71,6255.37
P05222,Harina Blancaflor 1Kg x4,Almacén,3243.01,3020.52,3432.24,3353.41,3616.43
P05223,Manteca Sancor 200g,Lácteos,6728.88,5849.39,6756.6,7101.17,7053.41
P05224,Agua Villavicencio 2.25L,Bebidas,3611.25,4342.77,3719.7,4406.56,4212.99
P05225,Galletitas Express 170g,Panificados,1890.21,2123.94,1781.59,1696.22,1671.08
P05226,Suavizante Comfort 900ml,Limpieza,7218.45,7650.24,7412.87,7679.21,6645.0
P05227,Shampoo Pantene Restauración 400ml x5,Higiene,7569.87,8086.1,6999.13,7697.57,7778.87
P05228,Arroz Gallo Oro 1Kg,Almacén,9906.16,11756.95,10748.76,9911.19,10211.94
P05229,Leche La Serenísima Entera 1L,Lácteos,1067.72,1335.95,1221.95,1018.9,1225.29
P05230,Jugo Baggio Multifruta 1L,Bebidas,11928.17,9055.06,10191.52,11773.31,9079.08
P05231,Pan de Campo Bimbo 500g,Panificados,2628.06,3325.2,3056.0,3254.93,2923.82
P05232,Jabón Dove Original 90g,Higiene,10669.46,10385.54,10235.9,10739.7,9775.48
P05233,Queso Cremoso Tregar 1Kg,Lácteos,4537.48,3615.8,4112.45,4030.31,4174.44
P05234,Queso Rallado La Paulina 40g,Lácteos,11379.61,10593.81,11136.4,11081.8,8944.59
P05235,Pepsi 2.25L,Bebidas,10111.38,10001.35,12682.63,10443.85,11334.48
P05236,Leche Ilolay Descremada 1L x5,Lácteos,8057.52,7484.97,6394.35,7811.46,7227.26
P05237,Shampoo Pantene Restauración 400ml,Higiene,9961.01,11855.5,9557.73,9313.59,9578.34
P05238,Yerba Playadito 1Kg,Almacén,5658.19,4977.75,6095.57,5994.22,5678.84
P05239,Papel Higiénico Higienol 4 Rollos,Higiene,4610.44,4473.97,3986.19,4028.84,4803.92
P05240,Queso Rallado La Paulina 40g,Lácteos,11319.31,10714.91,11519.72,12679.95,11148.02
P05241,Aceite Natura Girasol 1.5L,Almacén,10316.38,11341.94,11756.82,13010.91,11126.81
P05242,Pan Lactal Fargo 600g,Panificados,9283.38,9093.69,7397.63,8119.79,9260.96
P05243,Jabón Dove Original 90g,Higiene,3120.86,4117.36,3633.56,3221.79,3465.26
P05244,Cerveza Quilmes 1L x3,Bebidas,2759.84,2599.8,2076.46,2609.13,2741.11
P05245,Papel Higiénico Higienol 4 Rollos,Higiene,12206.77,9923.14,10362.93,12322.07,9435.61
P05246,Suavizante Comfort 900ml,Limpieza,10098.16,7990.15,7577.72,9538.21,9904.26
P05247,Cerveza Heineken 1L,Bebidas,11156.28,9198.26,9192.54,10024.94,9195.18
P05248,Jabón en Polvo Ala 3Kg,Limpieza,4414.14,5048.84,3889.9,3727.16,3740.04
P05249,Lavandina Ayudín 1L x4,Limpieza,5423.77,7418.51,7404.3,6827.96,5957.27
P05250,Pasta Dental Colgate Total 90g,Higiene,7432.0,8277.72,7995.67,9010.54,7748.75
P05251,Leche Ilolay Descremada 1L,Lácteos,11803.0,12883.08,9749.84,13044.19,11672.69
P05252,Coca-Cola 2.25L x3,Bebidas,11331.27,12590.27,11398.9,12005.28,11143.13
P05253,Pasta Dental Colgate Total 90g,Higiene,1184.98,1105.38,1035.09,1046.72,982.12
P05254,Pan Lactal Fargo 600g x3,Panificados,1100.31,1353.61,1230.97,1366.5,1141.55
P05255,Desodorante Poett Primavera 900ml x3,Limpieza,11007.28,9676.66,11357.67,11603.58,12639.2
P05256,Jabón en Polvo Ala 3Kg,Limpieza,5788.45,6947.34,6245.74,7298.08,7256.8
P05257,Queso Rallado La Paulina 40g x2,Lácteos,6622.18,6573.41,8341.4,8682.18,8806.15
P05258,Jugo Baggio Multifruta 1L x3,Bebidas,5077.6,5857.95,5527.6,5799.18,5197.93
P05259,Fideos Matarazzo Spaghetti 500g,Almacén,3653.89,3663.72,3554.89,3293.74,3114.62
P05260,Desodorante Rexona Hombre 150ml,Higiene,7821.46,8292.79,8636.36,7230.93,8997.95
P05261,Desodorante Poett Primavera 900ml,Limpieza,2252.57,1788.41,2404.91,2110.12,2074.12
P05262,Detergente Magistral Limón 750ml,Limpieza,11805.65,11762.02,11305.47,12245.98,12077.61
P05263,Galletitas Express 170g,Panificados,4821.76,6423.66,6250.66,5166.72,6402.82
P05264,Azúcar Ledesma 1Kg,Almacén,12748.81,10013.83,11704.09,11974.79,10176.72
P05265,Yerba Playadito 1Kg,Almacén,6540.25,5751.17,6422.58,7310.9,7204.84
P05266,Yerba Taragüi 1Kg,Almacén,4699.15,4219.18,4773.72,4539.54,5315.8
P05267,Jugo Baggio Multifruta 1L,Bebidas,1762.34,1505.9,1990.19,1737.42,1829.14
P05268,Yerba Playadito 1Kg,Almacén,7489.2,6643.53,8800.1,8011.71,7380.89
P05269,Lavandina Ayudín 1L,Limpieza,9811.41,10579.51,10732.94,8845.13,11376.59
P05270,Queso Cremoso Tregar 1Kg,Lácteos,10579.22,10751.21,10920.25,9167.58,9364.6
P05271,Aceite Natura Girasol 1.5L,Almacén,9799.19,8665.25,8958.27,10602.21,9605.34
P05272,Galletitas Chocolinas 170g,Panificados,5636.71,6348.81,5705.81,7467.89,7563.44
P05273,Detergente Magistral Limón 750ml,Limpieza,1452.18,1580.97,1391.83,1451.15,1492.0
P05274,Aceite Natura Girasol 1.5L,Almacén,12465.68,11630.52,9800.82,11525.13,13136.27
P05275,Cerveza Quilmes 1L,Bebidas,2861.52,3699.79,2906.56,2824.18,3448.57
P05276,Pasta Dental Colgate Total 90g,Higiene,6914.27,8390.45,8841.45,7035.5,8111.22
P05277,Jabón en Polvo Ala 3Kg x5,Limpieza,3661.54,3213.22,3642.86,3898.69,3857.54
P05278,Coca-Cola 2.25L,Bebidas,5227.51,5384.42,5086.24,5150.65,6446.25
P05279,Desodorante Rexona Hombre 150ml,Higiene,1953.09,2205.56,1827.87,2313.61,1926.52
P05280,Papel Higiénico Higienol 4 Rollos x2,Higiene,9713.56,11319.4,12552.96,11084.77,10953.4
P05281,Suavizante Comfort 900ml,Limpieza,7647.66,9815.03,10229.91,8269.3,8681.77
P05282,Coca-Cola 2.25L,Bebidas,10104.4,8262.64,8564.7,8149.45,10533.83
P05283,Bizcochitos Don Satur 200g,Panificados,1684.97,1425.47,1327.02,1558.48,1549.15
P05284,Azúcar Ledesma 1Kg,Almacén,9277.76,10309.0,11068.29,10698.24,10241.98
P05285,Queso Cremoso Tregar 1Kg,Lácteos,10428.48,11141.35,11046.32,11318.64,9406.35
P05286,Cerveza Quilmes 1L,Bebidas,9246.44,7469.44,8396.43,8286.71,9330.29
P05287,Yerba Playadito 1Kg,Almacén,5545.66,5475.56,5676.25,6813.08,6525.59
P05288,Pan de Campo Bimbo 500g,Panificados,3373.83,3360.41,4140.29,3907.51,3239.9
P05289,Jugo Baggio Multifruta 1L,Bebidas,7012.17,7144.21,7436.43,6940.39,8091.91
P05290,Leche Ilolay Descremada 1L,Lácteos,9370.64,10688.93,10406.94,10136.66,11420.22
P05291,Harina Blancaflor 1Kg,Almacén,8074.42,8738.37,8281.99,10521.4,9749.55
P05292,Pepsi 2.25L x4,Bebidas,5897.27,4758.95,6308.88,6251.36,5947.84
P05293,Aceite Natura Girasol 1.5L,Almacén,1569.19,1228.26,1367.34,1448.69,1379.13
P05294,Pepsi 2.25L,Bebidas,2546.39,2263.48,2835.43,2665.93,2365.36
P05295,Queso Rallado La Paulina 40g,Lácteos,6650.36,6780.38,5968.23,6039.38,5909.08
P05296,Cerveza Quilmes 1L,Bebidas,10967.51,12620.67,12801.23,9960.32,12587.07
P05297,Coca-Cola 2.25L,Bebidas,6516.27,6151.06,6595.91,7529.35,5558.91
P05298,Agua Villavicencio 2.25L,Bebidas,4300.64,5338.32,5212.74,5231.6,5303.3
P05299,Cerveza Heineken 1L,Bebidas,7892.82,8309.18,8056.28,8514.32,6558.31
P05300,Desodorante Rexona Hombre 150ml,Higiene,9869.85,11518.81,11362.21,10143.05,12517.36
P05301,Jabón en Polvo Ala 3Kg,Limpieza,3045.21,3263.21,2614.35,3024.27,3061.82
P05302,Galletitas Express 170g,Panificados,12179.42,10823.25,12679.97,10898.68,11520.07
P05303,Bizcochitos Don Satur 200g,Panificados,5792.64,5840.07,7736.47,7142.51,6628.69
P05304,Lavandina Ayudín 1L,Limpieza,5326.31,4927.82,4099.85,3971.89,5287.57
P05305,Queso Rallado La Paulina 40g,Lácteos,1042.82,1018.0,1076.44,1044.27,1269.78
P05306,Detergente Magistral Limón 750ml,Limpieza,6709.89,7513.38,8264.04,7299.96,7910.28
P05307,Pepsi 2.25L x2,Bebidas,4887.3,3790.13,3682.94,3812.71,4788.92
P05308,Leche Ilolay Descremada 1L,Lácteos,10823.52,12025.82,9758.68,9883.77,9485.09
P05309,Yerba Taragüi 1Kg,Almacén,4055.18,4032.42,4434.92,4098.1,3707.68
P05310,Bizcochitos Don Satur 200g x5,Panificados,7233.18,6304.85,7064.15,8006.67,7484.41
P05311,Yerba Taragüi 1Kg,Almacén,8965.07,6610.44,8863.34,6991.77,7825.2
P05312,Shampoo Pantene Restauración 400ml,Higiene,6760.19,8341.9,6705.95,6123.85,7442.04
P05313,Desodorante Rexona Hombre 150ml,Higiene,10961.89,10394.95,9721.27,10792.24,9305.07
P05314,Arroz Gallo Oro 1Kg,Almacén,7102.97,6834.09,6344.42,6435.9,6209.24
P05315,Shampoo Pantene Restauración 400ml,Higiene,8213.95,7474.9,7587.4,8423.74,7525.91
P05316,Leche La Serenísima Entera 1L,Lácteos,4019.49,4994.85,5472.83,5354.73,4493.29
P05317,Galletitas Express 170g,Panificados,2530.86,2885.64,2264.78,2824.9,3088.93
P05318,Papel Higiénico Higienol 4 Rollos,Higiene,3507.41,3744.23,2746.11,3724.18,3502.38
P05319,Desodorante Rexona Hombre 150ml,Higiene,6879.08,6143.77,6554.2,7427.26,7269.62
P05320,Jabón Dove Original 90g,Higiene,6298.65,5759.59,5256.97,6775.77,6182.09
P05321,Jabón en Polvo Ala 3Kg,Limpieza,3086.98,2541.82,3244.14,2723.93,2827.52
P05322,Galletitas Chocolinas 170g x4,Panificados,1784.21,1479.68,1916.78,1819.48,1829.23
P05323,Desodorante Poett Primavera 900ml,Limpieza,12107.33,10449.3,13616.48,11261.54,11140.92
P05324,Yerba Playadito 1Kg,Almacén,8942.95,11093.6,11289.49,9176.67,10909.29
P05325,Pan Lactal Fargo 600g,Panificados,4282.75,4778.0,4250.16,3532.92,4307.34
P05326,Agua Villavicencio 2.25L x5,Bebidas,7370.39,6654.91,8000.58,8693.32,8498.78
P05327,Queso Rallado La Paulina 40g,Lácteos,8958.49,9093.47,8537.41,8653.81,9538.13
P05328,Fideos Matarazzo Spaghetti 500g,Almacén,3877.64,5287.66,5006.97,3836.31,4198.05
P05329,Yerba Playadito 1Kg,Almacén,4998.66,4906.35,5679.91,5112.4,5319.81
P05330,Jabón Dove Original 90g,Higiene,7822.46,8936.25,9381.0,7735.78,9527.34
P05331,Azúcar Ledesma 1Kg x2,Almacén,4221.12,4810.62,5032.62,4987.98,5008.18
P05332,Jabón en Polvo Ala 3Kg x3,Limpieza,5368.77,5578.27,4514.07,5355.4,5352.42
P05333,Yerba Taragüi 1Kg,Almacén,7724.19,8652.34,7677.58,7685.59,9337.38
P05334,Yogur Ser Vainilla 1Kg,Lácteos,8937.27,8636.77,7602.79,6912.99,9261.39
P05335,Manteca Sancor 200g,Lácteos,7304.46,7541.87,6886.34,6260.06,6143.6
P05336,Queso Cremoso Tregar 1Kg,Lácteos,3077.14,2441.42,2673.13,2619.6,2741.46
P05337,Jugo Baggio Multifruta 1L,Bebidas,2932.57,2455.77,2957.39,2440.75,2541.7
P05338,Cerveza Quilmes 1L,Bebidas,11240.1,11058.88,11015.66,9091.66,9061.51
P05339,Leche La Serenísima Entera 1L,Lácteos,5154.98,4913.45,4877.02,5477.51,5688.8
P05340,Azúcar Ledesma 1Kg,Almacén,7323.79,5624.96,6183.79,6675.46,7190.31
P05341,Azúcar Ledesma 1Kg,Almacén,3501.16,3716.79,4363.14,3436.11,3597.36
P05342,Coca-Cola 2.25L,Bebidas,3703.07,4196.55,4901.56,4543.7,3952.43
P05343,Yerba Playadito 1Kg,Almacén,7183.27,6555.64,5234.13,6506.22,6153.82
P05344,Yerba Taragüi 1Kg x5,Almacén,2818.61,2919.74,2917.56,2788.31,3002.13
P05345,Pan Lactal Fargo 600g,Panificados,1577.35,1613.06,1812.05,1749.24,1570.91
P05346,Suavizante Comfort 900ml,Limpieza,2090.4,1614.31,1794.9,1934.16,1890.82
P05347,Yerba Taragüi 1Kg x4,Almacén,1482.23,1482.08,1518.62,1545.56,1322.84
P05348,Jabón Dove Original 90g,Higiene,1095.35,1025.54,1032.17,1065.96,1058.09
P05349,Lavandina Ayudín 1L,Limpieza,4360.29,3724.2,4323.95,4546.85,3628.28
P05350,Agua Villavicencio 2.25L,Bebidas,3087.68,2603.64,2562.14,2800.71,2865.93
P05351,Cerveza Heineken 1L,Bebidas,4941.76,5989.38,5459.03,6305.49,6346.7
P05352,Coca-Cola 2.25L,Bebidas,4142.01,3858.97,4073.89,4036.21,3295.65
P05353,Agua Villavicencio 2.25L,Bebidas,10172.69,11558.29,11899.46,9799.62,10859.64
P05354,Bizcochitos Don Satur 200g,Panificados,7853.12,7748.35,8042.84,7736.69,9759.7
P05355,Cerveza Heineken 1L,Bebidas,754.41,902.08,778.29,869.55,849.42
P05356,Yerba Taragüi 1Kg,Almacén,889.63,911.26,988.96,797.1,1050.59
P05357,Leche Ilolay Descremada 1L,Lácteos,11900.94,11936.67,10017.57,11103.49,10132.34
P05358,Queso Rallado La Paulina 40g,Lácteos,4179.46,5455.72,4701.32,5465.86,4271.3
P05359,Shampoo Pantene Restauración 400ml,Higiene,6825.51,6626.14,7924.19,8185.24,7378.11
P05360,Queso Rallado La Paulina 40g,Lácteos,8721.33,8142.38,9194.05,7800.14,8889.92
P05361,Yerba Taragüi 1Kg,Almacén,1870.04,2216.69,1942.9,2170.6,1925.9
P05362,Fideos Matarazzo Spaghetti 500g,Almacén,3259.73,3191.6,2482.84,2672.18,3116.2
P05363,Leche Ilolay Descremada 1L,Lácteos,4026.56,4630.06,4577.66,3762.56,3940.52
P05364,Aceite Natura Girasol 1.5L,Almacén,5585.17,6404.75,6531.16,5822.53,5811.62
P05365,Papel Higiénico Higienol 4 Rollos,Higiene,2271.38,1948.22,2551.5,2437.73,1964.99
P05366,Shampoo Pantene Restauración 400ml x3,Higiene,7983.68,8987.66,8877.86,9055.49,6991.97
P05367,Galletitas Express 170g,Panificados,9221.34,11097.36,8644.91,10831.31,8958.16
P05368,Suavizante Comfort 900ml,Limpieza,9534.28,8452.72,9636.76,9191.27,7928.73
P05369,Bizcochitos Don Satur 200g,Panificados,6898.27,5966.21,7356.39,7688.49,6036.46
P05370,Desodorante Poett Primavera 900ml,Limpieza,9917.38,9958.52,9293.33,11167.75,9530.91
P05371,Azúcar Ledesma 1Kg,Almacén,12766.83,9947.63,10124.57,13018.93,10295.26
P05372,Jugo Baggio Multifruta 1L,Bebidas,9732.08,9392.55,8703.52,10309.6,9911.7
P05373,Desodorante Rexona Hombre 150ml,Higiene,9174.08,9619.72,9708.65,8766.05,9504.97
P05374,Detergente Magistral Limón 750ml,Limpieza,6023.16,6446.81,6578.97,7654.01,6930.47
P05375,Queso Rallado La Paulina 40g,Lácteos,9379.25,7637.41,7290.47,9378.02,8454.35
P05376,Pan de Campo Bimbo 500g,Panificados,5385.56,5272.79,6192.4,6594.55,6680.18
P05377,Aceite Natura Girasol 1.5L,Almacén,6021.76,5430.79,6764.83,6271.88,6646.13
P05378,Cerveza Heineken 1L,Bebidas,1376.36,1350.5,1370.55,1359.81,1665.97
P05379,Yogur Ser Vainilla 1Kg x4,Lácteos,11290.11,11104.65,9601.1,11084.13,11907.16
P05380,Pan de Campo Bimbo 500g,Panificados,2955.04,3307.63,2933.55,2798.76,3514.9
P05381,Galletitas Chocolinas 170g,Panificados,1032.87,1005.45,1040.96,1135.96,1170.59
P05382,Leche Ilolay Descremada 1L,Lácteos,1436.95,1596.19,1553.14,1632.65,1470.44
P05383,Fideos Matarazzo Spaghetti 500g x5,Almacén,1796.05,1650.98,1784.17,1643.51,1696.51
P05384,Jabón Dove Original 90g x5,Higiene,10099.6,9743.78,9748.53,12156.61,11760.19
P05385,Lavandina Ayudín 1L,Limpieza,6328.97,6578.16,5178.97,6973.45,6769.45
P05386,Cerveza Quilmes 1L,Bebidas,2912.11,2934.84,2712.57,2710.13,2641.21
P05387,Agua Villavicencio 2.25L,Bebidas,8567.81,8214.45,10458.77,10821.18,11038.83
P05388,Lavandina Ayudín 1L,Limpieza,4602.03,4377.93,4369.54,5137.33,5356.94
P05389,Arroz Gallo Oro 1Kg,Almacén,10147.66,9534.67,9039.99,10242.96,8707.53
P05390,Azúcar Ledesma 1Kg,Almacén,5582.0,4999.85,4663.3,4828.58,5370.1
P05391,Suavizante Comfort 900ml,Limpieza,7025.97,6697.91,5687.39,5954.98,6499.46
P05392,Yerba Taragüi 1Kg,Almacén,3447.24,3587.2,3808.1,2941.78,3388.31
P05393,Manteca Sancor 200g,Lácteos,7132.99,8649.27,9427.9,8730.27,7577.17
P05394,Jabón en Polvo Ala 3Kg,Limpieza,945.22,1197.57,1024.56,1236.78,1192.9
P05395,Suavizante Comfort 900ml,Limpieza,10575.28,9516.81,8814.44,10271.53,9804.47
P05396,Yogur Ser Vainilla 1Kg,Lácteos,4304.53,4103.5,3969.66,4624.62,4077.66
P05397,Yogur Ser Vainilla 1Kg,Lácteos,5286.29,5315.47,4779.86,5854.96,5942.8
P05398,Leche La Serenísima Entera 1L,Lácteos,7490.83,7043.09,8269.49,8299.84,6918.43
P05399,Yerba Playadito 1Kg x2,Almacén,7373.79,6792.58,6868.48,6361.16,7617.7
P05400,Detergente Magistral Limón 750ml,Limpieza,3493.62,3678.84,4065.16,3200.68,3290.21
P05401,Detergente Magistral Limón 750ml,Limpieza,966.98,1049.5,926.96,1163.24,1049.91
P05402,Coca-Cola 2.25L,Bebidas,6126.01,6118.12,5966.91,5903.26,6833.19
P05403,Azúcar Ledesma 1Kg,Almacén,2819.15,3476.65,2770.62,3272.8,2773.87
P05404,Pan Lactal Fargo 600g,Panificados,10901.15,8822.72,8000.29,9116.55,8830.83
P05405,Jabón Dove Original 90g,Higiene,2490.9,2196.17,2538.95,2437.53,2590.68
P05406,Pasta Dental Colgate Total 90g,Higiene,2598.36,2485.14,2790.76,2492.5,2819.6
P05407,Arroz Gallo Oro 1Kg,Almacén,7036.27,7681.47,6677.48,5860.85,7220.01
P05408,Cerveza Quilmes 1L,Bebidas,3255.66,2815.11,2807.77,2939.97,2423.72
P05409,Desodorante Rexona Hombre 150ml,Higiene,1686.04,1662.94,2083.44,1923.96,1786.37
P05410,Leche La Serenísima Entera 1L,Lácteos,2093.82,2049.54,2589.17,2484.51,2581.12
P05411,Queso Rallado La Paulina 40g,Lácteos,1980.48,1842.62,1479.23,1762.99,1671.68
P05412,Jabón Dove Original 90g,Higiene,3867.34,3676.49,3781.77,3067.69,3831.92
P05413,Fideos Matarazzo Spaghetti 500g,Almacén,6218.65,4947.61,5286.19,5004.64,6283.51
P05414,Pan de Campo Bimbo 500g,Panificados,8360.26,9619.09,7639.67,8759.14,7208.71
P05415,Jugo Baggio Multifruta 1L,Bebidas,12307.53,11725.45,12179.01,11536.06,12699.67
P05416,Papel Higiénico Higienol 4 Rollos,Higiene,9962.24,10337.36,8064.59,8802.61,10740.37
P05417,Jabón Dove Original 90g,Higiene,910.69,868.23,714.85,929.16,694.76
P05418,Pasta Dental Colgate Total 90g,Higiene,5734.88,4548.86,5674.68,4536.38,5434.85
P05419,Jugo Baggio Multifruta 1L,Bebidas,937.41,911.66,1022.29,924.59,800.65
P05420,Azúcar Ledesma 1Kg,Almacén,3312.51,2872.58,3375.66,3558.09,3322.82
P05421,Galletitas Chocolinas 170g,Panificados,9091.95,7919.75,8625.82,8931.83,10073.45
P05422,Pepsi 2.25L x2,Bebidas,12841.4,11562.68,12241.26,11211.36,9758.75
P05423,Pan Lactal Fargo 600g,Panificados,3526.68,3133.53,3178.47,3650.38,3426.95
P05424,Desodorante Rexona Hombre 150ml,Higiene,3792.09,2977.75,3250.29,3237.4,3148.46
P05425,Queso Rallado La Paulina 40g,Lácteos,8033.44,7813.28,6806.9,7324.06,6277.54
P05426,Cerveza Quilmes 1L x2,Bebidas,6287.88,6519.98,6051.65,7209.43,6632.42
P05427,Shampoo Pantene Restauración 400ml,Higiene,3579.1,4168.63,3840.0,4057.78,4071.88
P05428,Lavandina Ayudín 1L x2,Limpieza,2349.77,2674.94,2250.32,2419.87,2149.57
P05429,Pepsi 2.25L,Bebidas,4070.33,3731.82,4203.76,4050.49,4077.37
P05430,Pepsi 2.25L,Bebidas,7407.16,7888.1,6849.63,6981.48,6598.57
P05431,Agua Villavicencio 2.25L,Bebidas,8951.61,7815.79,7726.69,8499.29,8922.73
P05432,Yerba Playadito 1Kg,Almacén,6089.98,5718.59,4855.2,6485.24,5805.62
P05433,Papel Higiénico Higienol 4 Rollos,Higiene,12721.97,10102.93,12828.54,11235.37,10732.07
P05434,Fideos Matarazzo Spaghetti 500g,Almacén,7860.14,6667.67,7515.54,7874.37,7989.5
P05435,Detergente Magistral Limón 750ml,Limpieza,8269.68,9836.61,9513.15,8738.92,8553.35
P05436,Cerveza Heineken 1L,Bebidas,3102.03,2372.91,2526.55,2719.41,2454.04
P05437,Harina Blancaflor 1Kg x3,Almacén,5807.56,6928.21,6931.66,5390.09,5404.04
P05438,Jabón Dove Original 90g x3,Higiene,4253.01,3998.43,5078.95,4245.46,4808.24
P05439,Jugo Baggio Multifruta 1L,Bebidas,4747.12,3797.37,4722.76,4640.55,3792.87
P05440,Pasta Dental Colgate Total 90g,Higiene,4633.24,5426.35,5488.99,6035.6,5455.16
P05441,Agua Villavicencio 2.25L,Bebidas,2073.39,2158.3,2252.45,2099.11,1938.84
P05442,Papel Higiénico Higienol 4 Rollos,Higiene,4626.43,3921.96,4312.06,3938.37,5289.99
P05443,Bizcochitos Don Satur 200g,Panificados,9792.91,12191.04,9421.34,9714.26,9284.36
P05444,Jabón en Polvo Ala 3Kg,Limpieza,5877.85,7072.68,6118.9,6604.9,5164.02
P05445,Jugo Baggio Multifruta 1L x5,Bebidas,11192.24,9101.09,9524.01,9006.89,9561.51
P05446,Agua Villavicencio 2.25L,Bebidas,8895.76,9822.94,9712.11,8583.13,9607.17
P05447,Yogur Ser Vainilla 1Kg,Lácteos,4536.3,4184.06,4429.63,4734.63,3980.62
P05448,Pasta Dental Colgate Total 90g,Higiene,11202.52,11105.77,8331.85,9807.98,8410.43
P05449,Arroz Gallo Oro 1Kg,Almacén,2597.31,2228.19,2466.78,2119.81,2240.42
P05450,Aceite Natura Girasol 1.5L,Almacén,9491.2,10879.34,10344.79,9568.85,9314.94
P05451,Jugo Baggio Multifruta 1L,Bebidas,1664.57,1502.69,1476.87,1445.21,1353.02
P05452,Aceite Natura Girasol 1.5L,Almacén,4227.16,3658.19,3730.74,3644.25,3437.7
P05453,Coca-Cola 2.25L,Bebidas,1529.9,1583.55,1871.23,1647.42,1748.84
P05454,Harina Blancaflor 1Kg,Almacén,1589.55,1663.47,2078.83,1804.88,1576.64
P05455,Pan de Campo Bimbo 500g x4,Panificados,4470.8,4684.72,4678.32,4335.37,4802.8
P05456,Galletitas Express 170g,Panificados,5750.71,6746.91,5961.54,6956.76,6335.5
P05457,Arroz Gallo Oro 1Kg,Almacén,4939.41,5100.07,4702.71,4929.14,5107.62
P05458,Shampoo Pantene Restauración 400ml,Higiene,7537.62,7592.72,7129.63,8187.61,8347.74
P05459,Galletitas Express 170g,Panificados,2943.3,2981.54,2482.47,2831.87,2640.34
P05460,Desodorante Rexona Hombre 150ml,Higiene,7034.11,8422.92,7036.15,8530.93,8633.26
P05461,Queso Rallado La Paulina 40g,Lácteos,7327.24,6826.16,8391.09,8391.79,6932.69
P05462,Harina Blancaflor 1Kg,Almacén,12363.53,12906.09,10820.74,12280.56,11045.99
P05463,Leche La Serenísima Entera 1L,Lácteos,8694.79,10460.25,8954.64,8078.43,10266.45
P05464,Galletitas Chocolinas 170g x3,Panificados,1293.27,1192.86,1081.3,1177.4,1354.1
P05465,Azúcar Ledesma 1Kg,Almacén,5998.65,5761.52,5095.76,6233.06,5559.59
P05466,Desodorante Rexona Hombre 150ml,Higiene,3002.61,2900.99,3183.33,3392.15,3387.88
P05467,Bizcochitos Don Satur 200g,Panificados,4491.58,5237.95,5507.0,4470.46,5921.16
P05468,Coca-Cola 2.25L x2,Bebidas,7703.67,6753.46,6727.56,6567.15,8237.26
P05469,Detergente Magistral Limón 750ml,Limpieza,12088.59,10237.93,9951.48,10323.66,12014.13
P05470,Suavizante Comfort 900ml,Limpieza,3502.16,3555.19,4088.54,3223.74,3661.38
P05471,Galletitas Chocolinas 170g,Panificados,12704.96,10955.91,12493.67,12578.19,12453.29
P05472,Yerba Playadito 1Kg,Almacén,11003.75,11315.77,9469.4,9600.92,9507.6
P05473,Pepsi 2.25L,Bebidas,10551.57,10049.02,9135.05,10111.0,10780.89
P05474,Detergente Magistral Limón 750ml,Limpieza,3273.72,3683.88,3767.3,3187.84,3841.81
P05475,Desodorante Poett Primavera 900ml,Limpieza,9499.08,9016.0,11317.75,10702.23,10052.16
P05476,Shampoo Pantene Restauración 400ml,Higiene,6248.8,6132.65,6299.56,7989.28,7147.18
P05477,Jabón Dove Original 90g,Higiene,1354.42,1538.47,1374.53,1692.23,1441.54
P05478,Jabón Dove Original 90g,Higiene,8708.45,10076.63,10122.7,8002.17,9795.91
P05479,Galletitas Express 170g,Panificados,10652.88,9238.37,9957.73,9100.61,9301.53
P05480,Suavizante Comfort 900ml,Limpieza,2066.57,2430.68,2043.29,2068.3,2417.41
P05481,Yogur Ser Vainilla 1Kg,Lácteos,9146.92,9617.87,9708.31,10611.14,10750.07
P05482,Pepsi 2.25L,Bebidas,5349.17,6019.48,4862.75,5673.53,6137.74
P05483,Desodorante Poett Primavera 900ml x2,Limpieza,11185.44,10271.22,10681.44,11206.43,11237.16
P05484,Yerba Playadito 1Kg,Almacén,7288.84,7937.32,7540.72,9507.46,7944.33
P05485,Galletitas Chocolinas 170g,Panificados,5028.73,4672.14,5688.75,4403.9,4423.78
P05486,Shampoo Pantene Restauración 400ml,Higiene,10366.36,9276.6,11133.48,12091.03,11458.57
P05487,Queso Rallado La Paulina 40g,Lácteos,2491.07,3192.37,2947.01,2503.99,2632.34
P05488,Aceite Natura Girasol 1.5L,Almacén,10869.6,11261.01,10135.04,11304.92,11495.31
P05489,Leche La Serenísima Entera 1L,Lácteos,13067.93,10576.75,11102.48,10348.49,11005.26
P05490,Jabón en Polvo Ala 3Kg,Limpieza,2042.15,2314.53,2452.87,2458.86,2476.99
P05491,Manteca Sancor 200g,Lácteos,1180.86,1127.45,1025.33,1129.55,1301.63
P05492,Suavizante Comfort 900ml x2,Limpieza,2655.82,2798.67,2615.01,2963.78,2688.61
P05493,Cerveza Heineken 1L,Bebidas,7612.03,6751.05,6342.28,6564.03,6897.69
P05494,Galletitas Express 170g,Panificados,11229.66,11176.28,11485.79,12996.21,11926.32
P05495,Galletitas Express 170g,Panificados,6017.58,7336.08,5942.75,6265.74,5829.99
P05496,Leche La Serenísima Entera 1L,Lácteos,3708.63,3650.56,4075.26,4163.26,4537.96
P05497,Yerba Taragüi 1Kg,Almacén,5440.29,4532.54,4979.07,4498.67,4338.36
P05498,Yerba Taragüi 1Kg,Almacén,4859.34,6402.32,6277.03,5332.17,6577.04
P05499,Fideos Matarazzo Spaghetti 500g x4,Almacén,3171.61,2644.46,3284.24,2424.53,3044.88
P05500,Lavandina Ayudín 1L,Limpieza,5623.57,6737.05,5428.17,5129.6,5552.38
P05501,Leche La Serenísima Entera 1L,Lácteos,1228.83,1384.39,1226.75,1330.54,1411.92
P05502,Yogur Ser Vainilla 1Kg,Lácteos,9149.8,7314.69,7667.39,8390.57,7649.09
P05503,Pan Lactal Fargo 600g,Panificados,2114.01,2071.94,2356.27,1768.53,2357.7
P05504,Jugo Baggio Multifruta 1L,Bebidas,2081.13,2409.28,1877.05,2257.24,1948.29
P05505,Aceite Natura Girasol 1.5L,Almacén,2364.75,2289.09,2383.81,2115.97,1850.19
P05506,Cerveza Quilmes 1L,Bebidas,2031.88,2156.29,1721.13,1800.53,2154.32
P05507,Queso Cremoso Tregar 1Kg,Lácteos,4844.99,3873.57,3714.59,4765.13,5014.27
P05508,Leche Ilolay Descremada 1L x4,Lácteos,4971.94,4919.03,4593.77,4631.87,5345.29
P05509,Jabón en Polvo Ala 3Kg,Limpieza,1154.25,1326.44,1427.5,1458.05,1175.14
P05510,Yerba Playadito 1Kg,Almacén,4430.69,4767.05,6089.73,5574.06,5481.47
P05511,Pepsi 2.25L,Bebidas,6976.49,6221.8,6008.52,6096.74,5596.63
P05512,Coca-Cola 2.25L,Bebidas,5258.21,4634.02,4814.49,5084.74,5216.45
P05513,Galletitas Express 170g,Panificados,6986.81,5925.01,6988.79,7823.58,7895.78
P05514,Cerveza Heineken 1L,Bebidas,4295.76,5189.15,4693.16,4581.63,5868.8
P05515,Leche Ilolay Descremada 1L,Lácteos,5807.12,7820.29,7812.85,6869.38,7002.27
P05516,Jugo Baggio Multifruta 1L,Bebidas,10406.5,12098.17,9071.84,11454.63,12058.83
P05517,Detergente Magistral Limón 750ml x2,Limpieza,1346.2,1262.78,1537.73,1391.25,1506.52
P05518,Leche La Serenísima Entera 1L,Lácteos,3454.43,3421.56,2892.49,3150.49,3242.21
P05519,Cerveza Heineken 1L,Bebidas,5387.84,5022.93,5405.05,5466.13,5638.08
P05520,Yerba Playadito 1Kg,Almacén,1410.03,1385.59,1536.98,1376.73,1447.14
P05521,Galletitas Express 170g,Panificados,6087.81,6428.49,6276.0,6087.67,7632.17
P05522,Yerba Taragüi 1Kg,Almacén,3390.47,3737.66,3638.9,2783.26,2998.16
P05523,Queso Rallado La Paulina 40g,Lácteos,8901.61,8998.47,10313.27,9480.05,11098.29
P05524,Jabón Dove Original 90g,Higiene,10972.86,12826.67,10167.25,13038.33,10506.23
P05525,Agua Villavicencio 2.25L,Bebidas,8274.81,9058.93,9911.8,7957.55,10416.88
P05526,Pan Lactal Fargo 600g x4,Panificados,4568.84,3614.39,3771.09,4673.96,4137.7
P05527,Galletitas Chocolinas 170g,Panificados,9769.13,11639.36,10877.27,11235.02,11002.4
P05528,Queso Cremoso Tregar 1Kg,Lácteos,5883.25,5734.34,6553.29,5997.2,5694.65
P05529,Queso Cremoso Tregar 1Kg,Lácteos,3183.99,2893.17,3503.4,2778.09,3668.68
P05530,Pasta Dental Colgate Total 90g,Higiene,12200.14,9707.53,12550.1,10475.11,10288.02
P05531,Galletitas Express 170g,Panificados,8799.69,9953.29,10149.9,8340.59,9407.83
P05532,Galletitas Express 170g,Panificados,6108.65,7130.42,7072.2,6155.3,8180.34
P05533,Queso Rallado La Paulina 40g,Lácteos,6973.75,6591.64,7716.26,6977.67,6829.35
P05534,Galletitas Chocolinas 170g,Panificados,6143.68,7357.05,7068.32,6302.92,6563.43
P05535,Galletitas Express 170g,Panificados,7212.13,8186.96,7891.95,8362.93,8256.9
P05536,Yogur Ser Vainilla 1Kg,Lácteos,699.5,842.91,766.53,763.88,642.89
P05537,Azúcar Ledesma 1Kg,Almacén,12369.18,10188.31,11889.05,11016.15,9930.64
P05538,Cerveza Heineken 1L,Bebidas,3061.6,2824.04,2716.97,2849.37,3198.8
P05539,Leche Ilolay Descremada 1L,Lácteos,9626.86,10731.21,10758.32,11852.24,8936.08
P05540,Yogur Ser Vainilla 1Kg,Lácteos,9943.35,8908.23,9482.97,9335.69,9389.88
P05541,Desodorante Rexona Hombre 150ml,Higiene,1224.2,1300.56,1443.56,1223.77,1497.47
P05542,Fideos Matarazzo Spaghetti 500g,Almacén,9112.83,8951.65,8955.13,7604.08,8323.56
P05543,Pepsi 2.25L,Bebidas,10148.31,8838.71,8031.45,9066.78,7730.26
P05544,Lavandina Ayudín 1L,Limpieza,5463.15,5476.56,6257.9,6040.67,5998.43
P05545,Coca-Cola 2.25L,Bebidas,1630.77,1838.88,2181.46,2144.41,2209.99
P05546,Leche La Serenísima Entera 1L,Lácteos,8399.13,8205.88,8610.4,9740.12,9918.62
P05547,Agua Villavicencio 2.25L,Bebidas,11410.52,8820.37,10671.05,8360.27,9367.22
P05548,Harina Blancaflor 1Kg,Almacén,6585.97,6434.09,5891.67,5997.78,6714.41
P05549,Harina Blancaflor 1Kg,Almacén,6531.99,8066.29,7936.14,7540.3,8278.25
P05550,Leche Ilolay Descremada 1L,Lácteos,9197.0,8758.72,9389.83,8333.57,8649.36
P05551,Jabón en Polvo Ala 3Kg,Limpieza,13027.49,9945.75,10785.68,11938.36,11312.91
P05552,Harina Blancaflor 1Kg,Almacén,7944.0,8347.74,10470.23,9137.48,8086.64
P05553,Queso Cremoso Tregar 1Kg,Lácteos,11542.5,11631.34,10074.13,12485.45,11988.58
P05554,Queso Cremoso Tregar 1Kg,Lácteos,6278.97,7316.0,5859.81,5784.74,6548.86
P05555,Manteca Sancor 200g,Lácteos,2256.57,1746.06,1672.94,1933.72,1721.85
P05556,Harina Blancaflor 1Kg,Almacén,4953.68,4441.59,4872.82,5154.19,5326.03
P05557,Agua Villavicencio 2.25L x2,Bebidas,9290.24,9690.98,9247.46,9239.0,11680.4
P05558,Coca-Cola 2.25L,Bebidas,9126.82,8646.01,7771.49,7833.74,8780.84
P05559,Agua Villavicencio 2.25L x5,Bebidas,7615.17,8698.71,9198.39,7665.03,9621.42
P05560,Galletitas Chocolinas 170g,Panificados,9576.35,8247.71,9676.09,10839.28,8795.5
P05561,Azúcar Ledesma 1Kg,Almacén,6143.0,7428.33,5867.75,6165.28,5667.52
P05562,Galletitas Express 170g,Panificados,1714.41,1992.14,1932.58,1686.02,2143.54
P05563,Papel Higiénico Higienol 4 Rollos,Higiene,11141.5,10252.02,13616.85,12376.72,11289.01
P05564,Jabón Dove Original 90g,Higiene,8784.86,10896.63,11546.77,11773.48,8979.38
P05565,Jabón Dove Original 90g,Higiene,5261.03,4586.38,4585.65,4479.16,6137.79
P05566,Pan de Campo Bimbo 500g,Panificados,6766.03,6098.69,6839.49,7518.66,6307.57
P05567,Yogur Ser Vainilla 1Kg,Lácteos,3462.2,3131.25,3422.02,2807.03,3594.63
P05568,Suavizante Comfort 900ml x3,Limpieza,9559.17,13067.94,11950.55,12843.81,11739.63
P05569,Agua Villavicencio 2.25L,Bebidas,831.77,805.21,1051.14,1023.74,956.74
P05570,Pan de Campo Bimbo 500g,Panificados,8578.12,7374.51,6302.88,6846.94,6572.94
P05571,Yogur Ser Vainilla 1Kg x2,Lácteos,11314.56,10642.16,12754.52,11701.39,12588.01
P05572,Manteca Sancor 200g,Lácteos,1734.99,2100.3,1907.54,2186.7,2112.32
P05573,Pan Lactal Fargo 600g,Panificados,4332.18,4233.32,4961.8,3969.86,3772.71
P05574,Aceite Natura Girasol 1.5L,Almacén,7184.5,5516.19,7272.16,7179.08,6877.46
P05575,Queso Cremoso Tregar 1Kg,Lácteos,6265.52,6109.41,5557.91,5355.34,6266.55
P05576,Pepsi 2.25L,Bebidas,11104.43,11798.5,11191.51,11484.83,9983.39
P05577,Manteca Sancor 200g,Lácteos,4864.22,4985.42,4763.78,4626.85,4749.55
P05578,Coca-Cola 2.25L,Bebidas,5312.36,5156.01,6567.02,5068.41,5051.89
P05579,Detergente Magistral Limón 750ml,Limpieza,8199.13,9656.12,7713.63,7282.77,9336.36
P05580,Aceite Natura Girasol 1.5L x3,Almacén,10178.53,10058.15,9684.05,8670.4,9008.94
P05581,Desodorante Rexona Hombre 150ml,Higiene,5690.43,4182.85,5340.78,4541.36,5067.63
P05582,Lavandina Ayudín 1L,Limpieza,7295.15,9353.23,8783.66,9648.41,8651.72
P05583,Galletitas Express 170g,Panificados,2898.72,3080.9,3367.64,2972.13,2962.34
P05584,Suavizante Comfort 900ml,Limpieza,7866.87,9580.1,9144.45,9585.38,9004.01
P05585,Galletitas Express 170g,Panificados,9213.56,8684.18,11516.69,10697.11,9219.38
P05586,Coca-Cola 2.25L,Bebidas,9598.62,10594.2,10700.66,10121.93,10977.43
P05587,Queso Cremoso Tregar 1Kg,Lácteos,6526.06,7836.43,7182.56,7853.03,7025.52
P05588,Galletitas Chocolinas 170g,Panificados,10789.37,10557.17,11282.99,11089.91,9828.16
P05589,Aceite Natura Girasol 1.5L x2,Almacén,13423.18,12997.44,12619.89,9945.52,10912.65
P05590,Leche La Serenísima Entera 1L,Lácteos,10998.72,11490.97,9549.09,12426.01,10247.84
P05591,Pan de Campo Bimbo 500g,Panificados,6986.11,7836.09,7744.27,7627.37,8618.62
P05592,Fideos Matarazzo Spaghetti 500g,Almacén,5099.7,5169.77,6250.31,5155.12,6638.1
P05593,Coca-Cola 2.25L,Bebidas,7412.86,7087.78,8586.39,9130.04,6868.12
P05594,Harina Blancaflor 1Kg,Almacén,6212.33,5339.71,5052.31,5154.77,5221.26
P05595,Jugo Baggio Multifruta 1L,Bebidas,7417.15,8524.19,7401.46,8010.88,7347.25
P05596,Jabón en Polvo Ala 3Kg,Limpieza,5632.25,4365.68,5283.05,5807.41,5231.15
P05597,Galletitas Express 170g,Panificados,8041.78,7429.18,8233.76,6846.46,7054.84
P05598,Papel Higiénico Higienol 4 Rollos,Higiene,1710.22,2241.85,1682.01,1795.35,2041.51
P05599,Coca-Cola 2.25L,Bebidas,4647.09,3700.04,3693.88,4070.32,3504.56
P05600,Jabón en Polvo Ala 3Kg,Limpieza,9687.5,9944.77,10110.8,9740.39,11920.53
P05601,Arroz Gallo Oro 1Kg,Almacén,3137.95,2849.22,3012.23,2625.06,3268.86
P05602,Shampoo Pantene Restauración 400ml x5,Higiene,10678.52,11258.19,11831.29,12208.82,14050.45
P05603,Queso Cremoso Tregar 1Kg,Lácteos,4932.22,5807.67,5589.8,4705.19,4432.43
P05604,Galletitas Chocolinas 170g x4,Panificados,3186.53,3527.27,3831.8,4039.85,3728.65
P05605,Leche Ilolay Descremada 1L,Lácteos,8575.25,7927.56,7868.2,6986.43,7469.81
P05606,Galletitas Express 170g,Panificados,7363.93,8055.71,8697.97,6837.92,8438.12
P05607,Galletitas Express 170g,Panificados,2269.58,2919.3,2243.27,2544.06,2166.45
P05608,Aceite Natura Girasol 1.5L,Almacén,1832.9,1775.36,1762.45,1638.4,1570.44
P05609,Pasta Dental Colgate Total 90g,Higiene,7514.32,7113.91,8842.9,7068.83,8929.73
P05610,Jabón Dove Original 90g,Higiene,10503.75,10969.28,10341.65,9737.88,10941.91
P05611,Jabón en Polvo Ala 3Kg x4,Limpieza,7274.42,8923.23,7497.52,8642.62,8502.38
P05612,Agua Villavicencio 2.25L,Bebidas,4377.08,4363.46,4992.7,4848.95,4510.79
P05613,Arroz Gallo Oro 1Kg,Almacén,2078.55,2698.0,2249.58,2330.15,2363.41
P05614,Yogur Ser Vainilla 1Kg,Lácteos,4675.01,4419.03,3773.18,4257.8,4655.0
P05615,Galletitas Express 170g,Panificados,4206.01,3297.74,3533.01,3617.48,3205.74
P05616,Pasta Dental Colgate Total 90g,Higiene,9120.78,11135.34,10990.0,8662.89,11436.7
P05617,Yerba Taragüi 1Kg,Almacén,12180.68,13278.67,13390.48,11475.27,10591.45
P05618,Leche La Serenísima Entera 1L,Lácteos,3086.0,2625.53,2670.55,2957.01,3234.83
P05619,Agua Villavicencio 2.25L,Bebidas,3928.07,4027.48,4101.62,4035.04,3745.7
P05620,Cerveza Quilmes 1L,Bebidas,1071.61,1209.28,1251.21,1237.35,943.88
P05621,Aceite Natura Girasol 1.5L,Almacén,9132.97,7409.46,7061.27,9427.41,8828.81
P05622,Coca-Cola 2.25L,Bebidas,1099.17,1084.49,1154.87,1120.15,1037.31
P05623,Manteca Sancor 200g,Lácteos,2599.96,2839.58,2412.98,2231.41,2477.25
P05624,Jabón en Polvo Ala 3Kg,Limpieza,11145.35,11633.7,12504.16,12917.51,10066.43
P05625,Cerveza Quilmes 1L,Bebidas,8003.23,9240.15,8630.54,7876.67,8580.92
P05626,Queso Cremoso Tregar 1Kg,Lácteos,2153.29,2235.25,2406.69,1890.68,2050.44
P05627,Queso Rallado La Paulina 40g,Lácteos,3621.5,3241.75,3454.33,3367.25,4129.2
P05628,Leche Ilolay Descremada 1L,Lácteos,7389.07,6793.49,7479.66,6800.18,7183.67
P05629,Bizcochitos Don Satur 200g,Panificados,4786.08,3906.34,4546.84,3942.75,3946.54
P05630,Pan Lactal Fargo 600g,Panificados,10384.57,11260.4,10402.35,9245.69,11637.53
P05631,Shampoo Pantene Restauración 400ml,Higiene,3050.74,3212.91,3193.43,2884.85,2740.7
P05632,Pan Lactal Fargo 600g,Panificados,4532.9,4360.38,3735.76,4553.47,4212.44
P05633,Cerveza Quilmes 1L,Bebidas,9709.26,9811.18,9868.4,10848.95,11479.14
P05634,Fideos Matarazzo Spaghetti 500g,Almacén,10156.45,11972.81,10570.94,11242.34,10622.96
P05635,Cerveza Heineken 1L x3,Bebidas,3385.11,3759.38,3891.44,4096.17,3478.17
P05636,Pepsi 2.25L,Bebidas,1073.58,1232.31,1070.56,1151.75,1098.56
P05637,Pan de Campo Bimbo 500g,Panificados,5872.33,7197.71,6202.81,7565.3,5733.3
P05638,Jabón en Polvo Ala 3Kg,Limpieza,13069.99,12728.88,10443.54,9719.96,11190.04
P05639,Cerveza Heineken 1L,Bebidas,7297.79,6575.6,7182.55,5653.72,5891.31
P05640,Desodorante Poett Primavera 900ml,Limpieza,8522.93,8951.34,8321.69,8721.35,10301.13
P05641,Galletitas Chocolinas 170g,Panificados,9771.73,11530.59,11404.63,9787.97,10734.75
P05642,Bizcochitos Don Satur 200g x4,Panificados,7411.77,6349.93,7101.64,5933.14,6788.58
P05643,Arroz Gallo Oro 1Kg,Almacén,1891.01,1740.17,1789.46,1674.23,1610.47
P05644,Pan Lactal Fargo 600g,Panificados,10234.74,8026.13,10618.04,10659.86,8164.43
P05645,Azúcar Ledesma 1Kg,Almacén,6549.33,5494.89,6118.36,7286.95,6005.28
P05646,Pasta Dental Colgate Total 90g,Higiene,11208.39,13145.44,12044.62,12152.77,11206.69
P05647,Yerba Playadito 1Kg,Almacén,3039.36,3325.48,2565.1,3015.89,2900.93
P05648,Desodorante Rexona Hombre 150ml,Higiene,11207.25,11448.77,10340.13,10149.24,12451.35
P05649,Jabón Dove Original 90g,Higiene,2750.22,2664.57,2469.46,2589.69,2858.15
P05650,Detergente Magistral Limón 750ml,Limpieza,9226.36,9755.66,8434.9,8490.9,8957.9
P05651,Cerveza Quilmes 1L,Bebidas,3898.16,4431.2,4335.67,3568.14,3727.57
P05652,Yerba Taragüi 1Kg,Almacén,3642.04,4388.27,3934.56,4421.88,3851.6
P05653,Yogur Ser Vainilla 1Kg,Lácteos,1462.26,1285.8,1202.51,1392.59,1278.46
P05654,Queso Rallado La Paulina 40g,Lácteos,10002.17,8308.35,9025.07,7395.48,9032.52
P05655,Yerba Taragüi 1Kg,Almacén,7489.51,9501.66,7551.87,9078.05,7448.05
P05656,Galletitas Express 170g,Panificados,5119.8,4610.69,5102.6,4376.47,5578.01
P05657,Queso Cremoso Tregar 1Kg,Lácteos,6929.25,6386.57,6364.6,5306.99,6146.62
P05658,Azúcar Ledesma 1Kg,Almacén,1036.83,998.65,822.72,1079.52,1078.24
P05659,Leche Ilolay Descremada 1L,Lácteos,5205.14,5830.87,5804.69,5869.88,6965.66
P05660,Pasta Dental Colgate Total 90g,Higiene,10333.07,11315.18,10513.26,8966.68,9854.0
P05661,Queso Cremoso Tregar 1Kg x5,Lácteos,2192.17,2284.55,1954.73,2265.99,2149.67
P05662,Agua Villavicencio 2.25L,Bebidas,3745.35,3698.85,4403.21,3977.92,3421.16
P05663,Desodorante Poett Primavera 900ml,Limpieza,11764.55,12821.55,12303.4,13000.21,9599.46
P05664,Cerveza Quilmes 1L,Bebidas,2134.67,2034.4,1707.51,2294.69,1782.26
P05665,Arroz Gallo Oro 1Kg x4,Almacén,5573.25,6744.79,5735.29,6199.81,5223.49
P05666,Pan de Campo Bimbo 500g,Panificados,7181.33,6933.19,6999.52,6476.47,8275.2
P05667,Agua Villavicencio 2.25L,Bebidas,9853.18,7609.96,9211.91,8814.7,8546.73
P05668,Galletitas Express 170g,Panificados,5377.41,4985.33,5348.75,5702.02,4426.85
P05669,Yerba Playadito 1Kg,Almacén,6611.21,5714.71,6787.3,5579.01,6040.69
P05670,Lavandina Ayudín 1L,Limpieza,2257.82,1967.35,1828.37,2193.83,1775.28
P05671,Yogur Ser Vainilla 1Kg,Lácteos,1671.74,1871.61,2108.63,1970.55,2177.85
P05672,Suavizante Comfort 900ml,Limpieza,6705.1,8024.16,7333.44,7716.47,7584.02
P05673,Jabón Dove Original 90g,Higiene,12211.22,9464.87,10821.73,11477.12,10079.15
P05674,Galletitas Chocolinas 170g,Panificados,5852.36,6822.75,5640.44,6342.63,7288.26
P05675,Leche La Serenísima Entera 1L,Lácteos,4221.92,4131.18,5239.59,5119.75,4352.68
P05676,Jabón en Polvo Ala 3Kg,Limpieza,11660.83,12079.06,13442.93,10579.02,13173.84
P05677,Jabón Dove Original 90g,Higiene,7441.42,7525.84,6839.3,6520.55,7795.21
P05678,Pasta Dental Colgate Total 90g,Higiene,9556.09,9871.61,12445.43,9596.17,11476.48
P05679,Harina Blancaflor 1Kg,Almacén,4242.89,4948.69,5686.74,4899.13,4280.26
P05680,Pasta Dental Colgate Total 90g,Higiene,4206.71,4287.89,4949.21,4836.82,4623.82
P05681,Pan de Campo Bimbo 500g,Panificados,5874.78,7180.74,5809.76,5735.06,6543.94
P05682,Jabón en Polvo Ala 3Kg x4,Limpieza,3609.14,3862.29,3523.11,4416.71,4362.45
P05683,Coca-Cola 2.25L,Bebidas,8132.72,8187.38,10583.02,10391.85,7791.68
P05684,Harina Blancaflor 1Kg,Almacén,6585.51,8194.31,8358.51,7574.75,6433.07
P05685,Bizcochitos Don Satur 200g,Panificados,2939.75,2961.19,2872.72,3300.61,3574.99
P05686,Manteca Sancor 200g,Lácteos,7574.23,8737.42,9206.18,7748.39,8379.66
P05687,Leche La Serenísima Entera 1L,Lácteos,6258.33,5908.15,6083.27,6554.94,5817.88
P05688,Harina Blancaflor 1Kg x4,Almacén,9997.6,11850.55,11605.38,11342.75,9458.54
P05689,Agua Villavicencio 2.25L,Bebidas,5569.58,4826.68,4758.5,5375.41,5159.58
P05690,Lavandina Ayudín 1L,Limpieza,13798.29,12643.09,13519.59,11236.88,13297.52
P05691,Fideos Matarazzo Spaghetti 500g,Almacén,4271.64,4341.82,5102.56,4726.78,4921.91
P05692,Pepsi 2.25L,Bebidas,9015.05,8200.57,9143.21,10567.42,10340.47
P05693,Coca-Cola 2.25L x5,Bebidas,13347.01,11313.71,10733.7,12238.89,10445.71
P05694,Agua Villavicencio 2.25L,Bebidas,10677.21,11904.07,12889.39,12075.52,12323.66
P05695,Suavizante Comfort 900ml,Limpieza,6457.38,7651.73,6918.51,7265.4,5801.22
P05696,Fideos Matarazzo Spaghetti 500g,Almacén,4219.18,3799.75,3848.44,3966.18,3762.79
P05697,Aceite Natura Girasol 1.5L,Almacén,10400.22,9562.73,11971.98,11145.19,10442.28
P05698,Detergente Magistral Limón 750ml,Limpieza,2017.89,1814.76,1755.95,1965.07,2101.29
P05699,Bizcochitos Don Satur 200g,Panificados,3556.31,3432.97,4660.94,3510.88,4035.57
P05700,Harina Blancaflor 1Kg x4,Almacén,4377.65,3970.01,3999.24,4945.63,4097.23
P05701,Pasta Dental Colgate Total 90g,Higiene,10003.5,11140.14,10043.32,9670.83,10037.46
P05702,Aceite Natura Girasol 1.5L x3,Almacén,1652.41,1625.02,1710.12,1755.95,1854.13
P05703,Galletitas Chocolinas 170g,Panificados,7741.77,6978.42,7126.3,7015.89,9273.26
P05704,Suavizante Comfort 900ml,Limpieza,10105.39,9304.48,9390.59,9734.2,10389.14
P05705,Queso Cremoso Tregar 1Kg x5,Lácteos,5095.76,5103.02,4919.2,5170.91,4910.36
P05706,Leche Ilolay Descremada 1L,Lácteos,2046.09,1834.28,2047.28,1866.95,2063.12
P05707,Aceite Natura Girasol 1.5L,Almacén,12205.01,10750.35,12166.41,9974.31,9490.65
P05708,Jabón en Polvo Ala 3Kg,Limpieza,3521.47,3853.55,3539.29,4662.56,4168.89
P05709,Desodorante Poett Primavera 900ml,Limpieza,5217.7,5777.75,4860.23,6155.29,5040.36
P05710,Cerveza Quilmes 1L,Bebidas,10833.63,10901.65,11898.72,10717.82,10480.7
P05711,Jabón Dove Original 90g,Higiene,9636.59,10515.01,9701.33,13144.85,11905.25
P05712,Galletitas Chocolinas 170g x2,Panificados,2709.0,3524.47,3139.82,2600.78,3408.39
P05713,Leche Ilolay Descremada 1L x4,Lácteos,9065.45,9367.14,9161.43,8956.61,11132.55
P05714,Aceite Natura Girasol 1.5L x4,Almacén,2049.64,1820.68,2038.41,2067.65,1754.11
P05715,Yogur Ser Vainilla 1Kg x2,Lácteos,8138.17,7810.7,7311.72,8720.54,7820.64
P05716,Aceite Natura Girasol 1.5L x2,Almacén,10168.69,8171.23,9327.87,7673.34,8730.65
P05717,Leche Ilolay Descremada 1L,Lácteos,5942.77,7228.02,6379.29,6984.26,6726.93
P05718,Leche Ilolay Descremada 1L,Lácteos,2719.26,2992.76,3168.12,2566.83,2760.62
P05719,Cerveza Quilmes 1L,Bebidas,2301.06,2758.14,2710.61,2127.43,2784.24
P05720,Jabón en Polvo Ala 3Kg x2,Limpieza,4128.27,3125.49,3033.82,3534.67,3977.99
P05721,Queso Cremoso Tregar 1Kg,Lácteos,12887.89,11127.63,12364.95,13431.78,12217.83
P05722,Fideos Matarazzo Spaghetti 500g,Almacén,7018.76,8787.69,7352.46,8464.04,8861.22
P05723,Galletitas Chocolinas 170g,Panificados,6266.21,6513.33,7643.77,6200.82,7234.95
P05724,Galletitas Chocolinas 170g,Panificados,4430.62,3247.95,3761.36,3319.19,4017.89
P05725,Harina Blancaflor 1Kg,Almacén,9557.3,10689.6,9108.23,8500.92,10531.26
P05726,Desodorante Poett Primavera 900ml,Limpieza,10497.96,10527.88,10465.91,13055.12,10205.8
P05727,Desodorante Poett Primavera 900ml,Limpieza,7331.11,7220.54,7283.89,6596.54,6970.26
P05728,Desodorante Rexona Hombre 150ml,Higiene,3667.32,4232.72,4264.18,4245.53,3732.43
P05729,Shampoo Pantene Restauración 400ml,Higiene,3554.31,3597.12,3064.73,2898.34,2715.39
P05730,Cerveza Heineken 1L x5,Bebidas,7681.14,9248.95,8123.72,7590.67,7446.2
P05731,Jabón Dove Original 90g,Higiene,10232.68,9880.79,12359.51,12789.41,10859.11
P05732,Bizcochitos Don Satur 200g,Panificados,10674.89,11427.18,9987.68,9949.0,9531.4
P05733,Queso Cremoso Tregar 1Kg,Lácteos,3422.55,3814.36,3995.45,3619.59,3273.08
P05734,Queso Rallado La Paulina 40g,Lácteos,1138.95,1216.11,1122.13,987.97,1073.26
P05735,Lavandina Ayudín 1L,Limpieza,4509.68,5060.79,4615.0,6069.87,4905.9
P05736,Azúcar Ledesma 1Kg,Almacén,8749.95,8543.46,7525.19,7802.34,7084.47
P05737,Cerveza Heineken 1L,Bebidas,9926.08,10057.83,12370.21,11000.46,12275.4
P05738,Desodorante Rexona Hombre 150ml x2,Higiene,10840.88,11539.81,9854.94,11299.86,10875.0
P05739,Manteca Sancor 200g,Lácteos,4102.99,5223.15,4314.68,5301.04,5041.46
P05740,Yogur Ser Vainilla 1Kg x4,Lácteos,2891.92,3037.87,2380.24,2576.76,3083.67
P05741,Papel Higiénico Higienol 4 Rollos,Higiene,9169.29,9305.06,7659.94,9112.73,8690.8
P05742,Coca-Cola 2.25L x4,Bebidas,8632.44,9775.33,8706.6,9745.31,9280.62
P05743,Queso Rallado La Paulina 40g x3,Lácteos,6418.01,6420.69,7923.07,7594.12,8413.12
P05744,Desodorante Poett Primavera 900ml,Limpieza,2541.8,2520.69,2354.14,2433.09,2131.55
P05745,Yerba Playadito 1Kg x2,Almacén,12414.3,10206.02,13567.07,10413.43,12852.02
P05746,Leche La Serenísima Entera 1L x3,Lácteos,1164.48,1362.31,1023.29,1249.88,1077.74
P05747,Jugo Baggio Multifruta 1L,Bebidas,8513.46,8655.58,8748.45,9000.0,9700.82
P05748,Galletitas Chocolinas 170g,Panificados,7024.71,8161.15,8446.03,8954.64,8488.73
P05749,Azúcar Ledesma 1Kg,Almacén,3303.97,3587.79,4135.76,3317.39,3228.83
P05750,Manteca Sancor 200g,Lácteos,3064.92,3116.54,2327.71,2953.26,3188.61
P05751,Leche La Serenísima Entera 1L,Lácteos,2866.04,3476.88,2917.33,2943.47,3287.57
P05752,Yerba Playadito 1Kg x5,Almacén,2426.09,2136.41,2652.91,2266.35,2120.61
P05753,Pepsi 2.25L,Bebidas,2006.4,2577.2,2456.3,2362.09,2314.72
P05754,Aceite Natura Girasol 1.5L,Almacén,3509.46,4416.49,4075.03,4613.34,3523.87
P05755,Leche Ilolay Descremada 1L x3,Lácteos,11663.5,11128.17,10707.47,11142.28,9690.37
P05756,Fideos Matarazzo Spaghetti 500g,Almacén,11462.39,9977.97,12508.0,12655.31,12928.8
P05757,Arroz Gallo Oro 1Kg,Almacén,12343.82,10573.79,12747.06,10239.9,13257.26
P05758,Agua Villavicencio 2.25L,Bebidas,1987.49,2065.8,2409.14,2439.79,2064.82
P05759,Leche La Serenísima Entera 1L,Lácteos,8248.27,8385.6,7781.49,9125.87,7978.14
P05760,Suavizante Comfort 900ml x2,Limpieza,5770.44,5862.95,6823.56,5239.76,5765.65
P05761,Suavizante Comfort 900ml,Limpieza,8180.19,7190.57,8703.31,8947.3,7102.5
P05762,Jabón en Polvo Ala 3Kg,Limpieza,2816.24,2840.51,3584.62,2788.56,2745.18
P05763,Harina Blancaflor 1Kg x2,Almacén,2033.94,2169.77,2289.72,2285.82,1804.26
P05764,Pan Lactal Fargo 600g,Panificados,7844.91,7988.08,8375.32,6739.89,7369.12
P05765,Pepsi 2.25L,Bebidas,10810.23,10427.36,9683.37,9391.44,10099.17
P05766,Pan de Campo Bimbo 500g x3,Panificados,1536.75,1461.47,1486.09,1611.43,1603.51
P05767,Queso Cremoso Tregar 1Kg,Lácteos,3482.98,3230.4,2734.51,3700.71,2874.12
P05768,Cerveza Quilmes 1L,Bebidas,11389.2,11740.1,9602.48,12056.72,11383.0
P05769,Desodorante Rexona Hombre 150ml,Higiene,8635.93,7356.18,6775.05,6892.1,8029.07
P05770,Jabón Dove Original 90g,Higiene,9694.79,7771.69,8963.55,8675.13,9334.4
P05771,Bizcochitos Don Satur 200g,Panificados,988.06,1072.57,1065.59,1038.56,1057.96
P05772,Cerveza Quilmes 1L,Bebidas,8067.45,8379.84,9004.93,7292.18,7617.07
P05773,Jugo Baggio Multifruta 1L,Bebidas,3986.2,3417.97,3451.76,3420.29,4219.96
P05774,Jugo Baggio Multifruta 1L,Bebidas,12016.93,13036.74,13320.43,11002.12,10977.66
P05775,Cerveza Quilmes 1L,Bebidas,2424.7,2611.0,2476.82,2522.31,2728.31
P05776,Jabón en Polvo Ala 3Kg,Limpieza,9302.44,10730.88,10320.33,8989.5,10601.81
P05777,Jugo Baggio Multifruta 1L,Bebidas,12782.26,10290.26,12671.2,11469.9,13675.27
P05778,Jugo Baggio Multifruta 1L x2,Bebidas,9142.83,10747.43,11502.73,9076.83,9472.24
P05779,Galletitas Express 170g,Panificados,5376.65,6832.63,5593.82,5206.08,5498.73
P05780,Queso Cremoso Tregar 1Kg,Lácteos,1204.46,981.19,1300.64,1146.08,1228.58
P05781,Papel Higiénico Higienol 4 Rollos,Higiene,1490.32,1493.61,1432.84,1216.51,1243.85
P05782,Papel Higiénico Higienol 4 Rollos,Higiene,13047.21,13473.19,10996.67,10067.56,10713.91
P05783,Leche La Serenísima Entera 1L,Lácteos,4182.77,5308.03,5156.73,4822.21,5220.39
P05784,Lavandina Ayudín 1L x4,Limpieza,10255.0,8795.16,8744.7,8137.38,8464.47
P05785,Azúcar Ledesma 1Kg,Almacén,9344.79,9626.57,8896.33,7800.87,10362.39
P05786,Detergente Magistral Limón 750ml,Limpieza,11439.52,11558.0,10607.11,9828.84,11739.26
P05787,Arroz Gallo Oro 1Kg,Almacén,11127.86,9378.69,10289.98,9660.44,10655.98
P05788,Pan Lactal Fargo 600g,Panificados,10369.54,9628.42,10068.88,10967.99,10192.86
P05789,Bizcochitos Don Satur 200g,Panificados,7226.85,7313.65,7447.78,7850.46,7794.82
P05790,Queso Rallado La Paulina 40g x2,Lácteos,6400.17,6270.15,6325.74,7826.53,6602.32
P05791,Fideos Matarazzo Spaghetti 500g x4,Almacén,8104.16,8355.21,10250.86,7679.2,8846.08
P05792,Suavizante Comfort 900ml,Limpieza,10556.09,12856.95,11877.18,11109.19,9998.97
P05793,Manteca Sancor 200g,Lácteos,1697.45,1916.88,1575.65,1743.53,1543.03
P05794,Cerveza Heineken 1L,Bebidas,2267.17,2125.17,1875.55,1815.02,1840.83
P05795,Desodorante Rexona Hombre 150ml,Higiene,12227.6,10306.38,10183.74,11762.22,13321.43
P05796,Shampoo Pantene Restauración 400ml,Higiene,2927.0,3217.98,3398.62,2871.93,2989.11
P05797,Arroz Gallo Oro 1Kg x4,Almacén,9767.92,11055.66,8972.65,12103.38,11941.07
P05798,Cerveza Quilmes 1L,Bebidas,1428.49,1545.51,1556.41,1713.03,1826.08
P05799,Cerveza Heineken 1L,Bebidas,6729.91,5770.07,7533.15,6333.03,6778.48
P05800,Arroz Gallo Oro 1Kg,Almacén,9137.02,9102.36,8481.58,9549.99,8483.75
P05801,Pasta Dental Colgate Total 90g,Higiene,9637.6,11200.44,9488.31,9217.21,10931.6
P05802,Pan de Campo Bimbo 500g,Panificados,2512.23,2529.85,2304.45,2116.22,2753.04
P05803,Pepsi 2.25L,Bebidas,2836.73,2503.63,2555.13,2713.66,2929.11
P05804,Pan Lactal Fargo 600g,Panificados,9317.15,8587.7,7143.4,7174.0,6885.58
P05805,Galletitas Chocolinas 170g,Panificados,2587.97,2428.62,2445.12,2860.02,2519.99
P05806,Papel Higiénico Higienol 4 Rollos x5,Higiene,6893.12,6725.96,5882.29,6413.21,6458.55
P05807,Cerveza Heineken 1L,Bebidas,7936.63,8553.18,8634.02,7560.51,6563.8
P05808,Suavizante Comfort 900ml,Limpieza,3077.18,2405.86,2941.45,3074.24,2476.76
P05809,Queso Cremoso Tregar 1Kg,Lácteos,11515.35,10765.27,12068.52,13571.62,12352.51
P05810,Agua Villavicencio 2.25L x4,Bebidas,11125.43,10088.19,13387.23,11162.8,12661.98
P05811,Coca-Cola 2.25L,Bebidas,1338.79,1709.75,1547.05,1614.48,1760.99
P05812,Aceite Natura Girasol 1.5L,Almacén,3467.83,2681.64,3237.09,2985.04,2679.51
P05813,Fideos Matarazzo Spaghetti 500g,Almacén,1618.77,1563.38,1533.21,1492.57,1406.76
P05814,Pepsi 2.25L x5,Bebidas,2116.82,2358.4,2504.58,2307.27,2410.73
P05815,Harina Blancaflor 1Kg,Almacén,785.77,985.52,921.24,930.81,767.95
P05816,Jabón Dove Original 90g,Higiene,7929.07,9590.17,7995.92,10211.3,9666.01
P05817,Manteca Sancor 200g,Lácteos,5681.35,5715.14,5103.09,5003.08,6375.12
P05818,Desodorante Poett Primavera 900ml,Limpieza,8807.85,11133.74,9261.75,9030.38,9760.45
P05819,Bizcochitos Don Satur 200g,Panificados,13223.97,12289.96,11351.25,11260.84,10523.37
P05820,Cerveza Heineken 1L x3,Bebidas,5165.94,5634.96,4344.94,4864.93,5174.12
P05821,Yerba Taragüi 1Kg,Almacén,6202.53,7115.17,6132.87,5388.79,6036.87
P05822,Jugo Baggio Multifruta 1L,Bebidas,2016.48,1930.54,2388.62,2037.58,2335.55
P05823,Jugo Baggio Multifruta 1L,Bebidas,3423.71,3125.3,2877.83,3205.29,2973.13
P05824,Queso Rallado La Paulina 40g,Lácteos,1910.31,1857.27,2352.64,2231.51,2274.57
P05825,Pan de Campo Bimbo 500g,Panificados,5851.23,5361.67,6609.05,7168.09,6136.42
P05826,Jabón en Polvo Ala 3Kg x5,Limpieza,1874.24,2185.13,2240.49,2324.54,1923.4
P05827,Aceite Natura Girasol 1.5L,Almacén,2354.2,2474.32,2283.64,2634.5,2158.48
P05828,Galletitas Express 170g,Panificados,4905.45,5747.41,4776.97,4881.51,4976.34
P05829,Pepsi 2.25L,Bebidas,7728.42,7436.8,7742.13,7359.25,7421.16
P05830,Jabón en Polvo Ala 3Kg,Limpieza,3667.5,3696.02,3792.05,3199.53,2972.51
P05831,Desodorante Poett Primavera 900ml,Limpieza,10741.47,10777.46,8124.39,10103.78,10973.41
P05832,Cerveza Heineken 1L x4,Bebidas,777.68,926.05,810.39,1041.24,991.04
P05833,Harina Blancaflor 1Kg x4,Almacén,5044.12,5447.82,5445.53,5793.71,5217.31
P05834,Yerba Playadito 1Kg,Almacén,745.05,778.68,795.65,800.91,794.55
P05835,Pepsi 2.25L x2,Bebidas,1721.28,1602.86,1365.1,1714.4,1471.58
P05836,Pan de Campo Bimbo 500g,Panificados,7998.48,6973.57,8857.77,7130.78,7116.65
P05837,Leche Ilolay Descremada 1L x2,Lácteos,7394.49,5439.72,7367.51,6220.54,6718.46
P05838,Pan Lactal Fargo 600g,Panificados,8039.95,8772.14,8831.9,8358.8,7807.54
P05839,Yerba Taragüi 1Kg,Almacén,9913.95,8701.89,9500.98,9227.43,9074.03
P05840,Bizcochitos Don Satur 200g,Panificados,12019.42,10298.78,12940.5,12031.43,13129.57
P05841,Arroz Gallo Oro 1Kg,Almacén,7845.52,7052.38,6795.18,6617.47,7463.12
P05842,Manteca Sancor 200g,Lácteos,7362.09,8856.06,8182.62,9397.91,8612.63
P05843,Arroz Gallo Oro 1Kg x5,Almacén,9551.39,9834.28,9359.94,7503.16,8092.53
P05844,Jugo Baggio Multifruta 1L,Bebidas,3399.27,3225.68,3388.0,3071.37,3562.52
P05845,Cerveza Heineken 1L,Bebidas,7014.88,7762.27,6943.72,7303.75,8300.25
P05846,Arroz Gallo Oro 1Kg x5,Almacén,8455.46,7832.25,9635.76,9487.37,8143.32
P05847,Queso Cremoso Tregar 1Kg,Lácteos,5700.56,5127.77,6306.08,6214.47,6289.06
P05848,Cerveza Quilmes 1L,Bebidas,2834.95,2198.83,2321.05,2712.92,2779.24
P05849,Detergente Magistral Limón 750ml,Limpieza,4807.49,4772.67,5056.26,4451.5,5159.81
P05850,Aceite Natura Girasol 1.5L,Almacén,12718.18,9520.32,10995.51,10333.68,12278.3
P05851,Galletitas Chocolinas 170g,Panificados,6308.28,6432.22,6458.26,7249.46,5966.94
P05852,Fideos Matarazzo Spaghetti 500g,Almacén,9195.92,9472.72,8383.42,8838.78,9732.13
P05853,Bizcochitos Don Satur 200g x3,Panificados,9367.69,8406.06,7885.76,7491.38,7088.32
P05854,Aceite Natura Girasol 1.5L,Almacén,946.01,957.33,798.78,935.82,826.72
P05855,Jugo Baggio Multifruta 1L,Bebidas,9657.88,11425.15,10747.84,10654.37,9777.32
P05856,Jabón Dove Original 90g,Higiene,9639.66,10870.29,8771.92,9590.21,11759.37
P05857,Desodorante Rexona Hombre 150ml,Higiene,5617.66,5504.63,6283.94,5881.59,5668.71
P05858,Leche La Serenísima Entera 1L x3,Lácteos,3067.16,2879.45,2915.94,3439.02,3050.47
P05859,Yerba Taragüi 1Kg,Almacén,1964.4,1795.26,2135.93,1904.21,1994.59
P05860,Jabón en Polvo Ala 3Kg,Limpieza,8273.35,10146.82,8593.93,10248.02,8417.97
P05861,Pepsi 2.25L,Bebidas,3982.62,3482.25,4394.02,3738.47,3316.04
P05862,Agua Villavicencio 2.25L x2,Bebidas,12724.93,9728.08,10460.36,10957.11,10328.62
P05863,Lavandina Ayudín 1L,Limpieza,2703.27,2294.02,2562.52,2831.16,2494.01
P05864,Fideos Matarazzo Spaghetti 500g,Almacén,2268.55,2558.22,2567.81,2275.11,1913.15
P05865,Papel Higiénico Higienol 4 Rollos,Higiene,10382.29,10675.99,8400.61,8999.59,11512.11
P05866,Queso Cremoso Tregar 1Kg,Lácteos,1191.6,1352.39,1222.43,1374.38,1458.74
P05867,Detergente Magistral Limón 750ml,Limpieza,5589.34,5608.98,6047.93,5838.35,5608.19
P05868,Harina Blancaflor 1Kg,Almacén,2720.55,2676.99,2326.3,3056.16,2719.36
P05869,Coca-Cola 2.25L x3,Bebidas,732.38,683.88,702.38,723.11,670.56
P05870,Queso Cremoso Tregar 1Kg,Lácteos,3172.86,2878.23,2741.11,3259.56,3294.21
P05871,Pan de Campo Bimbo 500g,Panificados,9837.51,9594.26,7624.54,8027.13,8689.9
P05872,Pan Lactal Fargo 600g,Panificados,11138.35,9267.2,11099.5,12097.19,10487.87
P05873,Jabón en Polvo Ala 3Kg,Limpieza,6958.17,5887.56,6352.14,7095.17,7318.03
P05874,Jabón Dove Original 90g,Higiene,9242.13,9052.51,8457.9,7651.12,9962.85
P05875,Lavandina Ayudín 1L,Limpieza,1852.56,1643.84,1709.11,1619.42,1863.99
P05876,Agua Villavicencio 2.25L,Bebidas,6785.6,6949.29,6308.47,7256.85,6919.23
P05877,Yerba Taragüi 1Kg x4,Almacén,9162.43,10012.39,10427.11,12429.39,12227.86
P05878,Jugo Baggio Multifruta 1L,Bebidas,3485.46,3707.26,3451.69,4266.67,3908.51
P05879,Galletitas Express 170g x4,Panificados,12512.71,10004.04,10573.01,12719.27,12437.74
P05880,Cerveza Heineken 1L,Bebidas,12406.98,10876.76,10278.43,13960.93,12097.79
P05881,Jabón Dove Original 90g,Higiene,9276.81,8546.69,7591.59,8145.19,8330.55
P05882,Azúcar Ledesma 1Kg,Almacén,765.35,689.85,698.13,777.21,754.28
P05883,Galletitas Express 170g x2,Panificados,12096.61,9524.11,11134.94,11217.09,12192.54
P05884,Lavandina Ayudín 1L,Limpieza,7849.73,6814.59,8924.66,6991.62,8462.73
P05885,Cerveza Quilmes 1L,Bebidas,7550.44,9098.92,10069.3,8245.1,7335.97
P05886,Agua Villavicencio 2.25L,Bebidas,6935.05,6793.29,6679.9,6312.48,7254.95
P05887,Pasta Dental Colgate Total 90g,Higiene,10469.92,11164.03,12865.82,10649.95,12994.88
P05888,Queso Cremoso Tregar 1Kg,Lácteos,3099.5,3228.23,2402.59,2763.24,2345.25
P05889,Pan Lactal Fargo 600g x5,Panificados,2337.82,2439.78,1841.02,2257.19,2321.26
P05890,Papel Higiénico Higienol 4 Rollos,Higiene,11846.18,9558.89,11271.33,12667.86,10945.68
P05891,Pan Lactal Fargo 600g x3,Panificados,3935.14,3948.96,4597.64,4331.39,4453.7
P05892,Queso Cremoso Tregar 1Kg,Lácteos,5891.31,7138.07,7469.46,5567.61,7403.93
P05893,Fideos Matarazzo Spaghetti 500g,Almacén,5115.14,4938.25,5390.33,4455.63,5507.33
P05894,Pan de Campo Bimbo 500g,Panificados,8075.2,9146.21,9408.21,7949.12,8679.25
P05895,Fideos Matarazzo Spaghetti 500g,Almacén,11067.64,10090.97,8587.2,11074.45,9904.46
P05896,Fideos Matarazzo Spaghetti 500g,Almacén,10703.43,10329.74,12964.89,13792.66,10465.74
P05897,Galletitas Chocolinas 170g,Panificados,6045.81,4779.93,5639.37,5603.24,5284.01
P05898,Lavandina Ayudín 1L,Limpieza,5595.97,5287.74,6043.54,4390.78,4888.29
P05899,Queso Rallado La Paulina 40g,Lácteos,3262.85,3801.0,3756.11,3852.11,3422.71
P05900,Agua Villavicencio 2.25L,Bebidas,8420.24,6600.14,8655.33,7568.2,6782.21
P05901,Pepsi 2.25L,Bebidas,7959.45,6801.98,6426.46,6473.91,6899.78
P05902,Yogur Ser Vainilla 1Kg x4,Lácteos,921.32,723.74,808.96,781.32,726.79
P05903,Queso Rallado La Paulina 40g,Lácteos,8410.48,6568.62,7661.92,7602.88,8265.7
P05904,Pan Lactal Fargo 600g,Panificados,2656.09,2305.16,2541.21,2158.8,2670.26
P05905,Suavizante Comfort 900ml,Limpieza,3166.24,2932.87,3035.15,3295.62,2899.0
P05906,Suavizante Comfort 900ml,Limpieza,2451.21,2445.67,2249.27,2818.3,2471.71
P05907,Harina Blancaflor 1Kg,Almacén,10423.64,12814.08,10373.09,10212.04,13266.76
P05908,Leche Ilolay Descremada 1L,Lácteos,2987.8,4032.82,3650.94,3513.59,4109.18
P05909,Harina Blancaflor 1Kg,Almacén,10783.42,12286.24,12581.23,9982.52,12837.72
P05910,Jugo Baggio Multifruta 1L,Bebidas,3058.14,3096.76,3647.45,2840.94,2808.56
P05911,Desodorante Rexona Hombre 150ml,Higiene,8574.32,7966.36,8220.61,8837.03,8407.17
P05912,Desodorante Rexona Hombre 150ml,Higiene,8902.11,9133.12,8167.63,11118.5,11095.05
P05913,Suavizante Comfort 900ml x2,Limpieza,8040.44,10318.32,8979.49,8766.83,10311.69
P05914,Bizcochitos Don Satur 200g,Panificados,9001.31,8458.46,7819.25,6975.1,7785.95
P05915,Desodorante Rexona Hombre 150ml,Higiene,8318.92,7654.76,6833.34,8062.7,7548.12
P05916,Jabón Dove Original 90g,Higiene,11471.56,9843.46,9159.19,9213.29,11202.81
P05917,Suavizante Comfort 900ml x4,Limpieza,2618.97,2261.6,2370.86,2508.54,2527.23
P05918,Bizcochitos Don Satur 200g x4,Panificados,4061.77,5174.89,4457.8,4673.81,5216.46
P05919,Agua Villavicencio 2.25L x3,Bebidas,9485.3,10383.94,11147.1,10147.43,11467.29
P05920,Cerveza Heineken 1L,Bebidas,12590.14,12656.0,13285.31,13302.88,10247.27
P05921,Harina Blancaflor 1Kg,Almacén,7912.31,9098.79,8360.79,7410.44,9729.75
P05922,Yerba Taragüi 1Kg,Almacén,933.2,1024.77,966.22,838.69,1081.16
P05923,Yerba Playadito 1Kg,Almacén,921.23,868.46,1051.93,858.76,966.47
P05924,Desodorante Rexona Hombre 150ml,Higiene,778.49,688.76,817.07,841.45,768.22
P05925,Galletitas Chocolinas 170g x3,Panificados,1879.69,1732.04,1958.33,2324.54,2301.83
P05926,Yerba Playadito 1Kg,Almacén,10518.29,10833.68,11163.81,13341.78,11501.13
P05927,Pasta Dental Colgate Total 90g,Higiene,10017.14,13446.21,12523.83,11482.31,10869.87
P05928,Leche Ilolay Descremada 1L,Lácteos,2410.46,2419.56,2714.84,3163.27,2978.92
P05929,Aceite Natura Girasol 1.5L,Almacén,4131.97,4144.8,4071.65,4079.05,3927.25
P05930,Arroz Gallo Oro 1Kg,Almacén,6158.29,6233.23,6186.97,5884.4,6029.27
P05931,Pepsi 2.25L,Bebidas,4354.43,3721.51,4181.7,3780.77,3363.55
P05932,Desodorante Poett Primavera 900ml,Limpieza,9713.15,11249.24,10578.86,11584.24,11919.72
P05933,Leche Ilolay Descremada 1L,Lácteos,9082.38,10664.9,10289.26,10144.0,8674.96
P05934,Cerveza Quilmes 1L,Bebidas,6282.9,7588.19,6556.21,8533.13,8085.26
P05935,Leche Ilolay Descremada 1L,Lácteos,9915.8,8386.52,8108.14,8834.86,7340.37
P05936,Agua Villavicencio 2.25L,Bebidas,2399.27,2648.77,2275.52,2678.86,2811.84
P05937,Papel Higiénico Higienol 4 Rollos x3,Higiene,2934.7,2955.64,2830.32,2784.75,2934.12
P05938,Desodorante Poett Primavera 900ml,Limpieza,4898.27,5249.28,5896.83,4669.03,4719.56
P05939,Galletitas Chocolinas 170g,Panificados,3077.29,4152.0,3614.02,3508.35,3398.12
P05940,Fideos Matarazzo Spaghetti 500g,Almacén,10069.9,12438.86,12272.86,12774.59,10295.78
P05941,Agua Villavicencio 2.25L,Bebidas,5646.94,6614.46,5453.36,6853.88,5902.03
P05942,Arroz Gallo Oro 1Kg,Almacén,8952.23,9532.88,7770.4,8679.2,9685.44
P05943,Harina Blancaflor 1Kg,Almacén,4033.41,3754.37,3336.56,3946.09,3893.26
P05944,Detergente Magistral Limón 750ml x3,Limpieza,11586.41,11039.12,11802.11,11429.13,11293.18
P05945,Desodorante Poett Primavera 900ml x4,Limpieza,9592.84,9774.47,7951.51,7705.24,9084.96
P05946,Arroz Gallo Oro 1Kg,Almacén,871.28,979.89,709.23,879.2,844.13
P05947,Desodorante Poett Primavera 900ml,Limpieza,2127.42,2147.95,2119.19,1998.14,2566.34
P05948,Arroz Gallo Oro 1Kg,Almacén,2797.09,2653.12,2890.0,3183.52,3351.64
P05949,Azúcar Ledesma 1Kg,Almacén,1038.33,1083.92,1027.23,1007.47,879.86
P05950,Pasta Dental Colgate Total 90g,Higiene,1668.06,1679.06,1775.86,1979.98,1884.69
P05951,Coca-Cola 2.25L,Bebidas,8852.85,8875.5,6698.21,8790.81,8656.16
P05952,Galletitas Chocolinas 170g,Panificados,11769.7,10078.0,10524.88,11045.16,11755.44
P05953,Desodorante Poett Primavera 900ml,Limpieza,5470.45,6903.75,6775.69,5559.76,6139.48
P05954,Yerba Playadito 1Kg,Almacén,6886.01,6696.93,8440.46,7099.33,7265.16
P05955,Yerba Playadito 1Kg,Almacén,3119.04,2491.15,2924.28,2574.77,2769.12
P05956,Manteca Sancor 200g x4,Lácteos,1952.77,2006.13,1960.68,1592.52,2061.91
P05957,Yerba Taragüi 1Kg,Almacén,8676.98,11357.57,11033.77,11582.63,11848.89
P05958,Bizcochitos Don Satur 200g,Panificados,9086.89,7930.43,7465.84,7178.28,7788.95
P05959,Cerveza Quilmes 1L,Bebidas,12441.46,11897.56,11613.08,12600.62,10885.0
P05960,Cerveza Quilmes 1L,Bebidas,11538.46,9349.47,11356.1,8687.0,10205.76
P05961,Pan Lactal Fargo 600g,Panificados,12685.55,12977.56,11740.83,10917.29,12470.55
P05962,Jabón en Polvo Ala 3Kg,Limpieza,7263.76,7688.05,7079.27,5598.13,6994.5
P05963,Detergente Magistral Limón 750ml,Limpieza,12643.85,12674.6,10273.66,9785.76,10297.27
P05964,Pan de Campo Bimbo 500g,Panificados,9455.29,10236.13,9273.52,10804.29,10636.25
P05965,Jugo Baggio Multifruta 1L,Bebidas,5589.84,6506.14,4783.77,5719.4,5527.63
P05966,Leche La Serenísima Entera 1L,Lácteos,12503.94,10055.93,10640.01,10286.63,12684.81
P05967,Yogur Ser Vainilla 1Kg,Lácteos,3494.76,3327.53,2652.57,3205.61,3304.07
P05968,Lavandina Ayudín 1L,Limpieza,7585.56,9326.46,7472.43,7174.98,9620.18
P05969,Galletitas Express 170g,Panificados,5309.54,5708.89,6863.74,6098.65,6064.12
P05970,Pan de Campo Bimbo 500g,Panificados,1982.3,1583.88,1758.14,1504.26,1659.22
P05971,Coca-Cola 2.25L,Bebidas,5131.66,4316.0,3970.85,4612.78,4274.59
P05972,Shampoo Pantene Restauración 400ml,Higiene,8537.11,9024.63,9512.56,10558.26,10829.02
P05973,Aceite Natura Girasol 1.5L,Almacén,10029.97,11270.53,9640.08,8762.66,11473.0
P05974,Shampoo Pantene Restauración 400ml,Higiene,9957.02,12255.71,12781.64,10450.05,13575.83
P05975,Lavandina Ayudín 1L,Limpieza,6116.65,5171.38,5428.35,4699.3,5555.16
P05976,Yogur Ser Vainilla 1Kg,Lácteos,5289.15,4564.51,5719.02,4957.11,5518.45
P05977,Aceite Natura Girasol 1.5L,Almacén,6611.5,5199.05,6081.93,5823.27,6703.08
P05978,Queso Rallado La Paulina 40g,Lácteos,5785.34,5064.61,4463.24,4446.7,5382.48
P05979,Azúcar Ledesma 1Kg,Almacén,10159.79,11690.85,10695.96,10290.65,10353.2
P05980,Papel Higiénico Higienol 4 Rollos,Higiene,3284.53,3424.99,3728.08,4187.21,3843.52
P05981,Manteca Sancor 200g x5,Lácteos,8465.8,9592.32,9390.41,10154.28,9414.21
P05982,Detergente Magistral Limón 750ml,Limpieza,8094.78,9937.46,8608.87,9644.34,10565.34
P05983,Pasta Dental Colgate Total 90g,Higiene,3216.75,3307.55,3110.32,2936.18,2788.0
P05984,Yerba Playadito 1Kg,Almacén,7076.4,5283.81,6065.68,5849.48,7236.69
P05985,Coca-Cola 2.25L,Bebidas,3882.37,4230.66,4058.13,4221.87,3672.78
P05986,Desodorante Poett Primavera 900ml,Limpieza,9910.82,10982.35,12764.67,10069.08,13145.42
P05987,Bizcochitos Don Satur 200g,Panificados,2253.37,2269.35,2397.09,2171.97,2617.24
P05988,Harina Blancaflor 1Kg,Almacén,2359.6,2473.62,2795.0,2172.69,2229.05
P05989,Papel Higiénico Higienol 4 Rollos,Higiene,2299.25,2556.84,2995.12,2324.44,2827.08
P05990,Cerveza Heineken 1L,Bebidas,9917.22,9982.84,10555.92,10627.61,9895.7
P05991,Yerba Taragüi 1Kg,Almacén,6298.47,6533.62,4941.1,5478.83,6670.16
P05992,Queso Rallado La Paulina 40g x2,Lácteos,6774.88,8387.16,8129.86,7025.46,6838.13
P05993,Papel Higiénico Higienol 4 Rollos,Higiene,1314.56,1769.88,1684.22,1584.45,1756.06
P05994,Detergente Magistral Limón 750ml,Limpieza,10457.94,11271.35,10756.37,13210.03,9724.91
P05995,Azúcar Ledesma 1Kg,Almacén,2377.46,2779.18,2293.52,2925.22,2319.73
P05996,Shampoo Pantene Restauración 400ml,Higiene,7721.91,6214.9,6761.44,8477.39,6561.32
P05997,Yogur Ser Vainilla 1Kg,Lácteos,6530.86,5443.41,5525.03,7175.24,6327.62
P05998,Cerveza Quilmes 1L,Bebidas,9956.17,11934.01,11759.17,12416.54,11188.79
P05999,Lavandina Ayudín 1L x3,Limpieza,6645.92,8780.42,8230.08,8335.48,7857.05
P06000,Manteca Sancor 200g,Lácteos,8038.93,9345.35,7657.36,9897.29,8150.88
P06001,Yerba Taragüi 1Kg,Almacén,11601.35,10005.99,10300.86,9927.68,10226.62
P06002,Suavizante Comfort 900ml,Limpieza,644.58,803.46,667.73,836.79,664.69
P06003,Shampoo Pantene Restauración 400ml,Higiene,1303.15,1178.52,1190.18,1206.21,1045.35
P06004,Jabón Dove Original 90g,Higiene,2254.19,2963.55,2578.29,2293.54,2828.3
P06005,Desodorante Rexona Hombre 150ml,Higiene,12243.95,12159.47,11506.47,12424.9,12911.36
P06006,Queso Cremoso Tregar 1Kg,Lácteos,1045.64,937.12,812.77,837.13,964.57
P06007,Cerveza Heineken 1L,Bebidas,13345.23,10369.84,13008.22,12825.17,10895.88
P06008,Galletitas Chocolinas 170g,Panificados,11561.41,10518.8,11228.03,9877.26,9163.59
P06009,Coca-Cola 2.25L,Bebidas,10904.56,11856.75,10302.1,10146.78,9217.4
P06010,Pepsi 2.25L,Bebidas,4236.11,3854.04,4927.43,4282.93,4722.45
P06011,Desodorante Rexona Hombre 150ml,Higiene,3069.12,3085.02,2700.46,3107.05,2637.88
P06012,Suavizante Comfort 900ml,Limpieza,3478.17,4259.91,3930.1,3595.61,3651.02
P06013,Harina Blancaflor 1Kg,Almacén,13570.38,12984.93,10323.96,12031.11,13460.1
P06014,Coca-Cola 2.25L,Bebidas,11666.54,11335.23,8637.08,11636.19,10351.04
P06015,Yerba Taragüi 1Kg,Almacén,10760.52,11249.68,12058.66,9738.94,9970.76
P06016,Galletitas Chocolinas 170g,Panificados,6048.61,6140.81,7950.38,7941.84,6984.5
P06017,Pasta Dental Colgate Total 90g,Higiene,3160.27,3003.76,3413.47,2829.67,2971.62
P06018,Cerveza Quilmes 1L,Bebidas,1697.09,1567.64,2016.66,2027.18,1642.92
P06019,Desodorante Poett Primavera 900ml,Limpieza,10373.49,8138.08,9747.5,9288.99,8742.78
P06020,Bizcochitos Don Satur 200g,Panificados,1568.38,1416.32,1266.35,1571.24,1548.9
P06021,Azúcar Ledesma 1Kg,Almacén,3065.46,2808.27,3178.08,3276.98,2880.53
P06022,Arroz Gallo Oro 1Kg,Almacén,4982.16,4719.55,4420.09,5060.33,5219.31
P06023,Desodorante Rexona Hombre 150ml x2,Higiene,9402.75,7232.78,8289.17,8707.82,9668.85
P06024,Galletitas Express 170g,Panificados,3889.33,3350.81,3875.63,3458.42,3251.72
P06025,Jugo Baggio Multifruta 1L,Bebidas,4457.58,4280.13,3672.45,4442.62,4685.64
P06026,Pan Lactal Fargo 600g,Panificados,1715.78,2062.15,1748.57,1988.92,1925.03
P06027,Cerveza Heineken 1L,Bebidas,8480.98,7044.09,8255.81,7185.21,8397.73
P06028,Jabón en Polvo Ala 3Kg,Limpieza,8948.22,9101.31,10580.69,11569.3,9002.21
P06029,Queso Rallado La Paulina 40g,Lácteos,12867.1,11017.33,12836.39,10898.08,12531.43
P06030,Detergente Magistral Limón 750ml,Limpieza,1594.76,1789.85,1691.95,1653.31,2193.91
P06031,Pepsi 2.25L,Bebidas,8481.44,8758.14,7608.36,7926.63,9037.42
P06032,Desodorante Poett Primavera 900ml,Limpieza,1605.75,1385.03,1718.05,1516.17,1617.95
P06033,Jugo Baggio Multifruta 1L,Bebidas,6513.38,6018.64,6609.57,5930.04,7069.51
P06034,Lavandina Ayudín 1L,Limpieza,1444.22,1210.51,1512.74,1410.06,1157.83
P06035,Pan Lactal Fargo 600g,Panificados,2767.94,2979.14,2599.89,3071.35,2518.62
P06036,Jugo Baggio Multifruta 1L,Bebidas,6997.0,8282.96,7916.24,8204.6,6174.58
P06037,Lavandina Ayudín 1L x5,Limpieza,10934.3,12276.81,10573.78,12452.84,12127.9
P06038,Yerba Playadito 1Kg,Almacén,7608.87,7965.22,8391.72,6613.81,8073.87
P06039,Azúcar Ledesma 1Kg,Almacén,7760.45,7689.48,9016.65,7477.0,8509.19
P06040,Yerba Taragüi 1Kg,Almacén,13430.41,11139.86,12568.96,11443.14,10130.44
P06041,Pan de Campo Bimbo 500g x2,Panificados,6732.91,5311.55,6709.59,6419.31,7249.31
P06042,Agua Villavicencio 2.25L,Bebidas,2228.65,2570.21,2498.31,2698.62,2134.05
P06043,Pepsi 2.25L,Bebidas,5548.18,6399.45,6546.84,6843.06,7452.48
P06044,Harina Blancaflor 1Kg,Almacén,2958.19,2424.64,2618.58,2302.84,2569.77
P06045,Fideos Matarazzo Spaghetti 500g,Almacén,8830.25,10442.83,9052.22,8606.11,11222.39
P06046,Bizcochitos Don Satur 200g,Panificados,5944.35,6516.18,6564.54,7435.75,5678.51
P06047,Detergente Magistral Limón 750ml,Limpieza,12129.71,11176.92,10212.66,12007.35,10012.73
P06048,Coca-Cola 2.25L,Bebidas,1811.25,1599.51,1611.55,1392.19,1331.5
P06049,Cerveza Quilmes 1L,Bebidas,11558.35,11923.48,12179.7,9460.67,10998.36
P06050,Cerveza Quilmes 1L,Bebidas,1069.2,1425.54,1356.67,1411.18,1355.47
P06051,Yerba Taragüi 1Kg x4,Almacén,5946.17,5391.47,6426.07,6808.99,7360.94
P06052,Suavizante Comfort 900ml,Limpieza,949.15,1041.91,911.4,1073.5,924.38
P06053,Shampoo Pantene Restauración 400ml x2,Higiene,11696.45,12358.2,10617.05,10433.81,9229.41
P06054,Lavandina Ayudín 1L,Limpieza,5795.87,5801.82,6399.7,5782.58,5757.44
P06055,Desodorante Rexona Hombre 150ml,Higiene,7316.77,7797.71,7544.02,7183.46,8491.94
P06056,Jabón Dove Original 90g,Higiene,7468.92,9398.38,7580.25,9281.38,7282.97
P06057,Pan Lactal Fargo 600g,Panificados,6106.23,5415.19,5072.4,5904.63,6006.13
P06058,Detergente Magistral Limón 750ml,Limpieza,5874.49,6009.6,6484.26,6607.42,6951.9
P06059,Coca-Cola 2.25L,Bebidas,6093.67,6368.89,7682.14,6319.27,6485.43
P06060,Agua Villavicencio 2.25L,Bebidas,7993.11,7603.53,8918.83,7926.89,7879.51
P06061,Detergente Magistral Limón 750ml,Limpieza,6904.02,8166.48,7122.11,6888.33,8875.69
P06062,Cerveza Quilmes 1L,Bebidas,5435.05,5941.66,5708.45,6832.84,5427.69
P06063,Cerveza Quilmes 1L,Bebidas,10524.66,8982.73,8700.94,7999.79,8583.4
P06064,Cerveza Quilmes 1L,Bebidas,5067.43,4518.54,5728.16,4560.03,4331.4
P06065,Harina Blancaflor 1Kg,Almacén,11480.33,10929.41,8540.83,10537.66,9686.07
P06066,Desodorante Poett Primavera 900ml,Limpieza,4551.03,5442.58,5014.21,6068.28,5622.79
P06067,Yogur Ser Vainilla 1Kg,Lácteos,5979.02,7033.05,6144.49,6333.22,6947.23
P06068,Yerba Taragüi 1Kg,Almacén,4497.78,4497.11,4544.97,4482.17,4761.46
P06069,Fideos Matarazzo Spaghetti 500g,Almacén,3766.47,4017.87,3731.68,3736.09,4276.71
P06070,Yogur Ser Vainilla 1Kg,Lácteos,4004.46,3737.26,3265.6,3871.94,4251.79
P06071,Shampoo Pantene Restauración 400ml,Higiene,9402.42,9385.24,9072.35,7944.36,9555.78
P06072,Jabón en Polvo Ala 3Kg,Limpieza,10582.36,12381.02,9383.26,11736.13,10544.64
P06073,Jabón en Polvo Ala 3Kg,Limpieza,7691.57,8796.94,7706.13,8560.06,7501.38
P06074,Coca-Cola 2.25L,Bebidas,5161.06,5836.94,5936.14,5390.57,5991.08
P06075,Manteca Sancor 200g x3,Lácteos,8150.21,8175.71,6932.04,8289.79,7605.21
P06076,Agua Villavicencio 2.25L,Bebidas,8609.29,8067.06,8037.98,6887.27,7981.23
P06077,Coca-Cola 2.25L,Bebidas,6622.43,5122.98,6885.39,6673.6,5834.22
P06078,Detergente Magistral Limón 750ml,Limpieza,12092.87,9719.3,9095.58,8908.88,10944.69
P06079,Yogur Ser Vainilla 1Kg,Lácteos,1834.86,2092.36,1694.52,1915.86,1867.91
P06080,Detergente Magistral Limón 750ml,Limpieza,5656.98,5512.71,5009.69,6626.74,6104.57
P06081,Papel Higiénico Higienol 4 Rollos,Higiene,1621.03,1707.74,1589.64,1581.54,1455.34
P06082,Cerveza Quilmes 1L,Bebidas,1182.55,939.84,939.05,1125.97,1120.11
P06083,Agua Villavicencio 2.25L,Bebidas,7685.89,7827.72,6519.11,5860.23,7323.87
P06084,Coca-Cola 2.25L,Bebidas,6939.37,7237.65,7275.74,7737.65,8594.19
P06085,Queso Rallado La Paulina 40g,Lácteos,11655.36,10258.8,9619.0,11864.58,9396.9
P06086,Galletitas Express 170g,Panificados,2532.38,2452.17,2769.09,2867.01,2594.12
P06087,Yogur Ser Vainilla 1Kg x4,Lácteos,6414.71,5612.55,6907.93,7557.83,7674.73
P06088,Desodorante Rexona Hombre 150ml,Higiene,9410.27,11721.25,11272.26,10226.01,9441.93
P06089,Galletitas Chocolinas 170g,Panificados,8813.85,8533.71,9781.55,8121.86,7861.55
P06090,Bizcochitos Don Satur 200g,Panificados,6712.24,6862.4,6060.03,7453.46,7412.7
P06091,Aceite Natura Girasol 1.5L,Almacén,1178.83,1371.54,1376.17,1104.01,1153.38
P06092,Pan de Campo Bimbo 500g,Panificados,4504.49,4270.13,4343.31,3656.63,4659.64
P06093,Leche Ilolay Descremada 1L,Lácteos,7113.12,7399.59,7924.69,6669.41,8229.54
P06094,Yerba Taragüi 1Kg,Almacén,1743.81,1853.09,1566.61,1677.72,1375.3
P06095,Jugo Baggio Multifruta 1L,Bebidas,7836.88,6396.74,6577.35,6787.37,8200.75
P06096,Desodorante Poett Primavera 900ml,Limpieza,8473.88,8522.41,6917.21,7324.17,7260.89
P06097,Jabón Dove Original 90g,Higiene,7197.06,8562.28,9149.27,6941.12,8784.85
P06098,Galletitas Express 170g,Panificados,9674.56,8631.92,9031.43,9322.18,8599.45
P06099,Queso Cremoso Tregar 1Kg,Lácteos,4190.44,3343.23,3606.51,3349.49,3658.82
P06100,Harina Blancaflor 1Kg x2,Almacén,6694.15,5387.02,5966.22,5713.18,6944.49
P06101,Azúcar Ledesma 1Kg,Almacén,4593.91,3839.88,4843.63,5026.97,4341.12
P06102,Galletitas Chocolinas 170g,Panificados,8123.6,7311.9,7537.93,8122.26,6748.97
P06103,Pan de Campo Bimbo 500g,Panificados,10532.77,9851.13,10429.66,9966.74,11477.8
P06104,Aceite Natura Girasol 1.5L,Almacén,2851.54,3139.71,2998.78,2757.4,3177.9
P06105,Fideos Matarazzo Spaghetti 500g,Almacén,3814.85,3917.06,5083.18,4161.44,5252.1
P06106,Queso Rallado La Paulina 40g,Lácteos,7218.88,7446.57,7566.88,7552.75,7205.96
P06107,Detergente Magistral Limón 750ml,Limpieza,9797.93,8902.84,8262.83,10634.69,8644.67
P06108,Leche Ilolay Descremada 1L x4,Lácteos,6349.06,6833.62,7201.56,5940.96,7103.16
P06109,Pepsi 2.25L,Bebidas,9133.58,8832.98,7069.9,8916.31,7944.7
P06110,Agua Villavicencio 2.25L,Bebidas,4774.1,3915.98,4694.08,4570.17,4340.04
P06111,Yogur Ser Vainilla 1Kg,Lácteos,11398.35,9794.71,11817.38,11083.45,10207.2
P06112,Jabón Dove Original 90g,Higiene,9677.24,9829.5,11411.44,10487.45,9850.76
P06113,Detergente Magistral Limón 750ml,Limpieza,6947.14,6337.13,6764.59,6745.88,5457.05
P06114,Pasta Dental Colgate Total 90g,Higiene,7994.0,9225.09,8138.87,10333.99,8892.63
P06115,Queso Cremoso Tregar 1Kg,Lácteos,2618.51,2907.82,2232.14,2631.84,2645.58
P06116,Lavandina Ayudín 1L,Limpieza,3421.11,3623.65,3112.77,3338.06,3020.8
P06117,Cerveza Quilmes 1L,Bebidas,9044.03,7509.31,7906.31,8149.34,8429.79
P06118,Yerba Playadito 1Kg,Almacén,6393.69,5741.93,7780.61,6759.67,6409.52
P06119,Pan Lactal Fargo 600g x4,Panificados,4411.81,4660.81,4120.56,4747.61,4578.66
P06120,Desodorante Rexona Hombre 150ml x5,Higiene,2172.61,2293.02,2121.38,2520.89,2736.27
P06121,Queso Rallado La Paulina 40g,Lácteos,8433.77,8394.06,7441.94,9627.13,8970.68
P06122,Harina Blancaflor 1Kg x2,Almacén,6462.95,6445.57,7311.54,6929.38,7692.18
P06123,Agua Villavicencio 2.25L,Bebidas,10292.7,11504.14,12778.85,12917.3,10780.84
P06124,Jugo Baggio Multifruta 1L,Bebidas,5432.15,4567.73,5083.42,5650.82,4265.66
P06125,Manteca Sancor 200g,Lácteos,4998.37,6312.45,5978.41,5993.9,5232.92
P06126,Pasta Dental Colgate Total 90g,Higiene,3926.2,3329.96,3632.71,3457.08,4197.19
P06127,Yerba Playadito 1Kg,Almacén,2442.91,2671.98,2487.6,2195.34,2193.94
P06128,Cerveza Quilmes 1L,Bebidas,1405.31,1415.17,1395.16,1204.5,1143.94
P06129,Jugo Baggio Multifruta 1L,Bebidas,12019.89,12001.7,11635.98,8927.92,10672.3
P06130,Yogur Ser Vainilla 1Kg,Lácteos,5996.84,6574.63,5757.77,5739.09,6898.39
P06131,Cerveza Heineken 1L,Bebidas,10601.67,7995.01,10447.54,7824.53,9917.59
P06132,Cerveza Quilmes 1L,Bebidas,12161.62,13963.47,12505.04,10582.49,10661.48
P06133,Leche Ilolay Descremada 1L,Lácteos,5824.25,6526.72,6476.91,6593.26,5744.57
P06134,Leche La Serenísima Entera 1L x5,Lácteos,10753.52,10316.23,10302.95,11014.89,12477.73
P06135,Yerba Playadito 1Kg,Almacén,4887.29,5725.07,6165.99,6081.34,5713.61
P06136,Detergente Magistral Limón 750ml,Limpieza,2965.76,2661.81,2715.79,2487.73,2749.73
P06137,Galletitas Chocolinas 170g,Panificados,2992.99,2575.91,2871.06,2521.4,2611.07
P06138,Yerba Taragüi 1Kg x3,Almacén,7227.71,7583.7,5677.83,5979.83,6285.05
P06139,Jabón en Polvo Ala 3Kg x5,Limpieza,7384.34,6333.57,6653.17,6718.25,6746.82
P06140,Cerveza Quilmes 1L,Bebidas,4736.15,4727.47,5150.06,4743.87,4080.8
P06141,Azúcar Ledesma 1Kg,Almacén,2568.24,2123.62,2475.46,2389.76,2476.19
P06142,Pan de Campo Bimbo 500g,Panificados,2771.57,2171.5,2955.05,2556.67,2355.5
P06143,Agua Villavicencio 2.25L,Bebidas,4808.81,4707.85,4747.23,4452.37,4357.92
P06144,Cerveza Heineken 1L,Bebidas,8626.61,7503.55,8212.36,8729.99,7819.06
P06145,Desodorante Poett Primavera 900ml,Limpieza,7974.14,8334.62,7624.43,7992.02,8302.32
P06146,Queso Cremoso Tregar 1Kg,Lácteos,5658.52,5016.41,4543.68,5641.99,5508.14
P06147,Papel Higiénico Higienol 4 Rollos x2,Higiene,11037.93,10432.65,8723.03,11048.96,11516.05
P06148,Jabón en Polvo Ala 3Kg x5,Limpieza,4118.68,4042.35,3508.63,4549.91,3997.59
P06149,Bizcochitos Don Satur 200g,Panificados,8602.79,8407.76,8449.65,8330.87,8286.84
P06150,Galletitas Express 170g x4,Panificados,2461.13,2820.76,2709.15,2933.3,2932.79
P06151,Jugo Baggio Multifruta 1L,Bebidas,11367.99,9201.77,10685.04,9863.28,9678.63
P06152,Leche Ilolay Descremada 1L,Lácteos,4339.35,3910.7,3674.32,3682.97,4030.44
P06153,Azúcar Ledesma 1Kg,Almacén,6017.84,6892.88,7414.21,6829.83,6496.43
P06154,Jugo Baggio Multifruta 1L,Bebidas,1092.85,1228.8,1289.09,1004.86,1082.08
P06155,Queso Rallado La Paulina 40g,Lácteos,10243.39,9779.17,10612.61,9652.9,8163.21
P06156,Desodorante Poett Primavera 900ml,Limpieza,6196.87,6937.89,6888.07,7292.35,5825.83
P06157,Pan Lactal Fargo 600g,Panificados,10755.05,9236.23,9317.1,9499.04,10020.1
P06158,Desodorante Poett Primavera 900ml,Limpieza,11796.32,10986.72,9894.46,11290.24,11486.44
P06159,Fideos Matarazzo Spaghetti 500g,Almacén,4168.94,3406.33,3650.46,3319.27,3317.65
P06160,Detergente Magistral Limón 750ml,Limpieza,11563.08,10735.3,12014.88,10847.97,11998.3
P06161,Jabón Dove Original 90g x2,Higiene,2370.81,2950.18,2442.66,2487.03,2954.99
P06162,Pan de Campo Bimbo 500g,Panificados,10477.25,10697.23,10113.53,10465.87,9165.62
P06163,Yogur Ser Vainilla 1Kg,Lácteos,11474.4,9245.5,9666.24,9426.51,10635.61
P06164,Yogur Ser Vainilla 1Kg,Lácteos,2045.42,2401.02,2664.04,2498.61,2679.34
P06165,Agua Villavicencio 2.25L,Bebidas,11204.63,10138.52,11685.83,11374.22,11823.49
P06166,Manteca Sancor 200g x2,Lácteos,9709.54,8662.63,8969.53,8163.32,8124.75
P06167,Papel Higiénico Higienol 4 Rollos,Higiene,7673.62,7814.31,8163.36,7934.67,8387.17
P06168,Azúcar Ledesma 1Kg x5,Almacén,2893.49,3008.59,2359.84,2601.09,2610.35
P06169,Jabón Dove Original 90g,Higiene,6521.06,6303.22,7769.6,6746.32,6833.58
P06170,Galletitas Express 170g,Panificados,11341.16,11156.05,10778.41,12337.46,10247.82
P06171,Cerveza Heineken 1L,Bebidas,5309.28,5382.41,4575.37,5316.68,4671.7
P06172,Jabón Dove Original 90g,Higiene,13400.82,11698.91,12500.38,10294.79,10754.19
P06173,Pan Lactal Fargo 600g x4,Panificados,5983.02,6298.52,6032.69,7120.84,7696.17
P06174,Galletitas Express 170g x3,Panificados,7252.56,7695.52,7023.83,6184.08,6863.84
P06175,Arroz Gallo Oro 1Kg,Almacén,8233.39,8014.12,7667.44,7698.65,8156.08
P06176,Bizcochitos Don Satur 200g x3,Panificados,3590.39,3225.01,3187.44,3677.76,3472.23
P06177,Pan Lactal Fargo 600g,Panificados,1110.73,1094.92,880.59,987.88,935.78
P06178,Leche Ilolay Descremada 1L x4,Lácteos,3586.55,3755.89,3617.36,3869.06,3704.43
P06179,Pepsi 2.25L x4,Bebidas,7066.71,6878.02,8049.39,8871.75,7722.07
P06180,Leche Ilolay Descremada 1L x5,Lácteos,5368.42,6671.3,5195.41,7133.59,6778.15
P06181,Queso Rallado La Paulina 40g,Lácteos,7344.56,5786.5,6422.64,5811.0,7449.4
P06182,Azúcar Ledesma 1Kg,Almacén,4273.02,4349.89,5442.1,4232.14,4214.92
P06183,Jugo Baggio Multifruta 1L,Bebidas,2106.25,2414.14,2094.12,2481.35,2438.15
P06184,Desodorante Rexona Hombre 150ml,Higiene,6536.85,6555.13,7553.62,8577.51,6553.52
P06185,Leche La Serenísima Entera 1L,Lácteos,10936.24,9435.59,9131.19,8845.72,10460.62
P06186,Pepsi 2.25L,Bebidas,11612.88,11008.37,9941.72,9847.42,8887.02
P06187,Galletitas Express 170g x5,Panificados,10038.25,11185.08,12002.48,12125.74,11259.85
P06188,Suavizante Comfort 900ml,Limpieza,8107.7,6289.77,7652.05,6253.92,8196.39
P06189,Jabón en Polvo Ala 3Kg x4,Limpieza,5697.16,6156.31,5197.4,5747.77,5090.83
P06190,Galletitas Chocolinas 170g,Panificados,8537.08,8123.37,6939.8,7711.13,7885.54
P06191,Cerveza Heineken 1L x3,Bebidas,3637.98,3353.89,3111.96,2872.65,3084.24
P06192,Pan de Campo Bimbo 500g,Panificados,10166.02,8966.38,8386.08,8116.94,10112.91
P06193,Pan Lactal Fargo 600g,Panificados,9147.17,10903.49,9306.84,10946.53,11066.88
P06194,Leche Ilolay Descremada 1L,Lácteos,10119.08,8292.86,9770.48,10055.05,8245.35
P06195,Aceite Natura Girasol 1.5L,Almacén,6123.95,5110.75,5586.49,5875.03,6313.51
P06196,Arroz Gallo Oro 1Kg,Almacén,2482.78,2539.71,2672.78,2015.66,2002.71
P06197,Coca-Cola 2.25L,Bebidas,9710.78,11215.61,11026.75,8659.47,10619.71
P06198,Bizcochitos Don Satur 200g,Panificados,6411.52,5313.57,6646.59,6796.97,5788.3
P06199,Desodorante Rexona Hombre 150ml,Higiene,8375.97,9875.04,7772.67,9042.08,7750.52
P06200,Leche Ilolay Descremada 1L,Lácteos,2826.57,2409.97,3217.1,2564.41,2842.9
P06201,Cerveza Heineken 1L x4,Bebidas,7257.65,6796.45,6705.39,8248.97,8704.08
P06202,Shampoo Pantene Restauración 400ml,Higiene,1133.23,1232.31,1170.79,935.28,1214.82
P06203,Pasta Dental Colgate Total 90g,Higiene,5692.45,5881.09,5026.21,4844.07,4517.44
P06204,Detergente Magistral Limón 750ml,Limpieza,8843.28,10910.21,9094.89,10170.65,9984.87
P06205,Cerveza Heineken 1L,Bebidas,3131.15,3705.06,3452.18,3732.76,3416.54
P06206,Yerba Taragüi 1Kg,Almacén,1596.13,1585.78,1664.51,1593.81,1498.27
P06207,Papel Higiénico Higienol 4 Rollos,Higiene,2877.26,2533.07,2264.15,2129.35,2786.18
P06208,Lavandina Ayudín 1L,Limpieza,7386.65,7557.69,7330.45,7170.61,7016.19
P06209,Bizcochitos Don Satur 200g,Panificados,11953.78,13464.46,11350.27,10181.56,10000.88
P06210,Papel Higiénico Higienol 4 Rollos,Higiene,13148.92,11156.42,11607.75,10621.31,13140.17
P06211,Cerveza Heineken 1L,Bebidas,5335.39,5860.57,5303.27,5098.75,6042.56
P06212,Suavizante Comfort 900ml,Limpieza,1459.44,1305.51,1587.59,1570.34,1687.47
P06213,Yerba Playadito 1Kg x2,Almacén,5698.64,7374.35,7357.53,6828.2,5489.23
P06214,Jugo Baggio Multifruta 1L x4,Bebidas,6714.4,7949.16,6947.29,7845.52,6826.9
P06215,Pan de Campo Bimbo 500g,Panificados,6338.52,6431.43,6582.14,6471.49,7812.63
P06216,Queso Rallado La Paulina 40g,Lácteos,10486.22,11748.17,10551.22,9711.27,11736.77
P06217,Leche La Serenísima Entera 1L x5,Lácteos,10885.08,11084.17,13192.26,13254.84,11677.12
P06218,Bizcochitos Don Satur 200g,Panificados,5644.16,5239.64,6006.65,5275.12,5405.81
P06219,Papel Higiénico Higienol 4 Rollos,Higiene,7466.49,7222.15,7176.39,6487.26,8286.42
P06220,Pepsi 2.25L,Bebidas,9216.76,9497.31,9525.94,7858.6,9170.64
P06221,Bizcochitos Don Satur 200g,Panificados,9743.67,7460.29,9258.34,8261.61,9008.2
P06222,Agua Villavicencio 2.25L,Bebidas,2106.03,2796.5,2582.91,2832.09,2670.87
P06223,Leche La Serenísima Entera 1L,Lácteos,3542.42,3721.69,3452.05,3858.0,4102.56
P06224,Lavandina Ayudín 1L,Limpieza,10931.93,11870.52,10995.82,12388.67,9701.42
P06225,Manteca Sancor 200g,Lácteos,5303.46,5812.94,5007.24,6011.94,5007.53
P06226,Manteca Sancor 200g,Lácteos,12100.43,12048.64,10339.53,12205.92,9721.84
P06227,Manteca Sancor 200g x4,Lácteos,809.76,619.51,647.15,630.46,762.35
P06228,Manteca Sancor 200g,Lácteos,10144.52,11850.1,11447.2,10980.14,10089.4
P06229,Galletitas Chocolinas 170g,Panificados,3761.11,4098.53,3356.44,3615.47,4114.48
P06230,Jugo Baggio Multifruta 1L,Bebidas,7992.79,9451.96,7191.77,8866.34,8676.83
P06231,Cerveza Heineken 1L x2,Bebidas,9990.73,9543.13,9679.44,12072.42,10425.12
P06232,Bizcochitos Don Satur 200g,Panificados,6535.24,8472.8,6704.47,8613.8,6336.93
P06233,Coca-Cola 2.25L,Bebidas,8359.44,8093.33,6721.38,7129.41,6799.75
P06234,Galletitas Chocolinas 170g,Panificados,13289.51,9888.39,12850.91,10772.7,9946.65
P06235,Lavandina Ayudín 1L x3,Limpieza,13116.44,11443.46,11555.74,11794.19,10221.93
P06236,Pasta Dental Colgate Total 90g,Higiene,4921.38,4358.77,3792.57,4876.36,5064.73
P06237,Detergente Magistral Limón 750ml,Limpieza,1668.52,1789.82,1839.68,1514.22,1555.61
P06238,Pasta Dental Colgate Total 90g,Higiene,3667.35,3684.21,3589.9,3576.81,2746.25
P06239,Agua Villavicencio 2.25L,Bebidas,4818.45,4946.24,5090.75,4268.35,4152.07
P06240,Galletitas Chocolinas 170g,Panificados,2163.38,1926.26,2055.26,1956.7,2370.97
P06241,Papel Higiénico Higienol 4 Rollos,Higiene,1893.87,1720.15,1608.96,1462.22,1541.35
P06242,Aceite Natura Girasol 1.5L,Almacén,11184.32,10272.49,12199.12,12297.17,12405.25
P06243,Cerveza Quilmes 1L,Bebidas,6861.21,6827.35,5575.38,7007.31,6257.76
P06244,Leche Ilolay Descremada 1L,Lácteos,5398.81,5423.87,5847.61,5427.59,5552.67
P06245,Harina Blancaflor 1Kg,Almacén,12329.7,13799.94,11575.29,10928.8,12605.39
P06246,Harina Blancaflor 1Kg,Almacén,11584.81,9827.22,11831.93,11527.06,12207.61
P06247,Fideos Matarazzo Spaghetti 500g,Almacén,8868.37,9811.21,10926.54,9282.5,9428.81
P06248,Galletitas Express 170g,Panificados,2912.28,2680.25,2950.95,2553.93,3180.86
P06249,Lavandina Ayudín 1L,Limpieza,11640.55,11132.89,9698.69,8690.1,9194.83
P06250,Arroz Gallo Oro 1Kg,Almacén,10228.4,9652.93,12720.11,12008.5,10084.6
P06251,Jugo Baggio Multifruta 1L,Bebidas,5759.33,6614.61,7270.28,6249.01,7474.68
P06252,Manteca Sancor 200g,Lácteos,12423.35,9388.86,11598.55,12679.82,12807.79
P06253,Pan de Campo Bimbo 500g,Panificados,4753.12,4644.91,4255.22,4433.44,4925.71
P06254,Harina Blancaflor 1Kg x3,Almacén,2906.4,2210.8,2813.22,2720.87,2495.0
P06255,Detergente Magistral Limón 750ml,Limpieza,11869.73,11456.78,11201.16,10695.92,12571.96
P06256,Cerveza Heineken 1L,Bebidas,6435.39,6161.09,7542.9,5798.26,7729.73
P06257,Queso Rallado La Paulina 40g,Lácteos,1259.2,1460.36,1179.64,1271.71,1500.43
P06258,Arroz Gallo Oro 1Kg,Almacén,7261.97,7087.39,5953.14,7166.98,6214.71
P06259,Coca-Cola 2.25L,Bebidas,5036.59,5358.71,4919.46,5701.04,5810.68
P06260,Fideos Matarazzo Spaghetti 500g x5,Almacén,4596.62,4291.84,4122.93,4272.0,5384.33
P06261,Arroz Gallo Oro 1Kg,Almacén,1326.95,1544.8,1520.36,1652.89,1595.12
P06262,Detergente Magistral Limón 750ml,Limpieza,6701.86,7041.33,7770.27,6141.25,5946.35
P06263,Detergente Magistral Limón 750ml,Limpieza,7076.44,6573.33,6524.96,7861.55,6063.05
P06264,Jabón en Polvo Ala 3Kg,Limpieza,2622.86,2912.51,2484.5,3010.87,2872.96
P06265,Galletitas Chocolinas 170g,Panificados,12542.23,12005.93,13742.53,11535.49,12651.56
P06266,Coca-Cola 2.25L,Bebidas,5130.23,4931.32,5369.88,4218.87,4703.53
P06267,Queso Cremoso Tregar 1Kg,Lácteos,7013.0,8756.84,7003.69,7528.97,7032.26
P06268,Shampoo Pantene Restauración 400ml,Higiene,12449.65,11218.72,11646.4,10028.24,10161.98
P06269,Jugo Baggio Multifruta 1L,Bebidas,10062.4,9351.73,11577.68,11611.23,8678.72
P06270,Agua Villavicencio 2.25L x2,Bebidas,5823.18,5679.75,4809.83,5914.33,5839.12
P06271,Yerba Taragüi 1Kg x2,Almacén,12965.18,12060.41,11950.85,10802.39,12207.47
P06272,Galletitas Chocolinas 170g x5,Panificados,2346.63,2630.49,2253.2,2446.13,2786.14
P06273,Lavandina Ayudín 1L,Limpieza,4214.5,5283.38,4646.68,4655.91,4960.77
P06274,Yerba Playadito 1Kg,Almacén,12730.64,10103.21,9583.21,9345.56,9412.01
P06275,Queso Rallado La Paulina 40g,Lácteos,9052.6,9641.94,10310.53,9495.52,7689.32
P06276,Pasta Dental Colgate Total 90g,Higiene,6507.37,5729.96,7180.94,5936.31,6327.3
P06277,Leche La Serenísima Entera 1L,Lácteos,9957.14,11194.64,8346.27,11009.08,9213.59
P06278,Cerveza Quilmes 1L,Bebidas,1743.97,1521.47,1656.37,1514.65,1493.41
P06279,Harina Blancaflor 1Kg,Almacén,8207.52,7863.12,7200.32,6947.86,7670.71
P06280,Jugo Baggio Multifruta 1L,Bebidas,5846.93,5659.22,5618.77,5631.11,5466.76
P06281,Yerba Playadito 1Kg,Almacén,9672.63,8336.4,8717.87,10588.85,11070.88
P06282,Queso Cremoso Tregar 1Kg x2,Lácteos,6715.2,6022.81,6422.65,7784.15,5967.45
P06283,Leche Ilolay Descremada 1L,Lácteos,8987.18,8908.59,9581.07,9328.83,9503.78
P06284,Jabón en Polvo Ala 3Kg,Limpieza,7682.71,8910.88,7566.74,8178.22,9091.86
P06285,Queso Cremoso Tregar 1Kg,Lácteos,12815.61,9871.34,9991.98,12281.8,13231.34
P06286,Leche Ilolay Descremada 1L,Lácteos,4312.81,4492.8,4717.35,5031.34,3763.55
P06287,Detergente Magistral Limón 750ml x5,Limpieza,3699.51,4535.98,4081.13,4099.76,3932.08
P06288,Pepsi 2.25L,Bebidas,8216.78,8069.67,7285.42,7018.01,7582.71
P06289,Papel Higiénico Higienol 4 Rollos,Higiene,3817.33,4193.73,3873.85,4392.7,3852.86
P06290,Agua Villavicencio 2.25L,Bebidas,5702.96,6218.34,7425.27,6581.85,6171.01
P06291,Yerba Playadito 1Kg,Almacén,10283.61,11159.83,10022.42,8683.18,8848.8
P06292,Agua Villavicencio 2.25L,Bebidas,2828.08,3133.54,3208.15,2632.02,2647.44
P06293,Cerveza Heineken 1L,Bebidas,3677.45,3497.75,2967.29,3383.37,3906.51
P06294,Shampoo Pantene Restauración 400ml,Higiene,4877.65,4504.7,4165.68,3778.34,3800.37
P06295,Bizcochitos Don Satur 200g,Panificados,2138.32,1944.63,2306.26,2064.78,2344.26
P06296,Jugo Baggio Multifruta 1L x4,Bebidas,8370.46,8411.22,6596.92,6855.4,8780.01
P06297,Fideos Matarazzo Spaghetti 500g,Almacén,9251.62,9140.46,11024.15,8553.04,8880.07
P06298,Pepsi 2.25L,Bebidas,2923.33,3519.81,3079.84,3013.3,2928.76
P06299,Cerveza Quilmes 1L,Bebidas,1916.16,2227.87,2181.07,1969.54,2372.65
P06300,Detergente Magistral Limón 750ml,Limpieza,4183.74,4126.39,3635.25,3717.56,3927.93
P06301,Pan de Campo Bimbo 500g,Panificados,11722.25,11724.43,13141.57,11878.95,11993.76
P06302,Desodorante Rexona Hombre 150ml,Higiene,2925.08,3609.15,2891.3,3657.23,3300.85
P06303,Manteca Sancor 200g,Lácteos,6993.26,9650.22,8991.99,8987.85,7329.21
P06304,Lavandina Ayudín 1L x4,Limpieza,1501.58,1230.72,1488.4,1390.85,1604.78
P06305,Lavandina Ayudín 1L,Limpieza,1858.15,2216.02,1708.6,2031.2,1735.97
P06306,Yerba Playadito 1Kg,Almacén,3399.75,4325.88,3763.94,4470.6,4297.17
P06307,Azúcar Ledesma 1Kg,Almacén,5415.87,4833.81,5510.23,5208.29,4511.19
P06308,Arroz Gallo Oro 1Kg,Almacén,2636.96,2091.55,2220.75,2453.36,2476.96
P06309,Jugo Baggio Multifruta 1L,Bebidas,668.18,708.51,812.18,758.04,670.55
P06310,Jabón en Polvo Ala 3Kg,Limpieza,7914.14,8959.54,8872.82,9762.49,9751.93
P06311,Jabón Dove Original 90g,Higiene,925.58,1146.63,888.33,1154.03,982.15
P06312,Detergente Magistral Limón 750ml,Limpieza,9382.49,10746.92,11381.96,9731.6,8429.84
P06313,Agua Villavicencio 2.25L,Bebidas,10494.53,11571.53,9972.0,11626.59,10629.12
P06314,Jugo Baggio Multifruta 1L x4,Bebidas,10095.1,10325.44,10354.78,10328.41,9872.03
P06315,Cerveza Quilmes 1L,Bebidas,3672.78,4171.24,3792.33,4767.7,4194.52
P06316,Queso Rallado La Paulina 40g,Lácteos,2986.44,2655.59,2418.88,2654.92,3004.15
P06317,Yerba Playadito 1Kg,Almacén,10544.8,10389.97,9483.52,9341.53,10727.25
P06318,Cerveza Quilmes 1L,Bebidas,1228.33,1093.24,1123.63,1239.63,1340.94
P06319,Suavizante Comfort 900ml,Limpieza,1796.95,1664.31,1881.57,1795.96,2042.44
P06320,Detergente Magistral Limón 750ml,Limpieza,2215.95,3033.28,2456.52,2616.93,2566.89
P06321,Jugo Baggio Multifruta 1L,Bebidas,10422.1,9458.5,9391.25,8516.32,9570.72
P06322,Pasta Dental Colgate Total 90g,Higiene,3939.16,4747.0,4573.59,4386.31,5173.08
P06323,Leche Ilolay Descremada 1L,Lácteos,818.43,942.12,1015.78,957.88,878.98
P06324,Cerveza Quilmes 1L x5,Bebidas,5753.83,4871.51,4733.63,5442.1,5618.77
P06325,Jugo Baggio Multifruta 1L x2,Bebidas,6670.53,7538.16,7496.41,7457.84,8526.66
P06326,Jabón Dove Original 90g,Higiene,10426.06,10444.87,8740.53,9453.33,8844.58
P06327,Yogur Ser Vainilla 1Kg,Lácteos,7816.46,8458.66,10386.03,8023.99,9439.91
P06328,Pan Lactal Fargo 600g,Panificados,8281.42,7157.95,6715.1,8022.46,7460.84
P06329,Shampoo Pantene Restauración 400ml,Higiene,5285.75,5644.0,7093.02,5325.44,5808.96
P06330,Harina Blancaflor 1Kg x3,Almacén,9244.18,7821.86,7246.21,9323.68,7799.69
P06331,Yerba Taragüi 1Kg,Almacén,5928.44,6478.57,6114.49,5076.17,6463.1
P06332,Galletitas Chocolinas 170g,Panificados,6802.65,6658.38,7026.09,7176.55,8281.88
P06333,Galletitas Express 170g,Panificados,8809.98,9694.28,8774.76,9169.44,8508.08
P06334,Yerba Taragüi 1Kg,Almacén,12760.29,12335.66,13824.64,10228.44,10120.5
P06335,Yogur Ser Vainilla 1Kg,Lácteos,10101.11,8091.15,8488.12,9765.25,8842.14
P06336,Leche La Serenísima Entera 1L,Lácteos,1914.58,2138.96,2006.07,1940.21,2264.36
P06337,Manteca Sancor 200g,Lácteos,3514.81,3277.23,3653.13,3057.61,3014.47
P06338,Cerveza Quilmes 1L,Bebidas,3481.15,3733.99,3785.11,3874.38,3877.32
P06339,Queso Rallado La Paulina 40g,Lácteos,1027.78,1102.36,875.46,835.41,1083.22
P06340,Yerba Taragüi 1Kg,Almacén,4550.24,5343.38,4631.39,5794.17,4607.94
P06341,Detergente Magistral Limón 750ml,Limpieza,8467.07,8331.85,9039.02,9975.46,10456.29
P06342,Queso Rallado La Paulina 40g,Lácteos,1434.91,1651.87,1324.33,1756.62,1585.6
P06343,Pan de Campo Bimbo 500g,Panificados,11969.4,10821.67,9797.45,10478.63,11148.75
P06344,Galletitas Chocolinas 170g,Panificados,1817.21,1917.41,2146.47,2056.91,1774.57
P06345,Pepsi 2.25L,Bebidas,11913.16,10178.31,10609.29,12189.82,10275.11
P06346,Coca-Cola 2.25L,Bebidas,10643.34,10386.67,8503.4,10033.93,10197.23
P06347,Pepsi 2.25L,Bebidas,1775.09,1480.06,1771.88,1645.59,1582.38
P06348,Suavizante Comfort 900ml,Limpieza,4770.18,3951.52,4406.35,4917.62,4416.86
P06349,Jabón en Polvo Ala 3Kg,Limpieza,1015.23,1136.74,980.78,1006.55,1053.26
P06350,Desodorante Poett Primavera 900ml,Limpieza,6112.32,5738.9,5775.18,6724.56,6301.98
P06351,Lavandina Ayudín 1L,Limpieza,4268.32,5153.34,5243.3,4247.05,4799.85
P06352,Yerba Taragüi 1Kg x5,Almacén,7905.69,7384.49,6383.24,8032.36,7253.68
P06353,Aceite Natura Girasol 1.5L,Almacén,1104.29,1353.11,1035.68,1002.18,1189.34
P06354,Jabón en Polvo Ala 3Kg,Limpieza,7984.13,9241.64,9255.86,8798.64,7580.97
P06355,Jugo Baggio Multifruta 1L,Bebidas,6723.21,6188.6,6365.41,6310.4,5720.21
P06356,Arroz Gallo Oro 1Kg,Almacén,4821.31,4650.98,5349.16,4944.56,4893.02
P06357,Bizcochitos Don Satur 200g x5,Panificados,2027.1,1935.85,1517.49,1622.26,1704.72
P06358,Desodorante Rexona Hombre 150ml,Higiene,8899.56,10633.17,8187.2,8327.98,9163.69
P06359,Suavizante Comfort 900ml,Limpieza,4398.32,3561.3,3601.77,4076.35,3639.38
P06360,Galletitas Chocolinas 170g,Panificados,1098.68,1117.93,1170.38,973.61,981.89
P06361,Pan de Campo Bimbo 500g x2,Panificados,3184.26,3353.66,2936.88,3520.89,2725.36
P06362,Yerba Taragüi 1Kg,Almacén,2717.22,3186.94,3642.66,3047.04,3654.24
P06363,Galletitas Chocolinas 170g,Panificados,1784.83,2177.48,1909.99,1946.43,1979.75
P06364,Papel Higiénico Higienol 4 Rollos,Higiene,7337.05,6181.39,8247.46,6687.92,7421.38
P06365,Shampoo Pantene Restauración 400ml,Higiene,3554.98,4545.2,4530.43,3579.92,4438.67
P06366,Desodorante Rexona Hombre 150ml,Higiene,10557.15,11365.34,10538.17,9244.42,9721.65
P06367,Yerba Playadito 1Kg,Almacén,7452.49,6631.46,6973.3,7589.27,5878.55
P06368,Queso Cremoso Tregar 1Kg,Lácteos,7731.92,8428.89,7217.03,7208.46,6685.18
P06369,Desodorante Rexona Hombre 150ml,Higiene,7305.77,7355.97,6495.8,6803.93,7459.3
P06370,Leche Ilolay Descremada 1L,Lácteos,4728.31,4825.23,4521.12,4578.6,4158.86
P06371,Leche Ilolay Descremada 1L,Lácteos,10089.67,11907.18,12248.95,12180.31,12160.75
P06372,Agua Villavicencio 2.25L,Bebidas,1328.87,1618.37,1623.3,1309.99,1650.46
P06373,Cerveza Quilmes 1L,Bebidas,9710.65,9862.99,8851.01,8637.74,8393.97
P06374,Manteca Sancor 200g,Lácteos,2183.29,1873.92,1734.51,2043.71,2253.05
P06375,Arroz Gallo Oro 1Kg x2,Almacén,10387.12,11007.33,10205.17,8976.3,10644.59
P06376,Pan de Campo Bimbo 500g,Panificados,5372.9,5575.11,5600.0,5261.52,5800.07
P06377,Aceite Natura Girasol 1.5L,Almacén,2501.1,2761.11,3070.88,2810.04,3056.01
P06378,Lavandina Ayudín 1L,Limpieza,6513.81,7713.75,7786.69,6809.75,7201.12
P06379,Cerveza Quilmes 1L,Bebidas,2453.37,2299.64,2097.61,1986.6,2488.42
P06380,Harina Blancaflor 1Kg,Almacén,1884.18,1868.93,1745.69,1562.21,1806.1
P06381,Pan Lactal Fargo 600g,Panificados,5365.82,5532.18,5288.11,4260.83,4342.54
P06382,Yogur Ser Vainilla 1Kg,Lácteos,12125.2,10362.47,11352.21,10529.42,10877.94
P06383,Manteca Sancor 200g x2,Lácteos,5178.63,3950.07,5125.53,5317.23,5189.43
P06384,Desodorante Poett Primavera 900ml,Limpieza,11144.27,10358.3,9881.79,10481.76,9822.31
P06385,Suavizante Comfort 900ml,Limpieza,8328.45,8825.07,8176.65,9238.3,10401.11
P06386,Cerveza Quilmes 1L,Bebidas,4334.06,3852.21,5162.68,3941.3,4856.54
P06387,Papel Higiénico Higienol 4 Rollos,Higiene,2798.93,2818.43,3614.22,3523.84,3062.22
P06388,Bizcochitos Don Satur 200g,Panificados,935.58,995.44,1005.77,831.2,950.98
P06389,Azúcar Ledesma 1Kg,Almacén,3997.87,3414.36,4143.86,3359.99,3524.48
P06390,Leche Ilolay Descremada 1L x5,Lácteos,9673.43,9402.76,9775.65,10115.65,11294.47
P06391,Manteca Sancor 200g,Lácteos,13343.34,13450.51,11669.14,12400.71,11374.8
P06392,Detergente Magistral Limón 750ml,Limpieza,14038.54,12089.88,10597.66,10182.1,12115.66
P06393,Lavandina Ayudín 1L x3,Limpieza,4305.25,4878.48,5087.48,4941.55,5247.19
P06394,Leche Ilolay Descremada 1L,Lácteos,983.51,950.23,1068.97,788.2,810.81
P06395,Bizcochitos Don Satur 200g,Panificados,7539.86,9180.79,8234.96,9571.51,7857.43
P06396,Arroz Gallo Oro 1Kg,Almacén,13204.06,10539.48,10021.17,12651.17,10793.99
P06397,Coca-Cola 2.25L,Bebidas,11785.84,11404.27,12752.12,11348.76,9593.65
P06398,Detergente Magistral Limón 750ml,Limpieza,1202.07,1383.24,1439.13,1300.47,1323.17
P06399,Queso Rallado La Paulina 40g,Lácteos,8277.91,8748.22,8654.23,8211.74,7610.87
P06400,Papel Higiénico Higienol 4 Rollos x5,Higiene,11594.55,10923.38,12659.95,9483.31,10932.22
P06401,Galletitas Chocolinas 170g,Panificados,2272.33,2283.53,2085.55,1968.99,2244.33
P06402,Leche Ilolay Descremada 1L,Lácteos,1501.57,1933.72,1496.8,1954.16,1791.94
P06403,Yerba Playadito 1Kg x5,Almacén,11307.62,10917.81,10672.38,12353.96,9703.41
P06404,Pepsi 2.25L,Bebidas,6506.87,7432.91,7394.22,6428.03,7068.85
P06405,Manteca Sancor 200g,Lácteos,4395.93,4252.96,5022.19,5082.53,4655.56
P06406,Manteca Sancor 200g,Lácteos,7684.5,6977.03,7369.4,9110.31,8955.85
P06407,Queso Rallado La Paulina 40g,Lácteos,8320.03,7620.08,7381.22,7678.19,8688.86
P06408,Pasta Dental Colgate Total 90g,Higiene,6896.53,6576.48,8410.53,8335.53,7606.64
P06409,Yerba Playadito 1Kg,Almacén,3428.79,4231.83,3305.21,4141.54,3334.47
P06410,Cerveza Quilmes 1L,Bebidas,10388.18,12014.79,12865.95,9563.28,10764.47
P06411,Agua Villavicencio 2.25L,Bebidas,8032.13,7311.09,6673.09,7829.92,8621.05
P06412,Fideos Matarazzo Spaghetti 500g,Almacén,4287.97,3759.05,3476.35,3420.6,4292.88
P06413,Pepsi 2.25L,Bebidas,10067.02,9230.95,11714.43,11166.0,10589.31
P06414,Queso Rallado La Paulina 40g,Lácteos,2262.47,1921.23,1873.93,1857.48,1919.99
P06415,Papel Higiénico Higienol 4 Rollos,Higiene,10421.2,10425.38,10340.39,11782.82,10268.45
P06416,Yerba Taragüi 1Kg,Almacén,10175.86,13617.13,10006.77,11852.83,12886.14
P06417,Arroz Gallo Oro 1Kg,Almacén,3323.76,3205.17,3361.05,3947.82,3141.19
P06418,Bizcochitos Don Satur 200g,Panificados,4474.01,4836.62,4681.51,5013.96,4560.48
P06419,Azúcar Ledesma 1Kg,Almacén,12811.94,12331.7,11774.65,9860.22,12564.4
P06420,Desodorante Rexona Hombre 150ml,Higiene,8863.86,8396.49,10614.49,8338.44,9266.15
P06421,Queso Cremoso Tregar 1Kg,Lácteos,8483.43,10271.18,9350.72,10363.16,8487.92
P06422,Galletitas Express 170g x5,Panificados,6513.99,6779.73,6557.81,8670.47,8414.52
P06423,Queso Cremoso Tregar 1Kg,Lácteos,4211.98,5235.78,4229.68,4662.48,5311.6
P06424,Jabón en Polvo Ala 3Kg x5,Limpieza,3176.37,2801.42,3442.11,2986.08,2767.24
P06425,Leche Ilolay Descremada 1L,Lácteos,1605.69,1695.62,1703.9,1737.69,1491.49
P06426,Shampoo Pantene Restauración 400ml,Higiene,9158.2,7658.91,7000.73,7227.93,7398.56
P06427,Cerveza Quilmes 1L x4,Bebidas,7825.96,8263.82,8713.93,7858.57,8958.93
P06428,Jugo Baggio Multifruta 1L x5,Bebidas,5929.95,6507.21,6204.42,7971.47,6958.95
P06429,Pepsi 2.25L,Bebidas,1641.53,2155.75,1844.73,1907.0,1846.45
P06430,Aceite Natura Girasol 1.5L,Almacén,6271.59,6376.79,5662.55,6756.72,7036.85
P06431,Yogur Ser Vainilla 1Kg,Lácteos,4720.24,5303.03,5667.68,4985.63,4735.04
P06432,Galletitas Chocolinas 170g,Panificados,6275.99,4765.37,5719.89,4779.31,5458.1
P06433,Desodorante Rexona Hombre 150ml,Higiene,6676.84,7172.86,5636.59,5879.76,6968.52
P06434,Cerveza Quilmes 1L,Bebidas,5270.8,5580.17,5818.89,4280.26,5654.62
P06435,Desodorante Rexona Hombre 150ml,Higiene,12227.97,11519.02,12953.84,10815.65,10885.93
P06436,Arroz Gallo Oro 1Kg,Almacén,11473.62,9749.91,11734.29,11630.93,11285.87
P06437,Papel Higiénico Higienol 4 Rollos,Higiene,6037.12,6950.82,6577.59,6891.88,5745.56
P06438,Jabón Dove Original 90g,Higiene,4910.24,4105.47,4900.23,4806.94,5193.26
P06439,Aceite Natura Girasol 1.5L,Almacén,4031.98,4082.46,4272.55,3787.45,3866.63
P06440,Detergente Magistral Limón 750ml,Limpieza,7420.85,8606.15,8838.49,7524.1,8662.49
P06441,Pasta Dental Colgate Total 90g,Higiene,9588.84,12736.46,9859.06,11077.94,10314.38
P06442,Pan de Campo Bimbo 500g,Panificados,5917.82,6193.55,5912.64,5883.04,7317.39
P06443,Bizcochitos Don Satur 200g,Panificados,1699.29,1311.15,1628.29,1361.88,1408.23
P06444,Pepsi 2.25L,Bebidas,9672.94,12073.58,10428.44,9682.38,10950.11
P06445,Yerba Taragüi 1Kg,Almacén,3341.1,4217.34,3303.33,4103.18,3098.02
P06446,Fideos Matarazzo Spaghetti 500g,Almacén,9630.59,10485.93,10271.2,11093.09,9784.83
P06447,Jabón Dove Original 90g,Higiene,11665.95,12556.41,11605.75,10092.51,13431.28
P06448,Jabón Dove Original 90g,Higiene,4406.03,4764.84,5221.26,4568.4,5210.49
P06449,Harina Blancaflor 1Kg,Almacén,9518.02,7958.05,9097.38,8353.77,7558.76
P06450,Pan Lactal Fargo 600g,Panificados,2436.61,2082.8,2100.8,2462.29,2519.84
P06451,Lavandina Ayudín 1L,Limpieza,5763.58,6153.73,5236.64,5928.02,5491.87
P06452,Bizcochitos Don Satur 200g,Panificados,12942.54,13399.84,10874.17,10210.32,13447.37
P06453,Pan Lactal Fargo 600g,Panificados,7022.36,9414.58,8768.03,7023.5,8909.68
P06454,Harina Blancaflor 1Kg,Almacén,3447.24,3085.05,3443.24,3496.53,2901.3
P06455,Fideos Matarazzo Spaghetti 500g,Almacén,10447.83,9672.57,8675.51,8574.97,10317.25
P06456,Papel Higiénico Higienol 4 Rollos,Higiene,5902.2,5787.87,5759.09,5126.98,5635.52
P06457,Pan de Campo Bimbo 500g,Panificados,4297.75,4463.37,3714.62,3523.12,3885.4
P06458,Azúcar Ledesma 1Kg,Almacén,2652.48,2920.53,2688.65,2785.15,2972.92
P06459,Galletitas Chocolinas 170g,Panificados,9342.69,8328.88,9704.51,10688.63,8662.5
P06460,Detergente Magistral Limón 750ml,Limpieza,4864.32,4536.84,4993.54,4295.55,4991.93
P06461,Papel Higiénico Higienol 4 Rollos x3,Higiene,10160.25,11022.97,9704.57,10071.76,8970.71
P06462,Pan Lactal Fargo 600g,Panificados,9016.64,10887.95,8513.08,10955.55,9969.03
P06463,Yerba Playadito 1Kg,Almacén,1298.39,1157.64,1251.05,1154.58,1109.09
P06464,Pasta Dental Colgate Total 90g x2,Higiene,8518.81,9517.2,9041.19,10244.83,9169.42
P06465,Manteca Sancor 200g,Lácteos,2987.5,2625.27,3048.03,2550.4,2519.63
P06466,Shampoo Pantene Restauración 400ml,Higiene,8654.33,8512.84,7254.35,6933.17,7763.96
P06467,Queso Rallado La Paulina 40g,Lácteos,2192.46,2560.66,2119.04,2363.54,2209.08
P06468,Jabón Dove Original 90g,Higiene,10183.56,8002.25,10230.76,8269.45,8976.33
P06469,Yerba Playadito 1Kg,Almacén,10009.64,10554.09,11835.92,10080.07,11314.51
P06470,Pepsi 2.25L,Bebidas,8135.85,8062.77,6578.76,7268.42,7708.53
P06471,Pan de Campo Bimbo 500g,Panificados,4839.52,3792.26,5073.31,4041.49,4464.36
P06472,Bizcochitos Don Satur 200g,Panificados,8868.35,7635.45,7322.82,8595.26,7845.05
P06473,Fideos Matarazzo Spaghetti 500g,Almacén,1182.02,1099.92,1254.56,1192.52,1135.59
P06474,Shampoo Pantene Restauración 400ml,Higiene,4825.12,5653.76,5658.07,5474.99,4620.94
P06475,Harina Blancaflor 1Kg x4,Almacén,10350.34,11144.3,12690.38,10451.54,10177.94
P06476,Agua Villavicencio 2.25L,Bebidas,7529.03,8788.43,8116.37,8411.09,7791.53
P06477,Desodorante Poett Primavera 900ml,Limpieza,2002.72,1864.82,2384.32,2530.59,2466.83
P06478,Jabón Dove Original 90g,Higiene,2395.27,2197.9,1921.52,2247.53,2042.84
P06479,Yerba Taragüi 1Kg,Almacén,3080.96,2917.86,2934.72,2975.28,2869.38
P06480,Cerveza Heineken 1L x2,Bebidas,11937.07,12135.23,13243.24,10266.99,13139.92
P06481,Yerba Playadito 1Kg,Almacén,3892.95,3200.43,4326.46,3681.56,4251.19
P06482,Arroz Gallo Oro 1Kg,Almacén,2140.37,2329.88,2545.48,2458.0,2498.0
P06483,Coca-Cola 2.25L,Bebidas,7709.68,7843.7,7762.15,6172.63,6723.74
P06484,Galletitas Express 170g x5,Panificados,3624.77,3570.37,3165.5,3286.95,2963.98
P06485,Jabón en Polvo Ala 3Kg,Limpieza,7689.19,7177.54,6400.65,6284.55,6301.57
P06486,Agua Villavicencio 2.25L,Bebidas,2123.33,2280.63,2008.29,2457.94,2483.77
P06487,Leche Ilolay Descremada 1L,Lácteos,2275.91,2307.24,2480.38,2495.47,2497.76
P06488,Jabón Dove Original 90g,Higiene,2178.69,2481.2,2322.87,2029.11,2671.79
P06489,Yogur Ser Vainilla 1Kg,Lácteos,8956.22,7356.49,7462.59,6930.72,7389.28
P06490,Suavizante Comfort 900ml,Limpieza,4226.3,3972.75,4210.51,4317.52,4340.56
P06491,Queso Rallado La Paulina 40g,Lácteos,5394.47,5757.13,5388.28,6265.16,6161.83
P06492,Azúcar Ledesma 1Kg,Almacén,11880.04,10695.63,12198.47,10352.9,10652.08
P06493,Coca-Cola 2.25L,Bebidas,3922.73,3597.8,3321.35,3677.62,3834.17
P06494,Desodorante Rexona Hombre 150ml,Higiene,3119.8,3795.73,3735.12,3716.77,3968.57
P06495,Queso Cremoso Tregar 1Kg,Lácteos,8373.12,8622.64,8620.67,6344.71,7369.19
P06496,Bizcochitos Don Satur 200g,Panificados,5198.18,5945.6,6244.85,6101.01,5771.9
P06497,Jabón en Polvo Ala 3Kg,Limpieza,7551.68,8476.6,6856.61,8204.6,7960.12
P06498,Suavizante Comfort 900ml,Limpieza,9545.36,8888.22,9997.65,9651.78,11329.38
P06499,Jugo Baggio Multifruta 1L,Bebidas,3945.64,4553.29,3943.66,4788.37,4466.24
P06500,Galletitas Chocolinas 170g,Panificados,8221.7,8717.92,9241.17,8686.77,9343.57
P06501,Galletitas Chocolinas 170g,Panificados,1403.75,1414.61,1744.33,1804.56,1848.61
P06502,Galletitas Chocolinas 170g,Panificados,9728.29,9755.93,9113.02,7283.87,8001.59
P06503,Queso Rallado La Paulina 40g,Lácteos,2271.89,2719.14,2543.37,2705.82,2521.07
P06504,Pasta Dental Colgate Total 90g,Higiene,1149.94,1107.74,916.66,1158.28,1123.22
P06505,Azúcar Ledesma 1Kg,Almacén,9521.06,12678.22,12630.19,10485.12,10250.46
P06506,Pan Lactal Fargo 600g,Panificados,6001.02,6208.58,7384.79,6786.71,6287.57
P06507,Papel Higiénico Higienol 4 Rollos,Higiene,2437.75,2388.62,2497.25,2181.44,2580.51
P06508,Shampoo Pantene Restauración 400ml,Higiene,9333.96,9973.05,9875.22,11234.12,9996.57
P06509,Queso Rallado La Paulina 40g,Lácteos,8634.52,10011.08,10037.34,8236.41,10083.12
P06510,Yerba Taragüi 1Kg,Almacén,11492.65,10211.69,11236.3,12504.4,12708.97
P06511,Aceite Natura Girasol 1.5L,Almacén,792.3,681.68,797.29,661.07,675.8
P06512,Pan Lactal Fargo 600g,Panificados,12617.53,10681.01,10532.14,11048.24,9938.8
P06513,Manteca Sancor 200g,Lácteos,12843.11,11612.79,10718.77,12494.57,12000.32
P06514,Papel Higiénico Higienol 4 Rollos,Higiene,11907.01,10103.44,10511.7,11497.56,10695.65
P06515,Cerveza Heineken 1L,Bebidas,1452.58,1837.51,1438.46,1626.65,1805.69
P06516,Leche La Serenísima Entera 1L,Lácteos,13137.31,11244.6,12830.77,11110.65,12663.3
P06517,Pan Lactal Fargo 600g,Panificados,7555.45,5860.96,7295.2,7534.71,6457.55
P06518,Queso Rallado La Paulina 40g,Lácteos,11850.13,11035.96,12444.69,10169.05,11178.14
P06519,Queso Rallado La Paulina 40g,Lácteos,9482.2,9492.82,11344.24,10655.49,11956.5
P06520,Leche La Serenísima Entera 1L,Lácteos,10625.5,11571.97,9331.09,11866.33,9153.55
P06521,Leche Ilolay Descremada 1L,Lácteos,9246.24,8719.92,7060.04,9306.7,8365.83
P06522,Desodorante Poett Primavera 900ml,Limpieza,9509.93,11023.56,12250.41,10799.99,10052.03
P06523,Cerveza Heineken 1L,Bebidas,6989.0,7413.84,7532.85,5994.84,6932.88
P06524,Manteca Sancor 200g x3,Lácteos,3951.36,4031.0,3935.14,3450.25,3510.09
P06525,Pepsi 2.25L,Bebidas,9495.5,7269.51,9183.03,9486.21,7784.01
P06526,Azúcar Ledesma 1Kg,Almacén,3002.34,3639.57,3473.42,3269.96,3522.95
P06527,Desodorante Poett Primavera 900ml x2,Limpieza,6447.67,5811.95,6888.99,7070.66,6075.05
P06528,Leche Ilolay Descremada 1L,Lácteos,10287.51,11651.12,12901.44,11924.55,13100.63
P06529,Desodorante Rexona Hombre 150ml,Higiene,2734.25,3230.61,3192.28,3097.17,2755.5
P06530,Arroz Gallo Oro 1Kg,Almacén,908.04,780.55,958.14,755.49,868.15
P06531,Fideos Matarazzo Spaghetti 500g,Almacén,8182.26,10304.29,9893.93,9518.48,8692.08
P06532,Queso Rallado La Paulina 40g x2,Lácteos,5527.83,5699.19,6152.28,4562.88,4855.07
P06533,Detergente Magistral Limón 750ml,Limpieza,13512.75,10406.62,11913.47,10644.8,12284.25
P06534,Leche La Serenísima Entera 1L,Lácteos,1989.58,1553.43,2085.77,1849.5,1619.83
P06535,Papel Higiénico Higienol 4 Rollos,Higiene,10442.64,12068.8,12226.98,12588.28,10635.81
P06536,Queso Cremoso Tregar 1Kg,Lácteos,4968.86,4976.35,4393.03,5089.35,4238.7
P06537,Papel Higiénico Higienol 4 Rollos,Higiene,8406.03,10837.08,9337.89,9585.09,8811.29
P06538,Yerba Taragüi 1Kg,Almacén,13072.71,11247.96,13410.84,10949.21,10059.7
P06539,Galletitas Express 170g,Panificados,3395.2,4277.49,4224.3,4475.67,4422.26
P06540,Aceite Natura Girasol 1.5L,Almacén,1333.27,1555.36,1182.66,1474.95,1564.21
P06541,Suavizante Comfort 900ml,Limpieza,6480.75,6758.2,5780.0,7076.18,6513.5
P06542,Desodorante Rexona Hombre 150ml,Higiene,4464.48,4592.71,4764.67,4271.04,4304.93
P06543,Harina Blancaflor 1Kg x4,Almacén,5323.33,5291.07,5307.69,5276.4,5400.55
P06544,Queso Rallado La Paulina 40g,Lácteos,2817.79,2487.28,2057.2,2515.95,2348.03
P06545,Leche Ilolay Descremada 1L,Lácteos,2712.38,3002.16,2768.93,2819.19,2745.78
P06546,Queso Rallado La Paulina 40g,Lácteos,6871.97,7576.87,7671.54,8651.48,7699.83
P06547,Shampoo Pantene Restauración 400ml,Higiene,10052.47,9117.04,10653.35,11161.22,11815.32
P06548,Yogur Ser Vainilla 1Kg,Lácteos,11821.11,11657.11,12050.06,10094.59,13168.19
P06549,Azúcar Ledesma 1Kg,Almacén,11599.65,11780.65,10230.58,9081.89,10522.82
P06550,Detergente Magistral Limón 750ml,Limpieza,6829.21,6778.02,8736.51,7504.56,6594.53
P06551,Leche Ilolay Descremada 1L,Lácteos,7603.41,7876.27,6735.18,6031.71,6243.19
P06552,Desodorante Poett Primavera 900ml,Limpieza,12187.96,9625.75,12679.45,9962.8,11524.38
P06553,Pan de Campo Bimbo 500g,Panificados,3890.84,4508.0,3540.2,4062.97,4600.33
P06554,Cerveza Quilmes 1L,Bebidas,6523.59,7095.58,7708.79,6608.52,7199.67
P06555,Arroz Gallo Oro 1Kg,Almacén,3210.57,2331.74,2485.95,2566.87,3097.6
P06556,Jugo Baggio Multifruta 1L x3,Bebidas,9924.91,9115.59,8815.49,8891.07,9807.51
P06557,Galletitas Chocolinas 170g,Panificados,5049.01,5732.15,4871.26,5803.68,5417.46
P06558,Queso Rallado La Paulina 40g,Lácteos,4009.63,4595.21,4520.3,4771.45,4086.56
P06559,Galletitas Chocolinas 170g,Panificados,5142.4,5595.55,5439.05,5988.37,4667.91
P06560,Yerba Taragüi 1Kg,Almacén,8312.34,9228.27,7965.09,7564.48,7622.33
P06561,Desodorante Rexona Hombre 150ml,Higiene,9421.05,10329.58,10106.2,11189.36,11622.94
P06562,Harina Blancaflor 1Kg,Almacén,13065.28,10231.4,12924.39,12987.1,10466.85
P06563,Galletitas Chocolinas 170g,Panificados,12300.01,11248.63,13913.59,12743.62,11329.47
P06564,Fideos Matarazzo Spaghetti 500g x4,Almacén,1896.76,1920.91,1595.9,1815.63,1683.98
P06565,Yogur Ser Vainilla 1Kg,Lácteos,6633.52,6167.47,6539.63,5929.01,5969.16
P06566,Queso Rallado La Paulina 40g,Lácteos,8973.26,10207.21,9467.86,9533.15,9559.19
P06567,Yerba Taragüi 1Kg x4,Almacén,799.43,662.58,729.79,882.41,876.71
P06568,Aceite Natura Girasol 1.5L,Almacén,9359.41,8644.62,8240.65,8810.63,8739.79
P06569,Coca-Cola 2.25L,Bebidas,3834.27,4342.85,3939.62,3690.86,3905.99
P06570,Bizcochitos Don Satur 200g x4,Panificados,1408.57,1621.17,1688.6,1760.01,1690.19
P06571,Pepsi 2.25L,Bebidas,6375.37,6334.45,5068.48,6268.32,5599.98
P06572,Agua Villavicencio 2.25L,Bebidas,7102.34,6310.06,5765.92,5553.01,5584.35
P06573,Jabón Dove Original 90g,Higiene,2065.64,2138.15,1943.89,1768.45,2097.25
P06574,Leche Ilolay Descremada 1L x3,Lácteos,10514.22,9812.29,8254.21,11076.99,8919.66
P06575,Galletitas Express 170g,Panificados,2687.24,3072.27,2719.04,3323.97,2658.56
P06576,Arroz Gallo Oro 1Kg,Almacén,4017.39,4021.51,4246.76,4291.85,3489.26
P06577,Jabón Dove Original 90g,Higiene,8775.61,8429.83,10064.21,9830.04,11067.68
P06578,Suavizante Comfort 900ml,Limpieza,4192.93,4900.39,4918.45,4529.63,4535.7
P06579,Pasta Dental Colgate Total 90g,Higiene,5649.98,7223.9,6948.33,7490.72,5788.44
P06580,Leche La Serenísima Entera 1L,Lácteos,3573.21,3553.94,2927.03,2912.78,3238.09
P06581,Suavizante Comfort 900ml,Limpieza,3726.27,3600.66,3343.39,3993.32,4138.39
P06582,Desodorante Poett Primavera 900ml,Limpieza,5463.87,4663.63,4624.26,4353.72,5238.43
P06583,Azúcar Ledesma 1Kg,Almacén,8133.44,7767.89,7135.68,7262.73,7198.22
P06584,Yerba Playadito 1Kg,Almacén,6314.95,6408.13,7372.05,7180.35,6754.93
P06585,Jugo Baggio Multifruta 1L,Bebidas,4684.55,5141.52,5307.08,4117.88,4515.6
P06586,Manteca Sancor 200g,Lácteos,4660.51,4181.9,5000.75,4996.79,4883.52
P06587,Leche Ilolay Descremada 1L,Lácteos,4695.14,4639.43,6139.45,4569.84,4639.17
P06588,Desodorante Poett Primavera 900ml,Limpieza,3438.89,3500.74,3597.65,2813.85,3783.42
P06589,Manteca Sancor 200g,Lácteos,9341.02,10252.59,10467.79,10246.61,11949.81
P06590,Queso Rallado La Paulina 40g,Lácteos,5444.6,5361.86,4695.46,5225.57,5085.35
P06591,Aceite Natura Girasol 1.5L,Almacén,5667.82,5669.02,5132.13,5395.3,4955.11
P06592,Jabón Dove Original 90g x2,Higiene,5629.83,4579.78,4907.58,4413.8,5811.4
P06593,Manteca Sancor 200g x3,Lácteos,9057.32,10165.87,11698.91,9749.21,8708.06
P06594,Pasta Dental Colgate Total 90g,Higiene,3507.52,3732.67,3714.35,3853.71,3772.35
P06595,Yerba Playadito 1Kg x4,Almacén,10368.1,9279.49,9860.57,10129.49,8726.03
P06596,Desodorante Poett Primavera 900ml x2,Limpieza,9504.97,8574.07,10533.2,8413.4,9793.11
P06597,Arroz Gallo Oro 1Kg,Almacén,8383.51,9444.92,8166.83,9037.66,8381.55
P06598,Shampoo Pantene Restauración 400ml,Higiene,2620.38,2871.55,2904.26,2850.98,2784.22
P06599,Cerveza Heineken 1L x5,Bebidas,4207.86,5003.97,3778.63,5183.93,5028.58
P06600,Detergente Magistral Limón 750ml,Limpieza,9203.08,11548.7,12190.82,11910.05,11404.11
P06601,Agua Villavicencio 2.25L x2,Bebidas,11596.88,12925.77,12951.02,10538.9,10181.65
P06602,Desodorante Poett Primavera 900ml,Limpieza,9838.41,10181.17,9195.39,8806.4,10332.27
P06603,Suavizante Comfort 900ml,Limpieza,7300.73,6895.96,6166.91,6166.63,5997.85
P06604,Arroz Gallo Oro 1Kg x5,Almacén,6445.2,7656.21,8133.04,8637.51,7741.2
P06605,Desodorante Poett Primavera 900ml,Limpieza,12264.04,12548.31,11323.5,13481.39,10982.45
P06606,Shampoo Pantene Restauración 400ml,Higiene,725.27,781.48,680.98,774.07,828.77
P06607,Jugo Baggio Multifruta 1L,Bebidas,2824.83,2686.08,3293.15,3047.75,2495.52
P06608,Queso Rallado La Paulina 40g,Lácteos,3452.4,3183.66,2924.07,2869.15,3493.36
P06609,Lavandina Ayudín 1L,Limpieza,10486.14,9798.11,12197.1,12505.57,9348.08
P06610,Arroz Gallo Oro 1Kg,Almacén,1364.3,1576.71,1455.82,1365.85,1504.13
P06611,Arroz Gallo Oro 1Kg,Almacén,8097.94,6402.18,7546.35,7217.63,7752.06
P06612,Fideos Matarazzo Spaghetti 500g,Almacén,7678.52,8873.41,9049.75,8488.89,8161.43
P06613,Arroz Gallo Oro 1Kg,Almacén,4514.12,4000.55,4036.19,3758.13,4730.37
P06614,Pan de Campo Bimbo 500g,Panificados,9962.0,10229.86,9618.82,12371.73,11059.19
P06615,Leche Ilolay Descremada 1L,Lácteos,1452.58,1393.71,1466.94,1571.1,1568.97
P06616,Arroz Gallo Oro 1Kg,Almacén,6030.72,7769.87,6642.68,6413.14,6784.2
P06617,Manteca Sancor 200g,Lácteos,10534.78,9997.99,9914.47,10705.38,11661.79
P06618,Arroz Gallo Oro 1Kg,Almacén,10118.79,11528.63,13233.48,12595.11,11813.76
P06619,Jabón Dove Original 90g,Higiene,854.73,799.94,993.16,923.44,939.05
P06620,Papel Higiénico Higienol 4 Rollos,Higiene,3354.83,3236.32,4086.92,3166.22,3837.94
P06621,Agua Villavicencio 2.25L,Bebidas,12832.79,10321.7,11453.69,12092.3,10604.72
P06622,Lavandina Ayudín 1L,Limpieza,10005.35,10562.37,10104.84,11103.98,11604.43
P06623,Jabón en Polvo Ala 3Kg,Limpieza,10064.6,7884.49,10212.11,9169.07,9654.14
P06624,Queso Cremoso Tregar 1Kg,Lácteos,10067.14,12789.84,10968.48,9956.56,10460.46
P06625,Jabón Dove Original 90g,Higiene,5055.98,5293.52,5478.27,6769.34,6189.88
P06626,Cerveza Quilmes 1L,Bebidas,5744.73,6063.34,6225.73,6974.86,6530.01
P06627,Yogur Ser Vainilla 1Kg,Lácteos,4980.65,6290.97,5842.25,5459.37,5255.17
P06628,Fideos Matarazzo Spaghetti 500g,Almacén,8603.91,9048.6,10330.82,10715.72,9174.47
P06629,Pan Lactal Fargo 600g,Panificados,5502.22,6478.29,6607.9,7183.24,6378.67
P06630,Queso Cremoso Tregar 1Kg,Lácteos,2504.78,2452.63,2563.58,2883.28,2778.47
P06631,Fideos Matarazzo Spaghetti 500g,Almacén,2269.26,2146.99,2382.05,2698.2,2230.03
P06632,Suavizante Comfort 900ml,Limpieza,3110.78,2765.68,2604.5,2656.26,2661.37
P06633,Jabón Dove Original 90g,Higiene,13481.95,12932.82,10285.86,10297.52,13469.18
P06634,Leche La Serenísima Entera 1L,Lácteos,7382.08,5791.14,6768.05,5640.37,6612.06
P06635,Pasta Dental Colgate Total 90g,Higiene,3187.53,3369.75,3577.1,3829.73,3668.82
P06636,Jugo Baggio Multifruta 1L x3,Bebidas,13495.77,12520.65,11265.75,13488.19,11075.87
P06637,Arroz Gallo Oro 1Kg,Almacén,1609.48,1573.28,1611.14,1416.06,1207.43
P06638,Agua Villavicencio 2.25L,Bebidas,7490.08,7858.19,6761.16,6701.95,8306.69
P06639,Yogur Ser Vainilla 1Kg x5,Lácteos,7770.86,9475.3,8895.08,8470.8,7453.37
P06640,Agua Villavicencio 2.25L x5,Bebidas,1961.81,1609.23,1952.93,1781.8,1576.71
P06641,Desodorante Poett Primavera 900ml,Limpieza,2919.66,3613.3,3605.97,3144.33,3238.49
P06642,Shampoo Pantene Restauración 400ml,Higiene,9997.08,8895.88,8963.53,9800.76,9727.82
P06643,Jabón Dove Original 90g,Higiene,3509.93,3803.03,4425.69,3450.65,4013.21
P06644,Shampoo Pantene Restauración 400ml,Higiene,12360.2,11271.82,11850.64,11113.25,13306.34
P06645,Coca-Cola 2.25L x5,Bebidas,4114.3,4159.68,4450.38,3816.73,4161.02
P06646,Suavizante Comfort 900ml,Limpieza,1985.34,1825.68,2155.09,1849.02,1870.61
P06647,Pepsi 2.25L,Bebidas,2705.6,2716.68,2615.74,2741.37,2133.44
P06648,Leche Ilolay Descremada 1L,Lácteos,5219.71,5087.48,5866.47,6361.34,5841.21
P06649,Manteca Sancor 200g,Lácteos,11777.85,10949.72,8817.52,10765.12,9041.58
P06650,Jabón Dove Original 90g,Higiene,9311.36,10834.62,11133.59,11330.82,10709.28
P06651,Yerba Taragüi 1Kg,Almacén,5045.97,4892.98,5930.62,4816.38,5529.43
P06652,Queso Cremoso Tregar 1Kg,Lácteos,9642.06,9129.22,9375.35,11141.8,8909.23
P06653,Pan Lactal Fargo 600g,Panificados,8856.64,8573.52,10822.39,10895.06,10246.06
P06654,Desodorante Poett Primavera 900ml,Limpieza,2219.62,2578.02,2447.79,2340.05,2699.94
P06655,Leche Ilolay Descremada 1L,Lácteos,7331.53,6902.25,7355.85,7403.12,7591.87
P06656,Azúcar Ledesma 1Kg,Almacén,7702.15,9702.8,10014.59,7596.2,8778.17
P06657,Coca-Cola 2.25L,Bebidas,4607.72,5298.9,5965.75,6191.84,5873.2
P06658,Aceite Natura Girasol 1.5L,Almacén,4759.21,4093.54,4562.53,4512.95,4878.16
P06659,Leche La Serenísima Entera 1L,Lácteos,8522.06,8203.32,8746.76,7933.36,8763.96
P06660,Coca-Cola 2.25L,Bebidas,4959.19,6453.36,6042.16,5800.54,5208.93
P06661,Harina Blancaflor 1Kg,Almacén,5511.86,5068.42,6151.43,5439.56,4913.87
P06662,Pan de Campo Bimbo 500g,Panificados,8492.4,7762.41,6669.36,7596.77,8142.07
P06663,Queso Cremoso Tregar 1Kg,Lácteos,3707.49,4263.08,4774.6,3975.65,4199.93
P06664,Cerveza Quilmes 1L x5,Bebidas,9204.61,10345.82,9952.87,10414.11,9141.9
P06665,Lavandina Ayudín 1L x2,Limpieza,4831.21,4978.08,4525.94,3837.82,4182.48
P06666,Jugo Baggio Multifruta 1L,Bebidas,1091.64,829.24,1115.73,919.65,1019.53
P06667,Aceite Natura Girasol 1.5L,Almacén,1208.63,1515.66,1590.07,1316.15,1231.29
P06668,Pasta Dental Colgate Total 90g x5,Higiene,5573.35,6800.87,5876.04,7022.6,6555.77
P06669,Desodorante Rexona Hombre 150ml,Higiene,9473.8,8228.98,8851.92,8443.27,8345.97
P06670,Aceite Natura Girasol 1.5L x4,Almacén,3518.16,3409.61,3243.92,4394.76,4136.79
P06671,Agua Villavicencio 2.25L,Bebidas,1487.82,1321.04,1231.99,1336.8,1548.55
P06672,Aceite Natura Girasol 1.5L,Almacén,6111.19,7610.94,7727.32,7427.53,7592.29
P06673,Desodorante Rexona Hombre 150ml,Higiene,5601.17,6038.46,5804.8,6087.71,5514.47
P06674,Pasta Dental Colgate Total 90g,Higiene,6268.22,5701.63,6084.96,6238.37,5012.18
P06675,Aceite Natura Girasol 1.5L,Almacén,7845.98,7371.7,8086.02,6925.16,6506.02
P06676,Leche La Serenísima Entera 1L,Lácteos,7228.99,7489.27,7769.02,7869.87,7715.7
P06677,Leche Ilolay Descremada 1L x2,Lácteos,4126.77,4160.65,4424.64,3526.02,4033.53
P06678,Pan Lactal Fargo 600g x4,Panificados,8193.55,8372.31,6881.91,8277.75,7672.53
P06679,Galletitas Chocolinas 170g,Panificados,6051.82,5993.33,6346.39,5005.66,6666.7
P06680,Detergente Magistral Limón 750ml,Limpieza,11120.47,10800.91,9878.58,11657.8,12036.38
P06681,Harina Blancaflor 1Kg,Almacén,8147.06,8212.82,6431.85,7478.38,7199.11
P06682,Desodorante Rexona Hombre 150ml,Higiene,3273.84,3135.02,3638.5,3897.79,3373.82
P06683,Jugo Baggio Multifruta 1L x4,Bebidas,6877.11,6488.78,6628.22,5798.34,5762.18
P06684,Shampoo Pantene Restauración 400ml x2,Higiene,5566.02,6981.32,5626.94,7306.94,6633.2
P06685,Desodorante Rexona Hombre 150ml,Higiene,8342.82,7009.28,6498.46,7524.1,8190.41
P06686,Yogur Ser Vainilla 1Kg,Lácteos,1581.65,1406.6,1475.04,1521.48,1458.32
P06687,Fideos Matarazzo Spaghetti 500g,Almacén,12886.15,11781.96,11671.12,11593.31,10328.34
P06688,Desodorante Rexona Hombre 150ml,Higiene,9021.89,7361.88,7160.27,9582.81,9366.16
P06689,Pan Lactal Fargo 600g,Panificados,990.85,985.13,870.75,802.43,946.8
P06690,Galletitas Chocolinas 170g,Panificados,5966.5,4777.52,5793.16,6304.08,4708.72
P06691,Leche La Serenísima Entera 1L,Lácteos,7727.79,7327.42,6543.13,7307.53,8283.91
P06692,Yogur Ser Vainilla 1Kg,Lácteos,8935.32,10320.76,9856.24,8522.37,8748.54
P06693,Harina Blancaflor 1Kg x5,Almacén,4353.72,5920.7,5465.94,5691.78,5008.04
P06694,Harina Blancaflor 1Kg,Almacén,13025.35,10239.73,13094.59,11760.27,12223.03
P06695,Leche La Serenísima Entera 1L,Lácteos,6556.5,5835.12,5759.38,5043.44,4805.62
P06696,Jugo Baggio Multifruta 1L,Bebidas,2269.97,2070.17,1936.28,2000.94,2064.96
P06697,Fideos Matarazzo Spaghetti 500g,Almacén,1888.9,2107.79,2092.6,2425.19,2235.23
P06698,Jabón Dove Original 90g,Higiene,1274.99,1412.79,1425.7,1172.76,1253.08
P06699,Papel Higiénico Higienol 4 Rollos,Higiene,4992.88,4354.01,5018.68,5590.54,5472.46
P06700,Desodorante Rexona Hombre 150ml,Higiene,1540.48,2088.1,1787.18,1953.7,2076.54
P06701,Pan de Campo Bimbo 500g,Panificados,2444.93,1843.79,1936.29,2162.24,2504.13
P06702,Galletitas Chocolinas 170g,Panificados,7449.6,7793.61,6606.31,8414.83,7003.55
P06703,Jugo Baggio Multifruta 1L,Bebidas,12616.96,10292.95,11630.7,10578.48,10186.34
P06704,Pepsi 2.25L,Bebidas,7215.67,6576.02,6731.91,6314.95,8014.42
P06705,Queso Cremoso Tregar 1Kg,Lácteos,2865.26,2442.23,2279.03,2817.02,2804.42
P06706,Cerveza Heineken 1L,Bebidas,13368.22,12027.91,12632.06,13186.74,12872.69
P06707,Desodorante Rexona Hombre 150ml,Higiene,2865.38,2339.0,2798.03,2976.23,2762.26
P06708,Pepsi 2.25L x2,Bebidas,2844.79,3116.27,2812.19,2873.18,2931.78
P06709,Pan de Campo Bimbo 500g,Panificados,7310.91,7789.9,8673.82,9465.16,7379.02
P06710,Aceite Natura Girasol 1.5L,Almacén,6642.12,8252.14,7016.29,7229.72,6710.55
P06711,Papel Higiénico Higienol 4 Rollos,Higiene,1861.13,1677.88,1889.26,1500.53,1514.18
P06712,Bizcochitos Don Satur 200g,Panificados,3398.9,3419.18,3839.04,4137.62,3521.18
P06713,Manteca Sancor 200g x3,Lácteos,8406.0,8799.44,7376.42,8209.37,9033.07
P06714,Azúcar Ledesma 1Kg,Almacén,4618.55,5948.93,5366.07,5337.71,4599.8
P06715,Harina Blancaflor 1Kg,Almacén,9142.36,7720.12,9556.52,7972.23,7539.99
P06716,Galletitas Express 170g x4,Panificados,2520.4,2169.76,2636.63,2390.29,2275.99
P06717,Azúcar Ledesma 1Kg,Almacén,6272.76,8039.58,6568.1,7544.85,6472.99
P06718,Leche Ilolay Descremada 1L,Lácteos,8158.43,7736.89,6063.02,7280.65,6083.46
P06719,Leche La Serenísima Entera 1L,Lácteos,5641.18,7700.71,5778.89,6519.71,7722.86
P06720,Manteca Sancor 200g,Lácteos,7757.16,7234.57,9759.75,9046.72,7972.18
P06721,Jabón Dove Original 90g,Higiene,5808.58,6008.75,6104.22,5624.01,6217.2
P06722,Jabón Dove Original 90g,Higiene,3241.71,2814.31,2647.72,3131.61,2795.5
P06723,Harina Blancaflor 1Kg,Almacén,2123.02,1730.77,2179.05,2152.11,1659.24
P06724,Pepsi 2.25L,Bebidas,4223.07,3839.74,3773.29,4314.68,3423.69
P06725,Yogur Ser Vainilla 1Kg,Lácteos,8039.78,6296.35,7773.26,7117.07,7016.97
P06726,Cerveza Heineken 1L,Bebidas,9361.86,8015.81,9102.55,9381.05,7660.7
P06727,Galletitas Chocolinas 170g,Panificados,1360.81,1683.5,1371.35,1550.95,1389.73
P06728,Shampoo Pantene Restauración 400ml,Higiene,5541.95,7078.87,6742.0,5558.41,5598.96
P06729,Yogur Ser Vainilla 1Kg,Lácteos,4297.66,4323.43,3608.05,4601.54,4682.87
P06730,Aceite Natura Girasol 1.5L,Almacén,1227.67,1212.04,1201.86,1461.23,1394.63
P06731,Jugo Baggio Multifruta 1L,Bebidas,9866.24,9685.75,12229.29,9584.2,9446.48
P06732,Papel Higiénico Higienol 4 Rollos,Higiene,8972.72,10174.29,9630.68,8284.61,9043.21
P06733,Coca-Cola 2.25L,Bebidas,9528.12,9573.07,11879.09,11932.1,8962.48
P06734,Bizcochitos Don Satur 200g x3,Panificados,6526.96,5972.73,5565.71,6783.75,6369.45
P06735,Cerveza Heineken 1L,Bebidas,8807.11,9974.84,9914.73,10525.97,9683.44
P06736,Leche La Serenísima Entera 1L,Lácteos,6092.61,5668.83,5284.84,6178.89,5572.73
P06737,Lavandina Ayudín 1L,Limpieza,3916.32,3529.3,3984.0,3220.3,3483.4
P06738,Aceite Natura Girasol 1.5L,Almacén,12087.99,12450.21,12581.29,12697.27,11823.59
P06739,Pasta Dental Colgate Total 90g,Higiene,3626.42,3215.77,3475.52,3383.17,3700.5
P06740,Harina Blancaflor 1Kg,Almacén,5121.44,4672.01,5600.42,5592.94,4627.78
P06741,Yerba Playadito 1Kg,Almacén,1574.21,1892.98,1893.75,1743.13,1699.36
P06742,Jugo Baggio Multifruta 1L,Bebidas,3326.35,4252.8,4284.84,3727.8,3272.66
P06743,Desodorante Rexona Hombre 150ml,Higiene,8972.63,10571.33,9267.45,10105.05,8935.8
P06744,Leche La Serenísima Entera 1L x3,Lácteos,4541.68,6030.29,5604.28,5574.01,5931.43
P06745,Arroz Gallo Oro 1Kg,Almacén,4813.41,5720.7,4440.58,5245.52,5567.1
P06746,Desodorante Poett Primavera 900ml,Limpieza,4182.96,4065.17,3726.92,3990.22,3878.65
P06747,Queso Cremoso Tregar 1Kg,Lácteos,3192.23,2754.07,2960.39,2559.94,3141.7
P06748,Pan Lactal Fargo 600g,Panificados,3811.58,4832.79,4090.86,3952.56,3745.41
P06749,Coca-Cola 2.25L,Bebidas,2984.11,2762.66,3128.07,3459.85,2709.64
P06750,Lavandina Ayudín 1L,Limpieza,3061.36,2434.69,3035.22,2965.96,2398.0
P06751,Leche La Serenísima Entera 1L,Lácteos,7375.04,6400.44,6887.31,6131.27,6890.08
P06752,Queso Rallado La Paulina 40g x5,Lácteos,7033.84,8085.74,6209.26,8070.83,7797.2
P06753,Bizcochitos Don Satur 200g,Panificados,7498.06,8480.86,8044.87,7223.25,7307.56
P06754,Desodorante Poett Primavera 900ml,Limpieza,2887.64,3111.28,3236.27,3232.55,3922.09
P06755,Leche La Serenísima Entera 1L,Lácteos,5361.7,4968.35,4970.08,4817.48,5704.54
P06756,Galletitas Chocolinas 170g,Panificados,1279.49,1313.6,1078.74,950.05,1222.69
P06757,Pan Lactal Fargo 600g,Panificados,7422.7,6389.34,6612.01,7074.88,6733.4
P06758,Desodorante Poett Primavera 900ml,Limpieza,5875.92,7042.95,5137.05,5508.82,6982.37
P06759,Fideos Matarazzo Spaghetti 500g,Almacén,4223.15,4234.69,4830.71,3828.35,4347.65
P06760,Bizcochitos Don Satur 200g,Panificados,8557.16,8241.46,9453.74,7519.42,8291.35
P06761,Lavandina Ayudín 1L,Limpieza,9403.68,7741.98,8632.03,9229.85,10265.73
P06762,Pasta Dental Colgate Total 90g x3,Higiene,6133.8,6601.19,5470.16,6547.99,6566.94
P06763,Cerveza Quilmes 1L,Bebidas,6210.88,6492.48,6468.34,7230.37,7193.21
P06764,Coca-Cola 2.25L,Bebidas,3305.31,3037.57,2774.5,2792.65,3160.51
P06765,Queso Rallado La Paulina 40g,Lácteos,3467.07,2885.25,2989.58,3215.71,2856.24
P06766,Shampoo Pantene Restauración 400ml,Higiene,6974.26,7893.33,7076.14,7256.83,7296.67
P06767,Desodorante Poett Primavera 900ml x4,Limpieza,6871.62,6635.67,7322.24,8157.29,6292.66
P06768,Yogur Ser Vainilla 1Kg,Lácteos,9886.12,12257.38,12093.77,12048.59,10583.4
P06769,Azúcar Ledesma 1Kg x2,Almacén,10588.35,13430.49,13155.96,13957.04,13528.05
P06770,Azúcar Ledesma 1Kg x4,Almacén,12073.47,11853.57,12510.78,10668.43,11585.26
P06771,Fideos Matarazzo Spaghetti 500g,Almacén,6912.69,6895.53,5549.29,5244.76,5869.14
P06772,Coca-Cola 2.25L,Bebidas,5960.34,5627.66,5621.64,4929.52,5300.03
P06773,Queso Rallado La Paulina 40g x3,Lácteos,1842.72,1919.08,2000.93,2061.19,2243.74
P06774,Pan Lactal Fargo 600g,Panificados,4897.65,3957.1,4121.13,4287.73,3892.57
P06775,Jabón en Polvo Ala 3Kg,Limpieza,10720.8,10759.49,11387.99,10010.74,10277.53
P06776,Bizcochitos Don Satur 200g x5,Panificados,6775.09,8955.01,8740.64,7229.1,8623.18
P06777,Desodorante Rexona Hombre 150ml,Higiene,2006.46,2301.47,2575.87,2745.05,2401.2
P06778,Desodorante Rexona Hombre 150ml,Higiene,5804.51,5568.25,5773.45,5529.64,5532.95
P06779,Pan de Campo Bimbo 500g,Panificados,11414.33,12769.1,12719.47,10475.01,11048.11
P06780,Pan de Campo Bimbo 500g,Panificados,8399.79,7075.66,7697.84,7916.79,7424.28
P06781,Jugo Baggio Multifruta 1L x4,Bebidas,6519.74,5905.35,6059.49,5890.71,5281.76
P06782,Desodorante Poett Primavera 900ml,Limpieza,994.32,1051.92,1027.3,972.03,880.53
P06783,Queso Cremoso Tregar 1Kg,Lácteos,987.35,1033.16,943.59,1093.59,828.74
P06784,Jabón Dove Original 90g,Higiene,8806.44,8759.53,10036.3,8205.14,9290.49
P06785,Harina Blancaflor 1Kg,Almacén,1342.03,1069.52,1424.65,1257.81,1139.03
P06786,Arroz Gallo Oro 1Kg,Almacén,7429.41,9845.44,9677.77,7241.78,8379.78
P06787,Jabón Dove Original 90g,Higiene,8386.6,8570.1,8783.54,7292.22,7964.2
P06788,Suavizante Comfort 900ml,Limpieza,12840.16,12061.04,11888.2,11945.99,10408.31
P06789,Shampoo Pantene Restauración 400ml,Higiene,1922.49,1489.59,1987.88,1974.84,1549.17
P06790,Galletitas Express 170g x5,Panificados,1893.95,1681.1,1484.34,1918.0,1536.79
P06791,Pan Lactal Fargo 600g,Panificados,5810.52,4729.3,5793.5,6310.6,5063.33
P06792,Yerba Playadito 1Kg x2,Almacén,8275.11,8737.95,7336.34,8878.76,8690.99
P06793,Yerba Taragüi 1Kg,Almacén,13893.13,12230.95,11101.19,10865.14,10948.3
P06794,Pepsi 2.25L,Bebidas,4404.22,4305.85,4098.17,4273.11,4635.7
P06795,Suavizante Comfort 900ml,Limpieza,6937.46,8907.37,6875.29,8677.64,8650.38
P06796,Pan Lactal Fargo 600g,Panificados,2650.88,2818.12,3047.62,3226.03,2351.47
P06797,Arroz Gallo Oro 1Kg,Almacén,7765.58,8466.55,9333.69,8603.68,8731.9
P06798,Jabón Dove Original 90g,Higiene,10087.48,9212.51,7994.04,8841.25,8391.77
P06799,Cerveza Heineken 1L,Bebidas,7783.05,10217.22,9290.77,8725.96,9065.19
P06800,Queso Rallado La Paulina 40g,Lácteos,8747.28,11326.12,10051.22,11331.09,9266.76
P06801,Fideos Matarazzo Spaghetti 500g,Almacén,9906.97,9345.26,10731.94,10409.5,11490.05
P06802,Lavandina Ayudín 1L,Limpieza,3933.59,4037.01,4238.83,3849.07,4499.95
P06803,Desodorante Poett Primavera 900ml x2,Limpieza,8862.75,10107.17,9829.26,8682.13,11989.83
P06804,Cerveza Heineken 1L x2,Bebidas,2894.41,2867.11,2997.74,2714.0,3284.95
P06805,Bizcochitos Don Satur 200g x5,Panificados,9043.23,11120.91,10251.1,9039.26,9625.4
P06806,Pan de Campo Bimbo 500g,Panificados,1875.3,2251.42,2179.14,1713.88,1744.8
P06807,Jugo Baggio Multifruta 1L,Bebidas,7603.14,8116.69,7688.26,8846.42,9659.67
P06808,Desodorante Poett Primavera 900ml,Limpieza,10251.95,10963.33,9842.89,9612.56,9738.14
P06809,Azúcar Ledesma 1Kg,Almacén,1488.95,1309.81,1646.1,1413.82,1628.68
P06810,Leche Ilolay Descremada 1L,Lácteos,10700.21,10603.59,8740.12,8183.92,9316.76
P06811,Harina Blancaflor 1Kg,Almacén,4425.22,4329.57,4499.2,3468.4,3996.73
P06812,Leche Ilolay Descremada 1L,Lácteos,6496.59,6567.1,6560.47,7544.43,6200.09
P06813,Galletitas Chocolinas 170g,Panificados,6351.69,8269.02,8268.75,7747.75,6904.31
P06814,Fideos Matarazzo Spaghetti 500g,Almacén,3180.77,2634.73,2815.69,2493.32,3102.52
P06815,Azúcar Ledesma 1Kg,Almacén,1936.56,1520.84,1910.46,1658.66,1474.07
P06816,Coca-Cola 2.25L,Bebidas,9332.57,12228.49,12447.26,9447.81,11692.61
P06817,Azúcar Ledesma 1Kg x4,Almacén,8309.74,9406.51,9410.82,8483.29,7727.2
P06818,Queso Rallado La Paulina 40g,Lácteos,7163.17,6099.67,5546.13,6903.91,7383.78
P06819,Jugo Baggio Multifruta 1L,Bebidas,2168.34,2340.64,2129.67,2132.22,2363.91
P06820,Azúcar Ledesma 1Kg,Almacén,9898.99,8991.22,9097.21,9177.54,9510.79
P06821,Pan de Campo Bimbo 500g,Panificados,3174.12,2574.33,2493.55,2421.21,3229.78
P06822,Pepsi 2.25L,Bebidas,1519.6,1684.51,1372.8,1498.85,1531.96
P06823,Cerveza Quilmes 1L,Bebidas,6614.38,6165.53,6617.81,7701.66,7515.65
P06824,Lavandina Ayudín 1L,Limpieza,8150.84,8769.27,9781.25,9026.58,10518.52
P06825,Yerba Taragüi 1Kg x3,Almacén,3173.45,3527.8,4217.7,3575.9,3209.08
P06826,Pan Lactal Fargo 600g,Panificados,9733.02,10871.91,10599.2,8759.58,10720.39
P06827,Cerveza Quilmes 1L,Bebidas,3809.97,3607.55,3243.12,3608.66,3256.98
P06828,Queso Rallado La Paulina 40g,Lácteos,10599.3,9399.54,12198.3,12601.4,12832.7
P06829,Pan Lactal Fargo 600g,Panificados,8031.9,9883.65,9016.13,7784.99,8179.16
P06830,Manteca Sancor 200g x2,Lácteos,7307.34,6756.15,6007.19,6335.02,5571.86
P06831,Yerba Playadito 1Kg,Almacén,9791.56,10473.01,7957.26,10482.73,9078.39
P06832,Pan de Campo Bimbo 500g,Panificados,8095.85,6487.85,8975.24,8093.71,6761.8
P06833,Pasta Dental Colgate Total 90g,Higiene,1736.89,1791.43,1576.05,1679.83,1433.11
P06834,Desodorante Poett Primavera 900ml,Limpieza,4316.81,3641.41,3592.22,4066.38,4280.32
P06835,Galletitas Chocolinas 170g,Panificados,10145.59,12262.93,11634.18,12429.1,12260.55
P06836,Bizcochitos Don Satur 200g,Panificados,3260.05,2941.81,3033.47,2679.57,3038.15
P06837,Shampoo Pantene Restauración 400ml,Higiene,10175.35,7661.12,10154.03,9029.16,8862.14
P06838,Harina Blancaflor 1Kg,Almacén,11015.99,11001.55,10473.03,11138.53,11176.56
P06839,Leche La Serenísima Entera 1L,Lácteos,9618.84,13278.34,11354.24,12605.51,12047.76
P06840,Coca-Cola 2.25L,Bebidas,4340.3,4554.94,4837.71,4840.27,4941.05
P06841,Pan de Campo Bimbo 500g,Panificados,6265.44,6782.4,6454.16,6711.13,6718.84
P06842,Pasta Dental Colgate Total 90g,Higiene,1855.3,2301.21,1889.5,1727.17,1709.64
P06843,Pan de Campo Bimbo 500g,Panificados,8095.72,7277.38,8907.66,8263.6,6576.44
P06844,Harina Blancaflor 1Kg,Almacén,11423.57,10577.16,10912.08,11394.83,9901.04
P06845,Detergente Magistral Limón 750ml,Limpieza,5281.89,5341.06,5398.99,5970.98,4926.95
P06846,Galletitas Chocolinas 170g,Panificados,8943.88,7848.83,10582.76,9289.16,8503.66
P06847,Suavizante Comfort 900ml,Limpieza,5413.73,5617.12,6246.89,5725.4,5740.35
P06848,Jugo Baggio Multifruta 1L x3,Bebidas,2671.51,2070.75,2318.22,2281.37,2086.65
P06849,Azúcar Ledesma 1Kg,Almacén,8468.02,9877.81,9935.04,8797.18,8523.94
P06850,Galletitas Chocolinas 170g x3,Panificados,1000.38,1274.92,1175.34,1136.75,1078.06
P06851,Aceite Natura Girasol 1.5L,Almacén,10867.27,11385.36,11576.89,9125.79,10203.71
P06852,Arroz Gallo Oro 1Kg x3,Almacén,712.93,652.43,860.52,682.25,695.81
P06853,Pepsi 2.25L,Bebidas,5250.37,4667.19,4975.63,5710.32,4963.05
P06854,Detergente Magistral Limón 750ml,Limpieza,9739.38,12035.36,12604.5,11664.22,10423.63
P06855,Aceite Natura Girasol 1.5L,Almacén,1374.77,1267.18,1435.7,1518.73,1338.48
P06856,Lavandina Ayudín 1L,Limpieza,4398.31,3797.48,4772.18,4537.19,3947.27
P06857,Pan Lactal Fargo 600g,Panificados,5801.38,4690.47,4997.37,5637.62,4335.28
P06858,Yogur Ser Vainilla 1Kg,Lácteos,4648.93,4087.69,3677.13,4683.33,4990.63
P06859,Agua Villavicencio 2.25L,Bebidas,2146.98,2032.48,2160.54,2010.74,1968.76
P06860,Harina Blancaflor 1Kg,Almacén,4562.48,3315.14,4230.03,4334.75,4433.64
P06861,Galletitas Express 170g,Panificados,6543.81,5341.85,4927.32,5934.42,6275.77
P06862,Fideos Matarazzo Spaghetti 500g,Almacén,5542.43,6237.26,5629.33,6259.66,5526.87
P06863,Cerveza Quilmes 1L,Bebidas,3228.74,3814.79,3039.98,2984.96,3753.67
P06864,Galletitas Chocolinas 170g,Panificados,6968.29,7326.85,9038.9,7522.51,8389.68
P06865,Manteca Sancor 200g,Lácteos,6957.62,6223.02,6884.39,7551.48,6426.9
P06866,Detergente Magistral Limón 750ml,Limpieza,8022.85,6684.78,7655.09,7755.35,7225.0
P06867,Agua Villavicencio 2.25L x5,Bebidas,1708.48,1392.91,1809.61,1676.27,1557.03
P06868,Queso Cremoso Tregar 1Kg,Lácteos,6721.49,7164.98,7525.58,6382.26,6473.43
P06869,Fideos Matarazzo Spaghetti 500g,Almacén,5135.77,4959.78,6557.58,6815.85,5302.63
P06870,Pepsi 2.25L,Bebidas,9272.36,7583.19,8037.29,8522.36,7389.38
P06871,Pasta Dental Colgate Total 90g,Higiene,995.19,995.25,1138.34,1034.78,965.72
P06872,Agua Villavicencio 2.25L x2,Bebidas,9309.03,9488.68,9771.08,11757.62,10143.8
P06873,Papel Higiénico Higienol 4 Rollos,Higiene,4569.83,4710.03,4710.3,4067.85,4230.04
P06874,Pepsi 2.25L x4,Bebidas,8551.21,6456.15,7062.35,8211.59,8361.8
P06875,Queso Rallado La Paulina 40g,Lácteos,10788.16,11817.21,13554.31,12346.48,13429.57
P06876,Pan de Campo Bimbo 500g,Panificados,6112.94,6757.63,7654.42,6181.55,7208.78
P06877,Papel Higiénico Higienol 4 Rollos,Higiene,8793.03,8604.33,9964.29,10863.04,10475.1
P06878,Queso Cremoso Tregar 1Kg x4,Lácteos,2236.55,2094.14,1848.53,2057.43,2120.93
P06879,Jugo Baggio Multifruta 1L,Bebidas,8002.62,8172.08,5999.28,6627.0,5923.28
P06880,Azúcar Ledesma 1Kg,Almacén,7318.81,7703.42,6053.7,6181.77,7010.67
P06881,Suavizante Comfort 900ml,Limpieza,5958.64,5332.11,4746.43,4750.58,5898.05
P06882,Cerveza Heineken 1L,Bebidas,12551.26,9297.26,10535.5,10514.37,9547.02
P06883,Galletitas Express 170g,Panificados,13004.79,11492.46,12479.98,10532.58,12464.65
P06884,Aceite Natura Girasol 1.5L,Almacén,10093.13,11720.13,12020.66,12258.56,9849.81
P06885,Agua Villavicencio 2.25L,Bebidas,6991.17,6843.14,7751.41,7591.63,6987.24
P06886,Galletitas Express 170g x3,Panificados,7194.64,8488.56,6696.59,7427.15,8598.04
P06887,Galletitas Chocolinas 170g,Panificados,3992.64,3454.37,3622.72,3635.33,4515.78
P06888,Yogur Ser Vainilla 1Kg,Lácteos,1273.2,1273.11,1443.34,1218.82,1458.86
P06889,Jugo Baggio Multifruta 1L,Bebidas,8406.06,7661.42,8484.72,6653.61,8442.16
P06890,Bizcochitos Don Satur 200g,Panificados,9089.52,7400.5,9151.27,9443.15,7306.34
P06891,Leche La Serenísima Entera 1L,Lácteos,1550.26,1612.57,1514.37,1636.66,1358.18
P06892,Agua Villavicencio 2.25L,Bebidas,1857.99,1761.19,1412.72,1752.74,1704.32
P06893,Aceite Natura Girasol 1.5L,Almacén,6138.45,6927.28,7151.81,5937.77,5593.66
P06894,Queso Cremoso Tregar 1Kg,Lácteos,4847.84,4766.32,5223.49,4975.96,4855.82
P06895,Leche Ilolay Descremada 1L,Lácteos,11551.8,11924.83,12434.25,11183.5,12509.86
P06896,Desodorante Poett Primavera 900ml,Limpieza,12262.22,10387.41,12982.28,11493.75,10468.65
P06897,Yerba Playadito 1Kg,Almacén,3693.3,3839.9,3141.01,3936.1,3274.48
P06898,Yogur Ser Vainilla 1Kg x4,Lácteos,4896.52,6364.47,6255.66,4922.89,5265.32
P06899,Jabón Dove Original 90g,Higiene,10400.02,9377.62,7863.45,10380.42,10253.34
P06900,Aceite Natura Girasol 1.5L x2,Almacén,3411.88,4319.1,4179.08,4067.9,4107.53
P06901,Pepsi 2.25L,Bebidas,2199.99,2384.09,2206.11,2096.42,1966.79
P06902,Jabón en Polvo Ala 3Kg,Limpieza,1717.79,1400.46,1471.98,1882.32,1433.74
P06903,Pan Lactal Fargo 600g,Panificados,6417.12,7520.49,7505.0,7661.74,8073.89
P06904,Bizcochitos Don Satur 200g,Panificados,11989.68,12108.75,12123.02,9055.95,9707.35
P06905,Queso Rallado La Paulina 40g,Lácteos,2434.09,2739.87,2148.84,2714.1,2403.02
P06906,Jugo Baggio Multifruta 1L x4,Bebidas,6595.36,7866.1,7687.85,6283.3,6883.01
P06907,Jabón en Polvo Ala 3Kg,Limpieza,9474.44,12811.15,12773.54,12489.86,9428.36
P06908,Azúcar Ledesma 1Kg,Almacén,7755.19,8513.92,9034.05,7567.86,9589.64
P06909,Jabón Dove Original 90g,Higiene,3828.51,3696.82,5018.71,4275.3,4445.55
P06910,Shampoo Pantene Restauración 400ml,Higiene,6800.42,6254.12,5944.84,6172.15,5889.76
P06911,Lavandina Ayudín 1L,Limpieza,7608.02,8017.68,8098.8,6591.02,6808.49
P06912,Cerveza Quilmes 1L,Bebidas,8228.13,8334.55,8306.54,7445.36,8294.23
P06913,Pan Lactal Fargo 600g,Panificados,7157.15,7980.99,8333.42,8718.96,8714.76
P06914,Coca-Cola 2.25L,Bebidas,5993.37,5228.03,5703.23,5216.13,4992.84
P06915,Arroz Gallo Oro 1Kg,Almacén,3135.03,3776.02,4201.18,3807.22,3688.4
P06916,Suavizante Comfort 900ml,Limpieza,12017.62,11173.67,12254.62,10178.6,11078.28
P06917,Shampoo Pantene Restauración 400ml,Higiene,11261.63,8917.03,11863.46,11618.09,8886.8
P06918,Desodorante Poett Primavera 900ml,Limpieza,12194.43,10048.77,10074.17,11669.85,12524.58
P06919,Detergente Magistral Limón 750ml x2,Limpieza,7685.6,7686.79,7299.7,7254.84,8072.3
P06920,Arroz Gallo Oro 1Kg,Almacén,7527.27,7819.9,6635.72,8302.8,7904.27
P06921,Cerveza Quilmes 1L,Bebidas,7257.43,6592.44,6752.1,7228.99,7810.81
P06922,Queso Cremoso Tregar 1Kg,Lácteos,5021.05,4988.12,4585.47,4252.17,4752.95
P06923,Galletitas Chocolinas 170g x2,Panificados,6878.25,6043.06,5259.67,5671.21,6910.5
P06924,Galletitas Express 170g,Panificados,4404.97,4644.69,3937.94,4623.73,3692.51
P06925,Papel Higiénico Higienol 4 Rollos x3,Higiene,3958.08,4205.27,3209.97,4123.05,3875.74
P06926,Leche Ilolay Descremada 1L,Lácteos,8829.52,9888.97,11544.26,8990.64,11453.46
P06927,Leche La Serenísima Entera 1L,Lácteos,3200.12,2768.94,2839.64,3464.59,3272.9
P06928,Queso Cremoso Tregar 1Kg,Lácteos,7095.32,6934.51,7042.42,6371.94,7978.37
P06929,Yerba Playadito 1Kg,Almacén,2834.49,3842.8,3019.82,2839.81,3302.97
P06930,Pepsi 2.25L,Bebidas,6611.59,6302.33,6660.26,6011.7,8255.74
P06931,Fideos Matarazzo Spaghetti 500g,Almacén,10616.88,8300.17,8801.39,8676.06,8465.56
P06932,Yerba Playadito 1Kg,Almacén,1784.84,2235.04,1827.2,2369.5,1932.63
P06933,Suavizante Comfort 900ml,Limpieza,11663.91,9553.24,12138.07,12031.25,10591.37
P06934,Agua Villavicencio 2.25L,Bebidas,7995.92,7967.79,7013.34,6577.86,7419.23
P06935,Queso Cremoso Tregar 1Kg,Lácteos,2841.01,2768.7,3042.86,2922.57,2941.71
P06936,Detergente Magistral Limón 750ml,Limpieza,8246.77,8176.89,7997.46,7483.1,7213.33
P06937,Papel Higiénico Higienol 4 Rollos,Higiene,9774.66,10923.18,11337.28,8972.17,9678.38
P06938,Aceite Natura Girasol 1.5L,Almacén,2221.17,2521.91,2197.13,2520.56,2485.74
P06939,Desodorante Poett Primavera 900ml,Limpieza,6607.5,5975.9,5062.05,5652.53,5026.96
P06940,Detergente Magistral Limón 750ml,Limpieza,12043.84,10159.42,10985.19,9003.63,10411.12
P06941,Fideos Matarazzo Spaghetti 500g,Almacén,8666.19,11266.62,10552.35,9813.87,11823.59
P06942,Jabón en Polvo Ala 3Kg,Limpieza,2360.68,2409.34,2258.21,2302.48,2281.93
P06943,Pasta Dental Colgate Total 90g,Higiene,10338.28,10436.58,10609.32,10887.88,10994.32
P06944,Queso Cremoso Tregar 1Kg,Lácteos,9873.7,7603.28,8693.53,9573.72,7793.5
P06945,Leche Ilolay Descremada 1L,Lácteos,9902.12,10145.03,8509.39,8657.73,9329.56
P06946,Galletitas Express 170g,Panificados,12021.04,11505.44,12355.64,12410.0,11360.91
P06947,Jabón en Polvo Ala 3Kg,Limpieza,724.39,635.82,813.46,766.93,814.29
P06948,Leche Ilolay Descremada 1L,Lácteos,10528.73,9902.29,8351.61,10437.58,8988.97
P06949,Harina Blancaflor 1Kg,Almacén,7812.53,8782.08,8167.46,8246.32,9708.7
P06950,Galletitas Express 170g,Panificados,3022.73,3186.14,3151.6,2693.38,2701.06
P06951,Leche Ilolay Descremada 1L,Lácteos,12137.84,12932.67,11142.85,13577.17,11966.45
P06952,Detergente Magistral Limón 750ml,Limpieza,10202.4,13006.65,13238.64,10291.42,12698.41
P06953,Papel Higiénico Higienol 4 Rollos,Higiene,9530.57,11861.76,11194.06,9892.49,11917.44
P06954,Galletitas Chocolinas 170g,Panificados,11939.1,11676.49,10952.12,10639.7,13018.62
P06955,Galletitas Chocolinas 170g,Panificados,3497.36,3617.86,3226.18,3043.31,3272.42
P06956,Galletitas Express 170g,Panificados,4545.08,3521.77,4208.72,4495.52,4652.14
P06957,Cerveza Heineken 1L,Bebidas,2768.62,2641.99,3406.98,2953.56,3291.8
P06958,Bizcochitos Don Satur 200g,Panificados,1822.89,1502.73,1773.89,1832.52,1849.33
P06959,Jabón Dove Original 90g,Higiene,9507.62,11502.0,9820.34,9824.03,11727.98
P06960,Detergente Magistral Limón 750ml,Limpieza,2761.23,3437.64,3237.99,2768.41,2950.4
P06961,Aceite Natura Girasol 1.5L,Almacén,6833.08,7593.92,6089.89,5728.76,7696.41
P06962,Galletitas Chocolinas 170g,Panificados,1428.57,1294.85,1566.5,1632.62,1440.88
P06963,Jabón Dove Original 90g x4,Higiene,10824.51,10837.97,10056.42,10798.99,9893.64
P06964,Queso Rallado La Paulina 40g,Lácteos,2998.17,2716.35,2493.1,2746.36,2802.27
P06965,Aceite Natura Girasol 1.5L,Almacén,10390.75,13397.86,12185.06,12062.69,12426.21
P06966,Arroz Gallo Oro 1Kg,Almacén,11853.34,9509.21,11798.17,10798.56,11986.83
P06967,Azúcar Ledesma 1Kg x5,Almacén,12202.72,12682.28,11326.31,10067.88,10499.66
P06968,Yerba Taragüi 1Kg,Almacén,4058.5,5386.97,4326.88,4151.22,4892.67
P06969,Jugo Baggio Multifruta 1L x4,Bebidas,10745.67,11021.34,11858.19,9830.3,11186.74
P06970,Queso Rallado La Paulina 40g,Lácteos,5751.21,6870.59,6012.67,7118.73,6427.84
P06971,Yerba Playadito 1Kg,Almacén,5172.22,4373.09,4726.89,4471.01,5268.13
P06972,Pan Lactal Fargo 600g,Panificados,5472.31,5802.39,5132.65,4629.59,5423.52
P06973,Azúcar Ledesma 1Kg,Almacén,11404.16,11681.44,9835.52,10204.41,12738.85
P06974,Papel Higiénico Higienol 4 Rollos,Higiene,4124.64,4336.87,4509.96,3689.69,4742.28
P06975,Azúcar Ledesma 1Kg x5,Almacén,12194.5,11552.18,11867.68,11225.43,11075.19
P06976,Agua Villavicencio 2.25L x3,Bebidas,10746.0,8482.15,8635.86,9416.17,10958.06
P06977,Yerba Playadito 1Kg x4,Almacén,8730.18,10113.9,8571.03,10434.8,10219.28
P06978,Yerba Playadito 1Kg,Almacén,6912.99,6800.0,7270.05,6829.01,5595.96
P06979,Bizcochitos Don Satur 200g x3,Panificados,4401.94,4560.26,4542.88,4460.42,4049.65
P06980,Yogur Ser Vainilla 1Kg,Lácteos,12455.47,11522.94,12180.26,9820.96,13136.73
P06981,Fideos Matarazzo Spaghetti 500g x3,Almacén,3915.11,4881.03,4372.85,3949.75,4655.35
P06982,Papel Higiénico Higienol 4 Rollos,Higiene,4359.89,4807.76,4626.22,4981.38,4783.31
P06983,Jabón Dove Original 90g x4,Higiene,4444.18,5433.51,4539.06,4161.64,5566.13
P06984,Desodorante Rexona Hombre 150ml,Higiene,7222.05,8138.26,7431.15,7941.41,7306.82
P06985,Yogur Ser Vainilla 1Kg,Lácteos,1836.48,1839.76,1907.51,1940.83,1767.5
P06986,Leche Ilolay Descremada 1L,Lácteos,7668.16,5599.41,6062.32,6270.63,5626.05
P06987,Cerveza Quilmes 1L x2,Bebidas,3713.44,4931.51,4169.33,4998.66,4048.4
P06988,Pasta Dental Colgate Total 90g,Higiene,11232.13,8859.52,11569.05,9597.78,10636.64
P06989,Bizcochitos Don Satur 200g,Panificados,8926.62,10638.92,9654.87,9453.3,10701.74
P06990,Galletitas Express 170g,Panificados,5494.88,4526.61,5573.09,5191.24,4429.08
P06991,Suavizante Comfort 900ml,Limpieza,9836.71,10009.21,8284.45,8847.48,10042.2
P06992,Jugo Baggio Multifruta 1L,Bebidas,8230.46,9651.66,9191.0,8182.55,9431.81
P06993,Fideos Matarazzo Spaghetti 500g,Almacén,2356.5,2261.67,2173.04,2016.62,2548.83
P06994,Leche La Serenísima Entera 1L,Lácteos,621.23,812.24,658.15,802.34,761.17
P06995,Yerba Taragüi 1Kg,Almacén,6073.68,6725.2,6954.78,5623.18,6087.66
P06996,Queso Rallado La Paulina 40g,Lácteos,8230.99,9314.23,9514.44,9616.56,9940.17
P06997,Detergente Magistral Limón 750ml,Limpieza,10393.46,10506.6,12089.04,12190.12,10207.29
P06998,Galletitas Chocolinas 170g,Panificados,3260.39,3122.8,3117.73,3241.47,3677.4
P06999,Pan de Campo Bimbo 500g,Panificados,8737.3,8280.93,8845.41,8226.88,6465.93
P07000,Manteca Sancor 200g,Lácteos,5544.36,5624.56,5274.69,4506.21,4640.81
P07001,Azúcar Ledesma 1Kg x3,Almacén,13609.56,13562.0,12605.04,13692.07,10087.34
P07002,Arroz Gallo Oro 1Kg,Almacén,13081.46,13839.69,11676.73,13025.73,12718.75
P07003,Coca-Cola 2.25L,Bebidas,2895.73,3392.16,3577.24,2775.11,2970.91
P07004,Jugo Baggio Multifruta 1L,Bebidas,11058.09,11110.68,8575.05,9228.37,10429.5
P07005,Coca-Cola 2.25L,Bebidas,3553.36,3307.35,3460.93,3060.84,2647.34
P07006,Jabón en Polvo Ala 3Kg,Limpieza,11691.46,10160.06,10337.43,10663.85,8986.77
P07007,Pan Lactal Fargo 600g,Panificados,1520.48,1345.69,1590.16,1606.17,1453.68
P07008,Yerba Taragüi 1Kg x5,Almacén,7595.72,7446.67,6983.34,9137.2,8392.81
P07009,Galletitas Chocolinas 170g,Panificados,3665.7,3675.4,3424.64,4208.25,4087.16
P07010,Suavizante Comfort 900ml,Limpieza,10093.45,9861.98,10392.67,10458.89,12002.36
P07011,Desodorante Rexona Hombre 150ml,Higiene,12667.67,12514.23,10485.84,12472.82,12557.75
P07012,Suavizante Comfort 900ml,Limpieza,5296.96,5981.83,6029.86,6914.5,5223.0
P07013,Manteca Sancor 200g,Lácteos,2898.98,3085.88,3031.25,3113.99,2690.01
P07014,Harina Blancaflor 1Kg,Almacén,10093.97,8397.71,10913.2,10545.58,9558.88
P07015,Pan de Campo Bimbo 500g x2,Panificados,4233.46,4742.3,4947.1,4266.21,4939.09
P07016,Leche Ilolay Descremada 1L,Lácteos,6805.31,8290.68,7542.2,8244.86,6082.75
P07017,Desodorante Rexona Hombre 150ml,Higiene,7648.1,6670.84,7361.45,8338.68,7103.24
P07018,Agua Villavicencio 2.25L,Bebidas,4845.7,5863.97,5439.64,5972.22,4939.36
P07019,Jabón Dove Original 90g,Higiene,1930.32,2572.96,2172.0,2371.04,2165.6
P07020,Cerveza Quilmes 1L,Bebidas,7131.96,7715.58,7947.94,6597.7,7125.36
P07021,Azúcar Ledesma 1Kg,Almacén,3144.77,3003.29,2662.58,2785.44,2466.0
P07022,Pasta Dental Colgate Total 90g,Higiene,5735.51,6107.37,5065.59,5807.19,5490.88
P07023,Papel Higiénico Higienol 4 Rollos,Higiene,2331.22,1931.88,2235.89,2529.93,2164.3
P07024,Harina Blancaflor 1Kg,Almacén,7248.06,8645.83,8831.85,6847.78,8887.08
P07025,Suavizante Comfort 900ml,Limpieza,10705.1,10781.5,9859.31,9682.64,8502.87
P07026,Desodorante Poett Primavera 900ml x4,Limpieza,6101.93,6489.05,6840.38,7527.65,5574.78
P07027,Pasta Dental Colgate Total 90g,Higiene,2272.99,2146.94,2176.79,2100.66,2418.1
P07028,Galletitas Express 170g,Panificados,10908.6,9597.02,8321.96,10171.64,9730.07
P07029,Desodorante Poett Primavera 900ml,Limpieza,10682.13,13018.01,12002.39,12487.84,11026.94
P07030,Leche Ilolay Descremada 1L,Lácteos,5014.26,3903.61,4807.08,4388.05,5203.45
P07031,Galletitas Chocolinas 170g,Panificados,5192.13,4688.08,5508.56,4061.37,4592.55
P07032,Galletitas Chocolinas 170g,Panificados,2786.77,3578.4,3019.61,3537.67,2735.31
P07033,Shampoo Pantene Restauración 400ml,Higiene,2571.62,2567.71,2554.18,2027.34,2699.77
P07034,Detergente Magistral Limón 750ml,Limpieza,2441.68,2135.29,2904.64,2140.52,2597.28
P07035,Coca-Cola 2.25L x3,Bebidas,3517.55,3706.2,4473.76,3969.23,3739.61
P07036,Leche Ilolay Descremada 1L,Lácteos,6143.73,5998.09,4861.44,5637.19,6012.86
P07037,Agua Villavicencio 2.25L,Bebidas,10279.85,12778.23,12615.35,11816.85,10121.47
P07038,Pepsi 2.25L,Bebidas,10861.68,8978.32,10048.56,9472.45,10122.35
P07039,Leche La Serenísima Entera 1L,Lácteos,2076.76,2284.2,2099.02,2300.04,2139.05
P07040,Jugo Baggio Multifruta 1L,Bebidas,1598.03,1704.07,1818.19,1830.73,1403.15
P07041,Galletitas Express 170g,Panificados,10740.66,10128.59,8804.19,9326.2,9892.17
P07042,Harina Blancaflor 1Kg x5,Almacén,12430.13,11617.89,11192.68,10330.4,10457.23
P07043,Galletitas Express 170g,Panificados,8805.42,10919.57,10270.81,10788.16,9022.48
P07044,Papel Higiénico Higienol 4 Rollos,Higiene,9633.42,11324.22,12783.43,9680.96,11759.16
P07045,Manteca Sancor 200g,Lácteos,11853.28,11729.66,9803.29,10694.15,10895.94
P07046,Jabón en Polvo Ala 3Kg,Limpieza,6708.4,5955.49,6365.64,6552.78,6079.69
P07047,Cerveza Heineken 1L,Bebidas,7791.15,6806.83,6485.81,8365.21,7457.33
P07048,Aceite Natura Girasol 1.5L,Almacén,3787.43,3815.57,4103.65,3549.73,3530.62
P07049,Galletitas Chocolinas 170g,Panificados,7637.09,7751.19,6301.06,6723.76,6438.15
P07050,Queso Rallado La Paulina 40g,Lácteos,7658.96,7370.79,7029.5,7250.91,7072.54
P07051,Jabón en Polvo Ala 3Kg,Limpieza,7482.02,6443.81,8582.66,7960.56,6653.64
P07052,Aceite Natura Girasol 1.5L,Almacén,11855.01,10979.66,11435.36,11444.37,10905.58
P07053,Queso Cremoso Tregar 1Kg,Lácteos,4236.95,3847.94,3797.61,3286.37,3439.45
P07054,Bizcochitos Don Satur 200g,Panificados,3601.83,3020.6,2807.91,3038.21,2994.15
P07055,Galletitas Chocolinas 170g,Panificados,4878.27,4043.83,4008.17,5122.19,4429.04
P07056,Pasta Dental Colgate Total 90g,Higiene,5889.61,4971.5,4907.16,4858.36,6181.02
P07057,Pan de Campo Bimbo 500g x3,Panificados,7110.5,7924.84,7902.15,7303.28,6440.18
P07058,Bizcochitos Don Satur 200g,Panificados,2790.8,2811.56,2646.98,2636.14,2887.62
P07059,Cerveza Quilmes 1L,Bebidas,12853.65,12297.04,13159.37,12873.46,10145.05
P07060,Yogur Ser Vainilla 1Kg,Lácteos,9059.42,9950.51,9121.69,9158.99,8268.36
P07061,Jugo Baggio Multifruta 1L,Bebidas,9313.3,9422.5,8042.01,8757.57,8941.89
P07062,Aceite Natura Girasol 1.5L,Almacén,3313.28,3522.41,2758.68,2838.02,2918.02
P07063,Leche La Serenísima Entera 1L,Lácteos,11202.92,11420.25,11356.21,12240.53,11576.06
P07064,Aceite Natura Girasol 1.5L,Almacén,11887.89,12233.9,11872.4,11882.86,10019.82
P07065,Detergente Magistral Limón 750ml,Limpieza,9641.49,8250.68,9085.5,9080.21,9627.44
P07066,Cerveza Quilmes 1L,Bebidas,6003.13,6455.88,6123.29,7869.6,6690.49
P07067,Papel Higiénico Higienol 4 Rollos x4,Higiene,5818.84,4781.92,5104.32,4409.98,5337.22
P07068,Pan Lactal Fargo 600g,Panificados,6923.79,5733.01,7646.28,6154.29,5806.41
P07069,Yerba Taragüi 1Kg,Almacén,4218.91,5028.04,4922.15,4393.11,4370.03
P07070,Pepsi 2.25L,Bebidas,5423.42,7054.3,6271.12,7305.87,5421.18
P07071,Shampoo Pantene Restauración 400ml,Higiene,8188.18,10380.42,9831.26,10194.5,9242.44
P07072,Manteca Sancor 200g,Lácteos,1066.09,1006.72,980.37,1049.22,804.16
P07073,Cerveza Quilmes 1L,Bebidas,1730.22,1623.1,1516.64,1311.93,1557.79
P07074,Papel Higiénico Higienol 4 Rollos,Higiene,8728.19,8626.16,8132.36,10060.24,9434.12
P07075,Yerba Taragüi 1Kg,Almacén,929.27,1037.42,1026.89,961.52,1060.48
P07076,Aceite Natura Girasol 1.5L,Almacén,2486.58,2942.15,2534.54,2720.92,3189.3
P07077,Queso Cremoso Tregar 1Kg,Lácteos,5167.66,6159.0,6413.72,6831.12,6589.97
P07078,Cerveza Heineken 1L,Bebidas,9170.28,7247.55,6649.46,8658.14,9070.57
P07079,Azúcar Ledesma 1Kg,Almacén,9174.82,9194.76,7142.56,8843.18,8780.67
P07080,Galletitas Express 170g,Panificados,1947.86,2331.5,2137.81,1881.08,2116.05
P07081,Shampoo Pantene Restauración 400ml,Higiene,4510.8,4895.13,4091.85,3946.33,4187.75
P07082,Lavandina Ayudín 1L,Limpieza,3980.54,3676.72,3873.33,4068.8,4602.93
P07083,Shampoo Pantene Restauración 400ml,Higiene,4415.06,4461.85,5250.81,3871.57,4804.1
P07084,Detergente Magistral Limón 750ml x5,Limpieza,4716.82,5124.4,4334.15,4606.39,5705.66
P07085,Harina Blancaflor 1Kg x3,Almacén,4254.88,5111.81,4332.91,5397.86,4803.84
P07086,Manteca Sancor 200g,Lácteos,2338.67,2550.39,2808.01,2645.27,2873.35
P07087,Galletitas Chocolinas 170g x3,Panificados,7543.97,8782.8,8646.47,9057.83,7959.76
P07088,Lavandina Ayudín 1L,Limpieza,2574.29,1883.97,2567.8,1946.65,2333.21
P07089,Galletitas Express 170g,Panificados,12536.32,13058.68,10603.36,13301.28,13180.33
P07090,Cerveza Heineken 1L,Bebidas,4585.62,4624.3,4800.69,6019.16,5779.84
P07091,Yerba Playadito 1Kg,Almacén,7479.99,7391.28,5748.57,7377.22,5805.53
P07092,Lavandina Ayudín 1L,Limpieza,9068.8,8340.61,7997.34,8073.23,8005.56
P07093,Azúcar Ledesma 1Kg x2,Almacén,4492.74,4761.86,5330.97,5286.09,4866.01
P07094,Arroz Gallo Oro 1Kg,Almacén,9884.65,10664.7,10519.65,10524.84,12031.29
P07095,Arroz Gallo Oro 1Kg,Almacén,6677.56,5100.34,5784.08,6358.28,5483.69
P07096,Cerveza Quilmes 1L,Bebidas,802.94,670.77,710.68,707.83,659.55
P07097,Aceite Natura Girasol 1.5L,Almacén,1787.28,1749.34,1770.06,1652.11,1632.3
P07098,Coca-Cola 2.25L,Bebidas,7648.2,7023.37,7936.66,8076.15,8038.77
P07099,Queso Rallado La Paulina 40g,Lácteos,6914.75,5931.45,7798.2,7534.48,6702.16
P07100,Detergente Magistral Limón 750ml,Limpieza,12439.65,12670.97,11577.05,12393.93,11355.84
P07101,Cerveza Quilmes 1L,Bebidas,9627.55,11520.73,11491.4,9733.23,12304.84
P07102,Bizcochitos Don Satur 200g,Panificados,7389.52,8380.74,7191.08,9219.0,8075.68
P07103,Leche Ilolay Descremada 1L,Lácteos,2051.18,2096.22,1775.57,2021.11,2000.53
P07104,Jugo Baggio Multifruta 1L,Bebidas,4001.94,3286.09,3284.06,3542.87,4125.88
P07105,Bizcochitos Don Satur 200g,Panificados,1249.82,1395.34,1172.26,1077.78,1302.62
P07106,Pan Lactal Fargo 600g,Panificados,5740.68,5667.19,5823.82,6710.6,7004.34
P07107,Pan de Campo Bimbo 500g,Panificados,1486.01,1475.04,1577.58,1789.99,1480.46
P07108,Pan de Campo Bimbo 500g,Panificados,4913.54,4567.01,4304.54,5493.14,5138.67
P07109,Azúcar Ledesma 1Kg,Almacén,10379.49,9687.66,10342.28,10651.26,11335.52
P07110,Queso Rallado La Paulina 40g,Lácteos,9187.86,7921.52,8937.67,8133.87,8411.46
P07111,Fideos Matarazzo Spaghetti 500g,Almacén,4273.51,4707.99,4615.92,5283.4,5001.96
P07112,Manteca Sancor 200g,Lácteos,1783.45,1726.67,1748.82,2108.66,2175.35
P07113,Jabón Dove Original 90g,Higiene,7900.48,9842.94,7481.65,8348.19,7460.73
P07114,Desodorante Poett Primavera 900ml,Limpieza,960.39,898.64,1169.17,1204.78,1030.59
P07115,Queso Cremoso Tregar 1Kg,Lácteos,11560.06,9411.32,9831.27,11265.95,10831.5
P07116,Cerveza Heineken 1L,Bebidas,7637.81,8338.55,8653.07,8996.61,7237.58
P07117,Galletitas Chocolinas 170g x4,Panificados,6204.55,6046.54,7462.76,6097.33,7798.34
P07118,Coca-Cola 2.25L,Bebidas,9122.14,9296.24,9074.2,10070.23,10954.71
P07119,Yerba Taragüi 1Kg x4,Almacén,5625.12,7111.93,6631.05,6782.71,6893.3
P07120,Aceite Natura Girasol 1.5L,Almacén,3213.39,3320.85,3304.45,4369.39,3267.61
P07121,Cerveza Quilmes 1L,Bebidas,7706.97,6813.01,6880.02,7037.17,7236.3
P07122,Desodorante Poett Primavera 900ml,Limpieza,2280.48,2615.82,2561.6,2645.06,2309.8
P07123,Pasta Dental Colgate Total 90g,Higiene,6116.73,8098.96,6430.78,8344.55,7667.07
P07124,Leche La Serenísima Entera 1L,Lácteos,1150.7,1071.23,1024.11,1256.65,1254.96
P07125,Desodorante Poett Primavera 900ml,Limpieza,10860.77,12378.79,10819.57,12045.65,10939.06
P07126,Harina Blancaflor 1Kg,Almacén,6209.65,6245.58,5180.43,5579.94,6100.45
P07127,Papel Higiénico Higienol 4 Rollos,Higiene,5752.99,6982.91,7578.97,7605.83,5816.12
P07128,Cerveza Heineken 1L,Bebidas,6181.45,6174.91,7912.46,6238.95,7649.74
P07129,Agua Villavicencio 2.25L,Bebidas,9898.15,10167.54,9811.34,10150.52,9792.73
P07130,Pepsi 2.25L x2,Bebidas,4188.77,4744.84,4933.06,4530.57,4636.7
P07131,Galletitas Chocolinas 170g,Panificados,5442.72,6690.97,5616.37,5061.84,6254.83
P07132,Cerveza Quilmes 1L,Bebidas,11194.05,9117.47,10653.39,11068.3,10452.34
P07133,Yogur Ser Vainilla 1Kg x2,Lácteos,2125.53,2476.33,2195.56,2653.71,2162.87
P07134,Papel Higiénico Higienol 4 Rollos,Higiene,974.64,1061.19,956.97,1114.21,1032.05
P07135,Suavizante Comfort 900ml,Limpieza,2474.3,2485.81,3006.79,2843.05,2712.59
P07136,Desodorante Poett Primavera 900ml x4,Limpieza,13980.19,13316.4,11671.34,11451.29,10995.07
P07137,Pasta Dental Colgate Total 90g,Higiene,5115.42,4969.68,5901.24,5574.46,5827.06
P07138,Arroz Gallo Oro 1Kg,Almacén,6890.86,6934.15,6084.96,6580.81,6814.11
P07139,Pan Lactal Fargo 600g,Panificados,6474.02,6513.32,6351.48,5628.02,5523.02
P07140,Shampoo Pantene Restauración 400ml,Higiene,3883.27,4098.46,4216.41,3844.81,4395.09
P07141,Detergente Magistral Limón 750ml,Limpieza,9059.25,10426.41,10051.14,8621.94,10375.51
P07142,Jabón Dove Original 90g,Higiene,4801.53,5155.23,5358.12,4984.98,5370.45
P07143,Yogur Ser Vainilla 1Kg,Lácteos,11956.52,11488.36,11586.1,10321.11,10487.52
P07144,Fideos Matarazzo Spaghetti 500g,Almacén,1954.97,1892.0,2196.26,2514.32,1856.82
P07145,Leche La Serenísima Entera 1L,Lácteos,1967.74,2395.04,2194.37,1841.07,2189.04
P07146,Yerba Taragüi 1Kg x4,Almacén,4667.02,4910.5,6269.13,5478.97,5915.67
P07147,Desodorante Poett Primavera 900ml,Limpieza,11487.94,9645.05,11182.89,10547.1,9614.71
P07148,Coca-Cola 2.25L,Bebidas,770.8,865.72,742.92,768.61,842.63
P07149,Manteca Sancor 200g,Lácteos,754.17,753.82,800.55,782.23,704.72
P07150,Azúcar Ledesma 1Kg,Almacén,9073.89,9021.69,9990.4,8358.98,7827.78
P07151,Harina Blancaflor 1Kg x3,Almacén,5993.91,5323.6,5516.83,5778.71,6368.0
P07152,Agua Villavicencio 2.25L,Bebidas,5946.96,4515.05,5747.49,4886.96,5922.01
P07153,Cerveza Heineken 1L,Bebidas,3298.34,2748.5,2765.33,3364.5,3119.21
P07154,Jugo Baggio Multifruta 1L,Bebidas,6519.74,7897.27,6347.26,6725.51,6077.38
P07155,Pasta Dental Colgate Total 90g x4,Higiene,3337.77,3476.37,3285.46,4328.33,3535.74
P07156,Coca-Cola 2.25L,Bebidas,1669.48,1361.49,1457.6,1589.32,1279.91
P07157,Galletitas Express 170g,Panificados,2394.3,2754.44,2860.31,2171.34,2465.6
P07158,Azúcar Ledesma 1Kg,Almacén,2037.95,2080.57,2258.8,1848.43,1853.27
P07159,Azúcar Ledesma 1Kg,Almacén,9947.67,12222.02,12249.95,12110.28,9744.97
P07160,Shampoo Pantene Restauración 400ml,Higiene,5523.36,6562.3,5732.14,5603.66,6440.23
P07161,Yerba Playadito 1Kg x5,Almacén,9203.03,10151.5,7856.02,10197.83,10317.94
P07162,Jugo Baggio Multifruta 1L,Bebidas,3963.92,3388.66,4064.51,3644.74,4178.84
P07163,Cerveza Heineken 1L,Bebidas,8146.41,7269.79,7669.92,6783.75,7096.06
P07164,Arroz Gallo Oro 1Kg,Almacén,6568.18,7205.25,6813.66,7379.84,8187.03
P07165,Detergente Magistral Limón 750ml x3,Limpieza,3530.8,3329.8,2710.32,2839.92,3005.25
P07166,Fideos Matarazzo Spaghetti 500g,Almacén,2524.49,2814.75,2795.46,2691.54,3039.14
P07167,Detergente Magistral Limón 750ml,Limpieza,2636.76,2843.11,3148.1,2511.29,2667.69
P07168,Pan Lactal Fargo 600g x5,Panificados,3143.41,3664.9,3232.16,3619.58,2777.69
P07169,Aceite Natura Girasol 1.5L,Almacén,4741.02,5340.4,5702.47,5413.34,4680.52
P07170,Leche Ilolay Descremada 1L x5,Lácteos,8332.29,8248.53,6337.72,6284.27,6621.75
P07171,Agua Villavicencio 2.25L,Bebidas,6761.18,5977.31,8022.85,6909.21,6085.05
P07172,Pan de Campo Bimbo 500g,Panificados,10645.56,10909.07,10799.73,8947.75,9433.44
P07173,Arroz Gallo Oro 1Kg,Almacén,9665.68,9317.49,9444.6,9816.96,9538.91
P07174,Galletitas Express 170g,Panificados,10404.79,9019.78,11042.54,9940.2,11876.55
P07175,Fideos Matarazzo Spaghetti 500g,Almacén,4973.94,4447.8,4639.96,4146.29,4542.76
P07176,Jabón Dove Original 90g,Higiene,6251.06,6397.9,6906.09,6956.08,6418.55
P07177,Pan Lactal Fargo 600g x4,Panificados,4448.01,4183.0,5056.31,4708.76,5154.76
P07178,Manteca Sancor 200g,Lácteos,10151.6,9443.29,9936.93,8571.1,8234.09
P07179,Lavandina Ayudín 1L,Limpieza,3654.25,3372.28,3469.59,3088.2,3228.13
P07180,Pan Lactal Fargo 600g,Panificados,10887.34,9565.99,11136.41,9877.05,9800.28
P07181,Jabón en Polvo Ala 3Kg,Limpieza,2584.24,3237.75,3318.63,3296.54,2812.6
P07182,Harina Blancaflor 1Kg,Almacén,2896.51,2946.98,3236.64,2853.15,2981.68
P07183,Galletitas Express 170g,Panificados,3161.96,2833.07,3638.41,3257.5,2919.86
P07184,Yerba Taragüi 1Kg,Almacén,8540.2,10548.89,9155.65,10669.93,9791.3
P07185,Yogur Ser Vainilla 1Kg,Lácteos,3844.3,4492.22,4976.37,4083.28,4007.25
P07186,Detergente Magistral Limón 750ml x2,Limpieza,10096.6,12748.73,10075.95,12946.0,11340.38
P07187,Pan de Campo Bimbo 500g,Panificados,10257.7,9583.33,9518.83,12100.26,10159.92
P07188,Galletitas Chocolinas 170g,Panificados,7950.61,8976.33,9854.34,8434.46,10584.28
P07189,Harina Blancaflor 1Kg,Almacén,7158.64,9761.05,7084.31,7343.59,9613.95
P07190,Jugo Baggio Multifruta 1L,Bebidas,1665.62,1390.19,1425.67,1508.83,1598.67
P07191,Pan Lactal Fargo 600g,Panificados,8812.01,9939.01,11609.79,11061.58,11194.44
P07192,Papel Higiénico Higienol 4 Rollos,Higiene,5386.2,4776.13,5227.39,6075.79,6144.2
P07193,Lavandina Ayudín 1L,Limpieza,9515.01,7643.85,8427.06,9427.03,10030.89
P07194,Pan Lactal Fargo 600g,Panificados,1661.23,1861.2,1545.79,1728.21,1592.29
P07195,Coca-Cola 2.25L x5,Bebidas,9013.48,10058.3,9321.59,9533.7,10477.29
P07196,Galletitas Express 170g,Panificados,7140.84,5504.3,6409.75,7195.12,5956.74
P07197,Yerba Taragüi 1Kg,Almacén,5014.23,5161.86,5670.81,6452.46,5689.45
P07198,Jabón Dove Original 90g,Higiene,11381.24,9964.74,11936.31,9204.34,11055.2
P07199,Fideos Matarazzo Spaghetti 500g,Almacén,7321.57,7347.69,9095.76,9614.14,7585.83
P07200,Queso Cremoso Tregar 1Kg x2,Lácteos,5462.31,4224.09,5479.62,5406.13,5445.32
P07201,Aceite Natura Girasol 1.5L,Almacén,8258.99,10026.65,9535.12,8641.24,8066.48
P07202,Yerba Playadito 1Kg x2,Almacén,9207.15,10927.88,10402.78,9895.29,8416.88
P07203,Pepsi 2.25L,Bebidas,8777.09,10059.72,8603.6,10099.15,9187.63
P07204,Papel Higiénico Higienol 4 Rollos,Higiene,5269.93,5621.36,5796.83,5162.4,5782.88
P07205,Pepsi 2.25L,Bebidas,11432.01,10725.71,9912.58,11146.13,9236.16
P07206,Leche Ilolay Descremada 1L,Lácteos,9716.78,9152.66,10928.78,10787.78,10169.9
P07207,Shampoo Pantene Restauración 400ml,Higiene,12380.87,10398.45,10393.09,10237.09,12551.55
P07208,Papel Higiénico Higienol 4 Rollos x3,Higiene,7766.26,8872.92,9640.92,7494.73,8214.45
P07209,Suavizante Comfort 900ml x5,Limpieza,8845.24,8533.03,9136.86,8630.25,6988.3
P07210,Suavizante Comfort 900ml x2,Limpieza,2724.45,3019.12,2861.07,2386.53,2838.69
P07211,Suavizante Comfort 900ml,Limpieza,12179.2,13888.06,13831.33,11346.03,10428.42
P07212,Cerveza Quilmes 1L,Bebidas,8233.58,7509.83,7311.89,8641.69,6790.22
P07213,Queso Cremoso Tregar 1Kg,Lácteos,6841.86,8028.71,7312.5,6756.23,8644.54
P07214,Yerba Taragüi 1Kg,Almacén,4879.31,5579.4,5406.87,6086.38,5519.63
P07215,Pasta Dental Colgate Total 90g,Higiene,5471.88,5290.25,5418.88,5603.25,4501.19
P07216,Leche Ilolay Descremada 1L,Lácteos,7694.43,6328.56,6803.27,7464.7,7432.57
P07217,Leche La Serenísima Entera 1L x2,Lácteos,12492.54,10151.01,9568.63,9600.27,10840.9
P07218,Agua Villavicencio 2.25L x5,Bebidas,8427.51,7953.19,7194.86,9348.29,8716.56
P07219,Desodorante Rexona Hombre 150ml,Higiene,1595.81,1506.82,1496.51,1802.53,1545.09
P07220,Lavandina Ayudín 1L x3,Limpieza,888.79,904.55,1192.96,993.71,958.14
P07221,Desodorante Poett Primavera 900ml,Limpieza,10011.52,11022.14,11539.64,9723.94,10950.77
P07222,Leche La Serenísima Entera 1L,Lácteos,3255.58,3633.31,3797.32,3478.2,3909.07
P07223,Aceite Natura Girasol 1.5L,Almacén,6593.58,7626.77,5645.19,7411.23,7029.1
P07224,Fideos Matarazzo Spaghetti 500g,Almacén,4201.48,3961.38,5337.61,4620.71,5239.34
P07225,Suavizante Comfort 900ml x5,Limpieza,13675.79,10634.47,13281.42,12069.41,13034.76
P07226,Pepsi 2.25L x5,Bebidas,7016.98,8067.83,7803.65,7303.09,7813.53
P07227,Detergente Magistral Limón 750ml,Limpieza,6752.0,5255.18,5287.43,6707.4,6461.29
P07228,Pepsi 2.25L,Bebidas,9589.85,8169.03,10080.33,10315.64,10518.08
P07229,Papel Higiénico Higienol 4 Rollos x5,Higiene,2129.39,2403.93,1973.94,2136.21,2578.55
P07230,Pan de Campo Bimbo 500g,Panificados,8265.95,7063.02,6410.91,6132.1,7719.07
P07231,Coca-Cola 2.25L,Bebidas,2742.55,2477.12,2683.5,2801.77,2820.94
P07232,Shampoo Pantene Restauración 400ml x4,Higiene,7233.83,8481.69,8139.79,7632.01,8217.73
P07233,Cerveza Heineken 1L,Bebidas,10950.14,10095.77,8722.62,8804.38,10551.63
P07234,Bizcochitos Don Satur 200g,Panificados,3691.85,4908.58,4927.39,4843.41,3843.52
P07235,Jugo Baggio Multifruta 1L,Bebidas,8502.62,10344.68,9025.86,7772.93,8310.61
P07236,Yerba Playadito 1Kg,Almacén,11515.26,11430.01,12444.76,12128.63,12259.97
P07237,Jugo Baggio Multifruta 1L,Bebidas,10787.86,11127.5,8382.74,10613.4,8631.18
P07238,Leche Ilolay Descremada 1L,Lácteos,616.51,706.85,806.42,645.86,649.26
P07239,Arroz Gallo Oro 1Kg,Almacén,3808.58,3269.0,3846.31,4184.08,3748.93
P07240,Manteca Sancor 200g,Lácteos,2575.73,2826.52,2631.91,3012.35,2999.88
P07241,Papel Higiénico Higienol 4 Rollos,Higiene,1291.57,1164.03,1206.9,1019.26,1386.94
P07242,Desodorante Poett Primavera 900ml,Limpieza,4563.21,5591.36,5940.63,4578.92,4803.26
P07243,Yerba Taragüi 1Kg,Almacén,10046.87,7936.49,8743.86,10273.8,9126.93
P07244,Galletitas Chocolinas 170g,Panificados,8198.22,9221.92,8413.58,10091.99,10133.33
P07245,Desodorante Poett Primavera 900ml x2,Limpieza,9912.69,8289.05,10238.88,8592.1,10111.36
P07246,Jabón Dove Original 90g,Higiene,6860.92,8314.3,8394.95,7234.61,6277.57
P07247,Desodorante Rexona Hombre 150ml,Higiene,5245.8,5774.93,4932.5,5232.14,5649.15
P07248,Yerba Taragüi 1Kg,Almacén,7741.35,8618.02,7941.26,6933.61,7538.41
P07249,Desodorante Poett Primavera 900ml,Limpieza,3457.97,2939.19,3794.59,3955.84,3462.95
P07250,Jabón en Polvo Ala 3Kg,Limpieza,3549.32,2967.04,3985.2,3888.29,3765.92
P07251,Yerba Taragüi 1Kg,Almacén,2748.89,3601.41,3544.52,3372.36,2754.71
P07252,Pan de Campo Bimbo 500g,Panificados,4793.47,4877.44,4924.41,4491.21,4703.98
P07253,Suavizante Comfort 900ml,Limpieza,4086.55,3699.74,3653.01,3234.76,3900.05
P07254,Bizcochitos Don Satur 200g,Panificados,4319.29,3924.58,4548.36,4158.8,3523.76
P07255,Jugo Baggio Multifruta 1L,Bebidas,6068.58,6491.49,5206.45,6274.48,6327.66
P07256,Pasta Dental Colgate Total 90g,Higiene,9753.7,8959.84,8483.68,8371.14,11271.98
P07257,Jabón en Polvo Ala 3Kg,Limpieza,7894.03,9285.77,6952.29,8544.26,8916.41
P07258,Yogur Ser Vainilla 1Kg,Lácteos,5958.52,5331.2,6970.31,5883.55,6174.42
P07259,Desodorante Rexona Hombre 150ml,Higiene,5509.71,7535.11,7385.36,6553.31,6954.14
P07260,Pepsi 2.25L x4,Bebidas,4629.61,5858.09,4581.22,4571.59,5894.5
P07261,Jugo Baggio Multifruta 1L,Bebidas,11605.12,12512.62,12273.64,10688.0,11161.81
P07262,Desodorante Poett Primavera 900ml,Limpieza,5375.77,6505.42,5003.27,5733.99,4918.25
P07263,Detergente Magistral Limón 750ml,Limpieza,4212.84,3162.87,3193.01,3664.41,3706.61
P07264,Leche La Serenísima Entera 1L,Lácteos,6507.4,6204.13,5963.36,5933.49,6468.07
P07265,Manteca Sancor 200g x5,Lácteos,11708.21,10190.91,12048.11,12671.02,9705.35
P07266,Fideos Matarazzo Spaghetti 500g,Almacén,5843.58,5495.72,5969.34,6049.59,6094.26
P07267,Agua Villavicencio 2.25L,Bebidas,4032.17,4773.6,4361.89,3697.15,4702.4
P07268,Yogur Ser Vainilla 1Kg,Lácteos,2789.74,2997.74,3151.69,3368.91,3122.26
P07269,Shampoo Pantene Restauración 400ml,Higiene,8920.84,9231.41,10507.18,10038.98,8903.51
P07270,Lavandina Ayudín 1L,Limpieza,8302.54,8840.24,8358.17,8673.77,7632.92
P07271,Aceite Natura Girasol 1.5L,Almacén,3357.1,4375.18,4238.13,4095.22,3623.11
P07272,Arroz Gallo Oro 1Kg,Almacén,3172.92,2855.23,2665.61,3017.65,3459.0
P07273,Fideos Matarazzo Spaghetti 500g,Almacén,9125.18,8196.19,9690.43,8256.17,9824.07
P07274,Arroz Gallo Oro 1Kg x3,Almacén,5794.05,6473.85,6852.39,6571.82,6712.14
P07275,Pan Lactal Fargo 600g,Panificados,6544.45,5544.22,5380.11,5582.04,5422.73
P07276,Detergente Magistral Limón 750ml,Limpieza,4941.77,5444.59,6100.8,5479.47,5312.87
P07277,Detergente Magistral Limón 750ml x5,Limpieza,2738.18,3101.08,2731.76,3244.23,3324.91
P07278,Fideos Matarazzo Spaghetti 500g,Almacén,5425.95,5577.1,5521.46,5679.95,4640.49
P07279,Harina Blancaflor 1Kg,Almacén,11329.81,12560.28,9436.55,12183.72,10782.93
P07280,Fideos Matarazzo Spaghetti 500g,Almacén,7115.4,6639.41,6610.61,5428.34,5605.53
P07281,Leche La Serenísima Entera 1L x5,Lácteos,4661.96,5528.58,4578.3,4446.25,4634.9
P07282,Queso Rallado La Paulina 40g,Lácteos,3935.44,4403.32,3879.39,3951.74,3993.19
P07283,Jabón Dove Original 90g x3,Higiene,11163.07,8627.91,8772.67,8632.38,9504.84
P07284,Yogur Ser Vainilla 1Kg x2,Lácteos,6648.3,5772.95,5777.18,7523.42,6521.35
P07285,Jugo Baggio Multifruta 1L,Bebidas,1288.59,1344.44,1268.97,1556.68,1536.55
P07286,Shampoo Pantene Restauración 400ml,Higiene,6468.49,5518.13,6990.34,7171.3,6235.63
P07287,Leche Ilolay Descremada 1L,Lácteos,6572.16,6207.71,6527.72,7417.19,6219.47
P07288,Arroz Gallo Oro 1Kg,Almacén,7433.59,7544.06,6749.75,7539.48,8963.78
P07289,Jugo Baggio Multifruta 1L,Bebidas,4728.79,4028.5,3634.93,4740.62,4595.03
P07290,Cerveza Heineken 1L,Bebidas,3060.03,2888.28,2891.05,2951.98,2792.73
P07291,Yerba Taragüi 1Kg x2,Almacén,2770.93,2887.54,2372.06,2892.64,2863.52
P07292,Bizcochitos Don Satur 200g,Panificados,12248.54,9283.26,11559.22,11293.17,12275.42
P07293,Lavandina Ayudín 1L,Limpieza,10496.47,8485.26,10893.21,9995.38,9874.94
P07294,Yogur Ser Vainilla 1Kg x3,Lácteos,6958.62,7305.08,8289.01,8458.52,8314.52
P07295,Lavandina Ayudín 1L x2,Limpieza,8632.5,9420.44,9144.5,8997.4,8038.89
P07296,Agua Villavicencio 2.25L,Bebidas,8748.72,10427.3,10136.68,9455.97,9760.09
P07297,Azúcar Ledesma 1Kg,Almacén,7865.94,8945.88,9141.51,10105.82,8101.05
P07298,Cerveza Quilmes 1L,Bebidas,4624.89,5863.38,4966.5,5794.28,5376.75
P07299,Aceite Natura Girasol 1.5L x3,Almacén,11710.12,11753.33,10521.78,10117.27,11926.28
P07300,Arroz Gallo Oro 1Kg,Almacén,6287.63,5445.91,6517.98,4944.22,6614.97
P07301,Jugo Baggio Multifruta 1L,Bebidas,13178.61,13501.09,12699.78,11976.82,10996.51
P07302,Cerveza Quilmes 1L x2,Bebidas,6114.53,6465.73,7193.69,6934.19,7109.48
P07303,Fideos Matarazzo Spaghetti 500g,Almacén,8860.46,8197.67,8590.39,7965.46,8166.63
P07304,Jugo Baggio Multifruta 1L,Bebidas,2712.72,2712.75,2673.13,2642.06,2710.33
P07305,Jugo Baggio Multifruta 1L,Bebidas,2602.76,2922.09,2482.97,2759.76,2443.8
P07306,Pan de Campo Bimbo 500g,Panificados,4093.81,4608.38,4397.0,5051.66,5320.15
P07307,Jabón Dove Original 90g x2,Higiene,9136.73,8807.04,10154.61,10273.83,11119.96
P07308,Cerveza Quilmes 1L,Bebidas,12996.5,11554.26,13417.02,12015.52,10661.35
P07309,Yerba Playadito 1Kg,Almacén,9629.46,9067.04,8301.07,11290.36,8638.39
P07310,Jugo Baggio Multifruta 1L,Bebidas,2233.46,1944.98,2429.57,2307.75,2558.44
P07311,Pan de Campo Bimbo 500g,Panificados,6939.97,8768.98,8968.88,9176.48,6868.91
P07312,Suavizante Comfort 900ml,Limpieza,12754.73,10460.62,9850.41,11629.0,12973.87
P07313,Galletitas Express 170g,Panificados,6150.39,5885.47,6784.7,5758.02,5859.55
P07314,Cerveza Heineken 1L,Bebidas,4356.28,4725.53,5536.42,5317.02,4246.03
P07315,Arroz Gallo Oro 1Kg,Almacén,8956.17,10039.64,11119.59,10400.46,9611.08
P07316,Desodorante Poett Primavera 900ml,Limpieza,5342.6,5154.21,4820.44,5436.44,5470.31
P07317,Azúcar Ledesma 1Kg,Almacén,5243.64,5818.69,4731.31,5405.6,4733.53
P07318,Detergente Magistral Limón 750ml,Limpieza,7436.37,8666.86,8176.18,8784.57,8348.18
P07319,Jabón en Polvo Ala 3Kg,Limpieza,2806.1,2460.25,2383.02,2377.98,2853.15
P07320,Azúcar Ledesma 1Kg,Almacén,13424.55,10903.88,11264.4,12270.58,10246.56
P07321,Agua Villavicencio 2.25L,Bebidas,5620.19,5962.41,5066.0,5630.23,6032.37
P07322,Pasta Dental Colgate Total 90g,Higiene,4036.61,3956.22,3921.83,3128.21,3221.44
P07323,Aceite Natura Girasol 1.5L,Almacén,10876.44,10794.86,12311.64,9217.51,9343.15
P07324,Pasta Dental Colgate Total 90g,Higiene,6786.47,8047.93,8261.8,7442.28,7933.2
P07325,Desodorante Rexona Hombre 150ml,Higiene,5639.24,4531.44,5114.13,4830.71,5580.01
P07326,Yerba Playadito 1Kg,Almacén,3434.41,3976.57,3394.51,3650.01,3331.78
P07327,Queso Cremoso Tregar 1Kg,Lácteos,7451.36,6483.36,7268.46,7452.24,8399.14
P07328,Shampoo Pantene Restauración 400ml,Higiene,1041.87,932.58,855.38,988.51,849.12
P07329,Fideos Matarazzo Spaghetti 500g x5,Almacén,681.95,696.18,780.34,677.55,723.6
P07330,Fideos Matarazzo Spaghetti 500g,Almacén,8215.86,7234.2,8931.55,7408.7,7802.59
P07331,Fideos Matarazzo Spaghetti 500g,Almacén,10892.97,12308.81,9564.43,12326.27,11804.57
P07332,Bizcochitos Don Satur 200g,Panificados,11153.97,8409.61,10987.18,11181.16,11049.53
P07333,Azúcar Ledesma 1Kg,Almacén,6387.0,6756.21,5774.23,6888.06,6170.58
P07334,Cerveza Quilmes 1L,Bebidas,10256.88,10235.57,9889.45,8643.35,7826.42
P07335,Desodorante Rexona Hombre 150ml,Higiene,4401.58,4028.17,4159.23,4195.26,5209.92
P07336,Fideos Matarazzo Spaghetti 500g,Almacén,8260.78,8096.49,8284.24,6914.06,7803.84
P07337,Cerveza Quilmes 1L x3,Bebidas,5505.27,5722.45,5020.74,5994.89,4987.28
P07338,Papel Higiénico Higienol 4 Rollos,Higiene,6727.81,7113.9,6850.29,7414.38,6626.14
P07339,Lavandina Ayudín 1L x3,Limpieza,7072.34,5850.94,6257.2,5614.07,6329.97
P07340,Harina Blancaflor 1Kg x4,Almacén,6197.51,5338.22,5903.91,6700.07,5825.96
P07341,Yerba Playadito 1Kg,Almacén,8167.06,9265.93,7784.56,6761.68,7816.66
P07342,Cerveza Quilmes 1L,Bebidas,12269.33,11025.38,11140.87,13097.67,13434.63
P07343,Leche Ilolay Descremada 1L,Lácteos,13529.65,10911.36,11542.75,10435.18,12273.34
P07344,Leche La Serenísima Entera 1L x5,Lácteos,4483.55,5645.58,5223.49,4927.91,5259.32
P07345,Coca-Cola 2.25L,Bebidas,11231.79,10466.1,10178.86,11254.75,11050.22
P07346,Queso Cremoso Tregar 1Kg,Lácteos,4611.85,3862.98,3602.99,4911.73,4889.5
P07347,Coca-Cola 2.25L,Bebidas,2250.88,2018.2,2565.17,2721.79,2380.5
P07348,Suavizante Comfort 900ml,Limpieza,2394.77,2377.59,2671.06,2054.57,2354.65
P07349,Detergente Magistral Limón 750ml,Limpieza,4326.27,4173.69,3697.3,3600.7,3728.48
P07350,Queso Rallado La Paulina 40g x3,Lácteos,7776.84,8935.68,7953.59,9447.76,9497.0
P07351,Leche La Serenísima Entera 1L,Lácteos,2179.36,2625.07,2491.66,2623.7,2308.81
P07352,Yerba Taragüi 1Kg,Almacén,10281.1,10827.83,8735.22,9370.54,10331.83
P07353,Agua Villavicencio 2.25L,Bebidas,805.41,990.19,1096.92,907.27,1007.86
P07354,Yerba Playadito 1Kg,Almacén,8763.32,9584.25,9675.9,9697.15,9961.37
P07355,Suavizante Comfort 900ml,Limpieza,4841.65,4817.27,4217.88,5186.92,4890.5
P07356,Jabón Dove Original 90g,Higiene,785.12,707.86,758.82,779.74,819.51
P07357,Bizcochitos Don Satur 200g,Panificados,11316.61,13266.83,12369.36,13590.29,13806.79
P07358,Cerveza Heineken 1L,Bebidas,5688.11,5966.89,4695.21,5056.19,5288.69
P07359,Yerba Playadito 1Kg,Almacén,11050.35,12421.72,9359.94,9442.6,9222.93
P07360,Desodorante Poett Primavera 900ml x3,Limpieza,3041.64,2704.13,3446.26,2689.81,3387.58
P07361,Arroz Gallo Oro 1Kg,Almacén,12292.78,12413.64,9269.88,11535.54,11033.12
P07362,Yogur Ser Vainilla 1Kg,Lácteos,3731.78,4432.61,4729.63,4364.58,4289.16
P07363,Yerba Playadito 1Kg,Almacén,4213.87,3522.86,4275.08,3972.29,3863.26
P07364,Yerba Playadito 1Kg,Almacén,4315.88,4348.98,4478.93,4781.8,5369.49
P07365,Aceite Natura Girasol 1.5L x3,Almacén,7739.51,7654.12,7530.34,6193.05,7604.5
P07366,Harina Blancaflor 1Kg,Almacén,7589.04,6999.72,7345.76,6642.07,7669.13
P07367,Yerba Taragüi 1Kg,Almacén,2235.79,2261.63,2081.71,1848.77,1750.39
P07368,Agua Villavicencio 2.25L,Bebidas,9643.87,8367.26,8470.67,9611.31,10389.13
P07369,Yerba Playadito 1Kg,Almacén,12015.55,10990.55,11250.44,12286.26,10388.86
P07370,Pepsi 2.25L x5,Bebidas,2400.29,2833.87,2763.49,2827.61,2476.58
P07371,Arroz Gallo Oro 1Kg,Almacén,8247.6,8006.71,6250.92,6091.82,7973.64
P07372,Jugo Baggio Multifruta 1L,Bebidas,9901.05,9008.92,10161.61,10226.37,9390.93
P07373,Agua Villavicencio 2.25L,Bebidas,1437.24,1193.13,1099.49,1358.89,1087.42
P07374,Queso Cremoso Tregar 1Kg,Lácteos,4998.24,4594.66,4141.56,4964.35,4515.04
P07375,Cerveza Heineken 1L,Bebidas,3597.13,3440.87,3570.81,3496.04,3555.02
P07376,Shampoo Pantene Restauración 400ml,Higiene,9090.96,11300.54,12090.08,12249.8,10557.11
P07377,Pan Lactal Fargo 600g x2,Panificados,10444.47,9273.52,11981.73,10448.48,10399.83
P07378,Leche La Serenísima Entera 1L,Lácteos,5679.18,6111.42,6597.28,5280.67,6422.21
P07379,Shampoo Pantene Restauración 400ml,Higiene,10542.95,13587.49,11411.97,9805.95,11369.75
P07380,Lavandina Ayudín 1L,Limpieza,9601.55,9657.74,9634.8,9623.77,9663.04
P07381,Manteca Sancor 200g,Lácteos,1875.0,1890.92,1659.25,1596.05,1693.48
P07382,Papel Higiénico Higienol 4 Rollos,Higiene,11497.45,9404.65,8941.95,10616.04,11020.02
P07383,Cerveza Quilmes 1L,Bebidas,2193.74,2443.92,2111.63,2172.65,2040.16
P07384,Jabón Dove Original 90g,Higiene,10330.43,10010.18,8568.22,10745.49,8271.95
P07385,Pan Lactal Fargo 600g,Panificados,7804.33,10537.99,9535.32,10311.95,8915.86
P07386,Jabón Dove Original 90g,Higiene,12117.18,12179.86,10294.72,9953.66,11797.46
P07387,Suavizante Comfort 900ml,Limpieza,7968.88,7466.91,8768.71,9555.35,9356.75
P07388,Cerveza Heineken 1L,Bebidas,8404.88,8577.61,8967.96,8249.86,10516.08
P07389,Cerveza Quilmes 1L,Bebidas,11888.45,10489.0,13435.61,11579.36,12452.17
P07390,Cerveza Heineken 1L,Bebidas,3175.93,2735.25,3627.04,2793.43,2854.12
P07391,Jabón Dove Original 90g,Higiene,3445.9,3477.76,3762.44,3384.55,3509.42
P07392,Leche Ilolay Descremada 1L,Lácteos,11370.19,9807.21,9065.2,10526.63,9882.42
P07393,Leche La Serenísima Entera 1L,Lácteos,2942.14,2688.82,2610.54,2390.52,2691.71
P07394,Coca-Cola 2.25L,Bebidas,1854.14,1731.49,1992.93,1787.64,1866.74
P07395,Detergente Magistral Limón 750ml,Limpieza,8710.72,6972.45,7908.89,8499.81,7710.93
P07396,Arroz Gallo Oro 1Kg x5,Almacén,2111.55,1928.31,2463.81,2641.5,2109.41
P07397,Jugo Baggio Multifruta 1L,Bebidas,2760.98,3414.61,3164.54,2951.28,3189.92
P07398,Cerveza Quilmes 1L,Bebidas,11134.86,8736.46,9374.82,8625.35,10053.05
P07399,Harina Blancaflor 1Kg,Almacén,1010.85,904.93,881.02,918.56,896.37
P07400,Coca-Cola 2.25L,Bebidas,6933.1,6744.79,6233.33,5909.92,7108.63
P07401,Cerveza Quilmes 1L,Bebidas,5126.47,6447.94,5268.04,6459.16,5239.93
P07402,Pepsi 2.25L x2,Bebidas,10110.97,9548.5,10822.17,10465.85,8974.24
P07403,Leche Ilolay Descremada 1L,Lácteos,1849.95,1659.42,1865.22,1823.9,1465.3
P07404,Suavizante Comfort 900ml,Limpieza,8421.34,9780.47,10023.15,9443.19,8610.74
P07405,Yerba Playadito 1Kg,Almacén,6320.49,7219.99,6681.33,6866.36,5969.22
P07406,Jabón en Polvo Ala 3Kg,Limpieza,1283.65,1570.32,1547.03,1310.41,1571.98
P07407,Yogur Ser Vainilla 1Kg,Lácteos,6889.88,5057.81,5572.52,6496.86,5840.81
P07408,Queso Cremoso Tregar 1Kg,Lácteos,1309.48,1139.61,1313.55,1388.01,1459.74
P07409,Galletitas Express 170g,Panificados,3093.15,2849.71,3309.06,3417.83,2576.31
P07410,Queso Cremoso Tregar 1Kg x4,Lácteos,8436.2,6812.21,6190.09,8230.37,7346.11
P07411,Jabón Dove Original 90g,Higiene,10616.97,10637.19,8403.57,8330.24,8413.01
P07412,Leche Ilolay Descremada 1L x2,Lácteos,8764.75,10300.67,10763.65,9852.53,9020.35
P07413,Desodorante Rexona Hombre 150ml,Higiene,3683.87,4100.19,4501.36,4355.25,4170.89
P07414,Yogur Ser Vainilla 1Kg,Lácteos,10738.66,9121.78,9293.77,10266.43,9094.06
P07415,Jugo Baggio Multifruta 1L,Bebidas,6451.6,7088.31,8006.94,6626.88,6416.59
P07416,Bizcochitos Don Satur 200g,Panificados,8662.92,8564.51,8600.29,8048.2,7339.79
P07417,Queso Cremoso Tregar 1Kg,Lácteos,3113.35,4013.52,3995.05,3730.0,3075.18
P07418,Desodorante Rexona Hombre 150ml,Higiene,10781.22,11796.24,11683.07,11200.59,13484.64
P07419,Desodorante Poett Primavera 900ml,Limpieza,12968.63,12553.54,11370.78,10365.54,10842.27
P07420,Jabón en Polvo Ala 3Kg,Limpieza,9429.22,12066.77,11061.6,9915.22,10250.29
P07421,Galletitas Express 170g,Panificados,1709.68,1818.23,1814.13,1807.63,1617.42
P07422,Cerveza Heineken 1L x5,Bebidas,10211.89,8614.86,8392.82,10165.98,8423.2
P07423,Harina Blancaflor 1Kg,Almacén,8750.23,9478.4,8049.85,9994.73,10107.2
P07424,Leche La Serenísima Entera 1L,Lácteos,1890.16,1945.74,1633.45,1703.83,1699.51
P07425,Aceite Natura Girasol 1.5L,Almacén,12422.79,13574.69,10747.69,13210.07,10943.32
P07426,Yerba Playadito 1Kg x2,Almacén,9071.92,11557.28,11295.45,10560.38,9306.19
P07427,Coca-Cola 2.25L,Bebidas,2790.41,3352.91,2845.18,2685.82,3533.43
P07428,Shampoo Pantene Restauración 400ml,Higiene,1950.01,1868.72,2143.41,2166.62,2270.82
P07429,Fideos Matarazzo Spaghetti 500g,Almacén,11052.5,12253.2,11954.3,11152.98,13036.72
P07430,Pepsi 2.25L,Bebidas,2129.74,1995.19,1990.52,1944.2,1732.0
P07431,Galletitas Chocolinas 170g,Panificados,9391.21,9744.46,8657.5,7158.33,8025.94
P07432,Queso Rallado La Paulina 40g,Lácteos,3010.81,2942.27,3065.43,3113.42,3444.83
P07433,Lavandina Ayudín 1L x2,Limpieza,8647.07,10524.69,8633.36,9439.35,9932.51
P07434,Desodorante Rexona Hombre 150ml,Higiene,6407.35,7218.17,6507.42,6686.51,6452.57
P07435,Suavizante Comfort 900ml,Limpieza,9213.63,7632.72,9476.7,8633.19,7236.85
P07436,Cerveza Quilmes 1L,Bebidas,3068.98,2734.95,2853.39,2822.54,2929.73
P07437,Detergente Magistral Limón 750ml,Limpieza,8232.92,9797.79,8819.16,7583.46,9431.49
P07438,Jugo Baggio Multifruta 1L,Bebidas,5110.1,5241.64,5174.37,4662.48,5006.57
P07439,Desodorante Poett Primavera 900ml,Limpieza,10391.31,10085.78,10640.14,10011.71,9886.23
P07440,Jabón en Polvo Ala 3Kg,Limpieza,1552.91,1179.59,1422.38,1561.53,1305.58
P07441,Leche La Serenísima Entera 1L,Lácteos,6253.73,6607.6,5199.36,6922.69,5700.78
P07442,Agua Villavicencio 2.25L,Bebidas,4233.14,5754.1,4985.04,4950.17,5489.44
P07443,Cerveza Quilmes 1L,Bebidas,10182.71,8768.02,9152.86,10834.16,11907.42
P07444,Suavizante Comfort 900ml,Limpieza,2651.06,2417.77,2282.16,1983.18,2495.97
P07445,Coca-Cola 2.25L,Bebidas,3046.6,2512.86,3077.37,2424.81,2509.46
P07446,Desodorante Rexona Hombre 150ml,Higiene,8778.2,8489.88,6508.26,7311.14,8755.3
P07447,Manteca Sancor 200g,Lácteos,7151.16,7635.05,5774.05,7311.39,7253.73
P07448,Jabón Dove Original 90g,Higiene,8737.88,9479.01,8288.73,8559.54,9710.89
P07449,Cerveza Quilmes 1L,Bebidas,3202.99,3252.35,3838.5,3788.17,3799.2
P07450,Pan de Campo Bimbo 500g x4,Panificados,8551.28,8648.26,7890.64,9736.23,9340.26
P07451,Lavandina Ayudín 1L,Limpieza,1133.94,1110.64,1176.57,1051.63,1409.45
P07452,Desodorante Rexona Hombre 150ml,Higiene,10832.79,10522.01,8843.12,9117.9,10783.86
P07453,Pasta Dental Colgate Total 90g,Higiene,10756.06,13114.88,12195.13,10315.11,13006.32
P07454,Suavizante Comfort 900ml x2,Limpieza,12370.37,11859.72,11147.64,12720.86,12034.58
P07455,Desodorante Poett Primavera 900ml x4,Limpieza,13286.57,11580.23,12457.39,11963.38,12964.75
P07456,Arroz Gallo Oro 1Kg,Almacén,5932.17,4914.48,6124.92,6140.97,6424.3
P07457,Jabón Dove Original 90g,Higiene,4460.22,3761.11,4391.0,4424.43,3392.96
P07458,Fideos Matarazzo Spaghetti 500g,Almacén,5757.04,5443.5,5357.44,6287.95,6278.62
P07459,Suavizante Comfort 900ml,Limpieza,3016.95,2498.24,2865.28,2419.49,2351.25
P07460,Coca-Cola 2.25L,Bebidas,4399.87,3793.75,5134.5,4964.98,4490.67
P07461,Cerveza Heineken 1L,Bebidas,1799.58,1927.06,1481.34,1574.31,1623.55
P07462,Fideos Matarazzo Spaghetti 500g,Almacén,906.56,789.26,1001.25,774.74,888.6
P07463,Jabón Dove Original 90g,Higiene,11937.02,9798.27,11045.42,9591.29,10688.29
P07464,Cerveza Quilmes 1L x2,Bebidas,9627.13,9469.39,11485.48,9743.38,10329.6
P07465,Galletitas Express 170g,Panificados,7304.71,7424.17,10056.25,8476.6,9159.89
P07466,Suavizante Comfort 900ml,Limpieza,10135.06,8422.6,10284.46,10259.13,8263.51
P07467,Desodorante Rexona Hombre 150ml,Higiene,4144.37,4061.54,4411.9,3981.2,4496.18
P07468,Cerveza Quilmes 1L x4,Bebidas,8518.39,7350.05,8423.35,6653.53,8744.72
P07469,Aceite Natura Girasol 1.5L,Almacén,8249.62,9118.61,8915.11,9835.46,8364.44
P07470,Pepsi 2.25L x4,Bebidas,2076.74,2039.8,2247.98,2350.77,2280.78
P07471,Desodorante Poett Primavera 900ml,Limpieza,11061.2,11626.23,10149.83,13014.45,11111.91
P07472,Papel Higiénico Higienol 4 Rollos,Higiene,3845.01,3765.75,4337.14,4032.12,3617.95
P07473,Manteca Sancor 200g,Lácteos,10227.71,9731.63,10782.45,10491.26,8447.14
P07474,Harina Blancaflor 1Kg,Almacén,1354.53,1697.53,1259.35,1649.58,1524.35
P07475,Shampoo Pantene Restauración 400ml,Higiene,6302.66,6482.25,4880.75,6559.86,6141.08
P07476,Jugo Baggio Multifruta 1L,Bebidas,7686.02,6428.5,7421.96,6511.37,7242.67
P07477,Yerba Taragüi 1Kg,Almacén,10045.07,8006.47,8710.53,8030.98,9220.98
P07478,Yerba Playadito 1Kg,Almacén,8196.49,10930.59,9409.59,10141.52,9743.76
P07479,Pasta Dental Colgate Total 90g,Higiene,6724.93,6074.2,7500.84,6960.4,6194.86
P07480,Harina Blancaflor 1Kg,Almacén,4475.68,3954.06,4371.88,4271.29,3976.76
P07481,Fideos Matarazzo Spaghetti 500g,Almacén,11563.12,9896.02,10480.42,12499.81,10977.22
P07482,Jugo Baggio Multifruta 1L,Bebidas,6867.1,5774.94,6714.72,7456.4,6604.25
P07483,Detergente Magistral Limón 750ml,Limpieza,3464.73,3961.75,4004.07,4527.5,3851.77
P07484,Yogur Ser Vainilla 1Kg,Lácteos,6504.56,5650.42,5295.63,5556.73,6540.92
P07485,Papel Higiénico Higienol 4 Rollos,Higiene,7466.45,8575.69,9110.15,7168.02,8852.12
P07486,Yogur Ser Vainilla 1Kg,Lácteos,7761.74,7770.21,7765.7,8599.03,7798.58
P07487,Galletitas Express 170g,Panificados,7600.94,9024.87,9100.81,8857.09,10294.99
P07488,Coca-Cola 2.25L,Bebidas,11935.35,12204.41,9967.76,11183.41,11623.02
P07489,Fideos Matarazzo Spaghetti 500g,Almacén,3086.89,4141.71,3620.72,3566.06,3933.16
P07490,Agua Villavicencio 2.25L,Bebidas,4195.25,3751.85,3288.09,3999.57,3734.58
P07491,Shampoo Pantene Restauración 400ml,Higiene,4154.87,4793.68,4382.2,4971.4,4000.51
P07492,Pan Lactal Fargo 600g,Panificados,4808.53,5465.17,4343.68,5383.01,4502.55
P07493,Leche Ilolay Descremada 1L,Lácteos,9354.9,9127.76,9520.41,8899.99,9558.29
P07494,Galletitas Chocolinas 170g,Panificados,11672.11,10307.44,9883.02,11363.94,13199.04
P07495,Leche La Serenísima Entera 1L,Lácteos,4124.73,3826.27,3218.2,3384.5,4032.41
P07496,Pepsi 2.25L x2,Bebidas,1275.08,1105.81,1045.55,1258.61,1017.65
P07497,Lavandina Ayudín 1L,Limpieza,1454.88,1627.16,1868.49,1537.59,1579.16
P07498,Galletitas Chocolinas 170g,Panificados,13386.16,12195.36,11074.47,12584.72,10344.85
P07499,Agua Villavicencio 2.25L,Bebidas,4062.26,4097.71,3391.41,3956.17,4034.05
P07500,Yerba Taragüi 1Kg,Almacén,12167.11,11044.87,10127.42,11480.01,10319.94
P07501,Desodorante Rexona Hombre 150ml,Higiene,9773.39,9697.52,7643.3,7809.44,10421.15
P07502,Leche La Serenísima Entera 1L,Lácteos,4542.79,4408.83,5118.54,3900.51,3938.64
P07503,Shampoo Pantene Restauración 400ml,Higiene,8282.51,6231.64,6242.97,8155.97,7765.44
P07504,Arroz Gallo Oro 1Kg,Almacén,12669.54,13012.25,10455.34,12499.49,11053.9
P07505,Azúcar Ledesma 1Kg,Almacén,1746.38,1786.09,1600.39,2121.41,2145.08
P07506,Shampoo Pantene Restauración 400ml,Higiene,9548.62,8826.95,8798.62,7615.61,9556.45
P07507,Pan Lactal Fargo 600g,Panificados,718.23,691.75,701.64,605.29,717.2
P07508,Jabón en Polvo Ala 3Kg,Limpieza,6363.51,5296.16,5877.99,6576.74,5574.71
P07509,Pan de Campo Bimbo 500g,Panificados,4376.7,5424.52,5379.33,4299.08,4633.73
P07510,Coca-Cola 2.25L x4,Bebidas,8900.55,10914.43,11296.64,11614.57,10552.1
P07511,Harina Blancaflor 1Kg,Almacén,6259.31,5685.54,5759.22,6136.48,6807.69
P07512,Pan Lactal Fargo 600g x3,Panificados,1026.22,1146.86,1064.98,911.97,1169.82
P07513,Pan de Campo Bimbo 500g x4,Panificados,10434.31,9899.67,10797.84,8844.31,8522.81
P07514,Bizcochitos Don Satur 200g x5,Panificados,6642.98,8609.13,7263.83,6918.32,7161.12
P07515,Suavizante Comfort 900ml,Limpieza,2866.53,3043.68,2779.56,2845.29,3060.6
P07516,Desodorante Poett Primavera 900ml,Limpieza,12534.19,10603.46,10603.22,11460.41,11445.42
P07517,Azúcar Ledesma 1Kg,Almacén,900.25,902.75,895.01,946.45,1020.97
P07518,Shampoo Pantene Restauración 400ml,Higiene,10722.11,9892.67,11960.41,10749.1,12526.72
P07519,Manteca Sancor 200g,Lácteos,2194.16,2177.71,2189.87,2185.91,2267.92
P07520,Desodorante Rexona Hombre 150ml,Higiene,6857.35,6283.79,7492.38,6239.2,5687.77
P07521,Leche Ilolay Descremada 1L,Lácteos,4985.99,4471.89,5691.33,5394.68,6055.88
P07522,Shampoo Pantene Restauración 400ml,Higiene,4931.89,4875.76,4553.27,4767.73,5039.97
P07523,Desodorante Poett Primavera 900ml,Limpieza,6222.08,6142.08,7300.61,8427.95,8155.93
P07524,Suavizante Comfort 900ml x5,Limpieza,5707.66,4380.41,5362.32,4844.13,5136.61
P07525,Cerveza Heineken 1L,Bebidas,1529.14,1735.26,1675.67,1455.43,1745.42
P07526,Jabón en Polvo Ala 3Kg,Limpieza,10777.14,11271.64,11202.02,10284.41,10814.32
P07527,Manteca Sancor 200g,Lácteos,12166.73,11063.45,9783.05,11893.88,11090.29
P07528,Shampoo Pantene Restauración 400ml,Higiene,4224.72,5014.4,5398.82,5097.81,4569.39
P07529,Cerveza Heineken 1L,Bebidas,6520.66,8626.14,7242.05,6437.94,6749.74
P07530,Lavandina Ayudín 1L x3,Limpieza,9978.43,8095.45,9539.62,8218.4,10134.26
P07531,Galletitas Chocolinas 170g,Panificados,7626.47,7663.21,7388.4,7174.68,8311.55
P07532,Shampoo Pantene Restauración 400ml,Higiene,10394.54,9516.16,10388.73,10086.12,9840.74
P07533,Manteca Sancor 200g,Lácteos,5554.79,7111.13,5712.84,7506.79,6343.86
P07534,Cerveza Quilmes 1L,Bebidas,8914.72,7851.41,7910.67,7254.75,8735.38
P07535,Leche La Serenísima Entera 1L,Lácteos,1063.3,1219.62,1085.03,1226.99,1148.65
P07536,Harina Blancaflor 1Kg,Almacén,8385.76,6922.52,9215.12,7479.53,7030.38
P07537,Galletitas Chocolinas 170g,Panificados,9153.06,7083.74,7454.3,7160.22,8279.65
P07538,Jugo Baggio Multifruta 1L x4,Bebidas,6132.3,6888.56,6998.81,6377.37,6770.66
P07539,Jabón en Polvo Ala 3Kg,Limpieza,4967.66,4566.3,4846.84,5078.98,4079.13
P07540,Leche La Serenísima Entera 1L,Lácteos,8240.1,8141.5,8964.0,9433.85,7534.5
P07541,Yerba Playadito 1Kg,Almacén,7355.26,5623.27,6032.07,6296.0,5709.7
P07542,Pepsi 2.25L,Bebidas,2977.33,3151.03,3251.43,3044.05,3259.72
P07543,Leche La Serenísima Entera 1L,Lácteos,5515.73,5659.61,5252.54,5972.86,5908.7
P07544,Pepsi 2.25L,Bebidas,886.8,986.33,864.28,922.52,1131.38
P07545,Manteca Sancor 200g,Lácteos,1368.19,1289.66,1408.76,1421.23,1304.43
P07546,Jabón en Polvo Ala 3Kg,Limpieza,3551.68,4333.43,3315.92,3799.48,4454.97
P07547,Desodorante Rexona Hombre 150ml,Higiene,2673.21,2526.21,2297.94,2386.62,2995.35
P07548,Yerba Playadito 1Kg,Almacén,2378.78,2454.32,2638.26,2073.86,2082.42
P07549,Detergente Magistral Limón 750ml x5,Limpieza,1489.88,1393.55,1213.38,1347.98,1656.52
P07550,Pasta Dental Colgate Total 90g,Higiene,6697.54,6700.57,7318.2,5626.19,7006.93
P07551,Pasta Dental Colgate Total 90g,Higiene,5436.06,5987.31,6160.33,5883.04,5241.57
P07552,Jabón en Polvo Ala 3Kg,Limpieza,6365.91,7439.34,7774.92,5993.93,6054.13
P07553,Jugo Baggio Multifruta 1L,Bebidas,6459.44,6245.41,7674.51,6822.39,6792.6
P07554,Jabón en Polvo Ala 3Kg,Limpieza,7211.05,7833.56,8316.98,8856.82,7388.71
P07555,Cerveza Heineken 1L,Bebidas,4857.13,5595.39,4398.55,4641.85,5050.22
P07556,Bizcochitos Don Satur 200g,Panificados,8684.45,11587.34,11597.18,10540.19,11922.59
P07557,Detergente Magistral Limón 750ml,Limpieza,13209.83,13356.19,10173.66,13436.55,13687.04
P07558,Jugo Baggio Multifruta 1L,Bebidas,7859.88,8212.76,9865.68,10161.34,7514.11
P07559,Yerba Taragüi 1Kg,Almacén,1103.87,1312.18,967.62,1010.42,1166.95
P07560,Lavandina Ayudín 1L,Limpieza,902.44,845.33,734.47,816.09,910.46
P07561,Papel Higiénico Higienol 4 Rollos,Higiene,1701.35,1607.2,1633.89,1566.58,1817.11
P07562,Queso Rallado La Paulina 40g x5,Lácteos,9262.52,9535.58,10826.81,9178.41,10172.51
P07563,Detergente Magistral Limón 750ml x3,Limpieza,2093.24,1827.62,1673.4,1881.45,1637.73
P07564,Galletitas Express 170g,Panificados,6928.86,6942.11,6370.33,7124.13,6405.11
P07565,Desodorante Rexona Hombre 150ml,Higiene,5727.38,6946.86,5358.59,5852.51,5375.89
P07566,Desodorante Poett Primavera 900ml,Limpieza,10051.23,9698.43,12023.86,10154.38,9086.84
P07567,Desodorante Poett Primavera 900ml,Limpieza,5141.63,6491.52,6671.8,5694.3,6080.21
P07568,Bizcochitos Don Satur 200g,Panificados,2117.88,1705.72,1761.92,1582.56,1866.05
P07569,Yerba Playadito 1Kg,Almacén,1812.86,1351.23,1360.59,1348.29,1591.85
P07570,Desodorante Poett Primavera 900ml,Limpieza,1310.76,1364.51,1447.6,1582.0,1351.25
P07571,Leche Ilolay Descremada 1L,Lácteos,7575.82,8305.55,6842.43,7496.56,8285.25
P07572,Suavizante Comfort 900ml,Limpieza,979.04,806.98,1075.12,928.1,1010.31
P07573,Bizcochitos Don Satur 200g,Panificados,5300.16,6444.07,6608.41,5541.31,5391.68
P07574,Cerveza Quilmes 1L,Bebidas,6137.66,6485.39,7734.63,8001.83,7112.93
P07575,Queso Rallado La Paulina 40g,Lácteos,6770.25,8026.43,8524.11,8055.6,7421.23
P07576,Agua Villavicencio 2.25L,Bebidas,8753.36,8944.76,9369.02,9463.64,11170.21
P07577,Leche La Serenísima Entera 1L,Lácteos,3916.95,3492.87,3567.67,3483.76,3665.58
P07578,Pan Lactal Fargo 600g,Panificados,3989.07,3844.76,3645.39,3791.2,3850.24
P07579,Desodorante Rexona Hombre 150ml,Higiene,10327.34,8583.84,11315.69,8715.73,9843.91
P07580,Harina Blancaflor 1Kg,Almacén,4577.34,4140.55,4086.63,4777.81,4825.15
P07581,Shampoo Pantene Restauración 400ml,Higiene,9290.55,10170.47,10392.5,8676.97,10119.93
P07582,Agua Villavicencio 2.25L x3,Bebidas,6427.83,6091.52,5701.94,5727.85,4949.43
P07583,Desodorante Poett Primavera 900ml,Limpieza,2310.41,1752.9,2108.71,2211.16,1995.96
P07584,Galletitas Chocolinas 170g,Panificados,9902.65,9239.58,7752.97,8382.33,9414.56
P07585,Arroz Gallo Oro 1Kg,Almacén,5932.28,5413.45,5367.72,5940.67,4984.71
P07586,Detergente Magistral Limón 750ml,Limpieza,10202.04,9984.58,10030.81,11566.16,10505.91
P07587,Desodorante Poett Primavera 900ml x5,Limpieza,1370.95,1134.66,1162.21,1494.01,1273.98
P07588,Azúcar Ledesma 1Kg,Almacén,4609.97,4946.25,6019.72,5469.22,4809.28
P07589,Pan Lactal Fargo 600g,Panificados,11885.95,10624.88,10191.83,11091.41,12330.93
P07590,Harina Blancaflor 1Kg,Almacén,2245.73,2464.57,2733.85,2799.39,2258.0
P07591,Leche Ilolay Descremada 1L,Lácteos,7569.4,8727.39,9033.12,8634.98,9013.28
P07592,Manteca Sancor 200g,Lácteos,6075.91,6652.22,6674.3,6555.95,7762.36
P07593,Detergente Magistral Limón 750ml,Limpieza,3277.6,3297.33,3493.34,3816.69,3889.85
P07594,Yogur Ser Vainilla 1Kg x5,Lácteos,8428.36,8556.82,7561.13,6776.45,9086.66
P07595,Pan de Campo Bimbo 500g,Panificados,4482.3,4134.86,4490.8,5245.42,5150.28
P07596,Shampoo Pantene Restauración 400ml,Higiene,1903.12,2049.76,1744.12,2039.38,2115.13
P07597,Leche Ilolay Descremada 1L,Lácteos,7188.2,7317.57,8426.2,6848.07,7034.44
P07598,Yogur Ser Vainilla 1Kg,Lácteos,12736.53,11763.71,13550.96,13636.34,10186.28
P07599,Pepsi 2.25L x2,Bebidas,9721.14,8853.17,8350.25,9746.2,8883.42
P07600,Leche Ilolay Descremada 1L,Lácteos,2094.89,2051.63,2244.86,2382.71,2337.25
P07601,Suavizante Comfort 900ml,Limpieza,4173.36,4305.62,5282.92,5324.83,4930.28
P07602,Queso Cremoso Tregar 1Kg,Lácteos,8902.96,11293.03,10690.41,9506.99,10044.57
P07603,Galletitas Chocolinas 170g,Panificados,919.42,792.9,938.57,890.02,801.0
P07604,Manteca Sancor 200g,Lácteos,963.14,975.65,878.06,948.37,1001.78
P07605,Jabón en Polvo Ala 3Kg,Limpieza,9561.46,11056.89,10503.83,10806.57,10765.7
P07606,Shampoo Pantene Restauración 400ml,Higiene,3357.24,2839.69,2800.42,2772.47,2757.61
P07607,Shampoo Pantene Restauración 400ml,Higiene,1029.6,1218.45,1203.73,1263.43,1259.19
P07608,Yerba Taragüi 1Kg,Almacén,3594.11,3447.68,3277.45,3878.24,2885.29
P07609,Yogur Ser Vainilla 1Kg,Lácteos,6669.29,5422.71,6411.56,6953.94,6577.73
P07610,Pasta Dental Colgate Total 90g,Higiene,8656.55,6783.97,8503.92,7221.14,6760.38
P07611,Bizcochitos Don Satur 200g,Panificados,1820.72,1865.1,1911.74,2018.08,1952.45
P07612,Suavizante Comfort 900ml,Limpieza,8376.85,10520.58,9800.34,8625.62,10132.72
P07613,Jabón Dove Original 90g,Higiene,8348.46,7691.71,8272.62,6953.37,9042.49
P07614,Shampoo Pantene Restauración 400ml,Higiene,7064.11,6616.69,6779.6,6884.72,7065.94
P07615,Desodorante Poett Primavera 900ml,Limpieza,3061.08,2347.64,2518.42,2450.97,2553.91
P07616,Desodorante Poett Primavera 900ml,Limpieza,4794.34,5237.85,4074.08,4797.44,4483.84
P07617,Agua Villavicencio 2.25L,Bebidas,6366.22,5297.38,5937.62,5379.82,5314.11
P07618,Manteca Sancor 200g,Lácteos,11899.95,9407.86,12579.6,10260.82,11809.56
P07619,Cerveza Heineken 1L,Bebidas,14086.33,12147.56,12231.06,13253.43,13055.0
P07620,Pan de Campo Bimbo 500g,Panificados,3635.12,4176.75,4111.42,4636.49,4124.78
P07621,Cerveza Heineken 1L,Bebidas,2052.26,2032.43,1606.33,2157.76,2073.07
P07622,Yogur Ser Vainilla 1Kg,Lácteos,9444.42,9904.9,11115.56,11779.91,11356.42
P07623,Jabón Dove Original 90g,Higiene,10081.56,9936.29,10640.27,12884.15,11716.88
P07624,Leche Ilolay Descremada 1L,Lácteos,3627.42,4353.49,4239.84,4577.66,3825.6
P07625,Yerba Taragüi 1Kg,Almacén,11407.23,11826.3,9421.74,9747.79,10759.29
P07626,Agua Villavicencio 2.25L,Bebidas,12453.93,11239.03,12248.88,13475.85,11630.23
P07627,Suavizante Comfort 900ml,Limpieza,8013.36,7045.48,7870.71,7618.73,7693.73
P07628,Aceite Natura Girasol 1.5L,Almacén,2156.63,1845.07,2275.03,2125.99,2297.52
P07629,Desodorante Poett Primavera 900ml,Limpieza,6229.75,6602.35,5618.26,6568.24,5503.18
P07630,Pasta Dental Colgate Total 90g,Higiene,4881.31,5527.03,5341.12,4533.4,5365.78
P07631,Jabón Dove Original 90g,Higiene,9784.51,9673.5,7473.72,8695.46,9402.27
P07632,Cerveza Quilmes 1L,Bebidas,8121.89,8154.18,7562.05,7127.04,7539.89
P07633,Fideos Matarazzo Spaghetti 500g,Almacén,4986.21,5803.9,5853.89,5874.19,6302.9
P07634,Agua Villavicencio 2.25L,Bebidas,7150.63,7078.51,7001.11,6083.98,7166.99
P07635,Yerba Playadito 1Kg,Almacén,4250.82,4418.06,4382.44,3857.9,3839.78
P07636,Coca-Cola 2.25L,Bebidas,10844.2,9417.99,9619.49,10360.16,11908.34
P07637,Jabón en Polvo Ala 3Kg,Limpieza,13174.96,10270.98,10645.84,11983.3,13701.73
P07638,Jabón en Polvo Ala 3Kg,Limpieza,8806.11,7751.99,8072.47,6806.35,9020.71
P07639,Yerba Playadito 1Kg,Almacén,1990.83,1839.44,1779.83,1614.06,1914.09
P07640,Yerba Taragüi 1Kg,Almacén,8542.63,7092.17,7004.58,8770.39,7387.73
P07641,Yerba Taragüi 1Kg,Almacén,3743.65,3262.09,3392.34,3321.45,3367.9
P07642,Suavizante Comfort 900ml,Limpieza,11490.92,10943.28,10080.23,10341.66,9812.95
P07643,Fideos Matarazzo Spaghetti 500g x3,Almacén,2758.3,3475.31,3158.97,2941.67,3520.29
P07644,Coca-Cola 2.25L,Bebidas,8330.26,7103.55,8823.6,8777.29,7054.13
P07645,Cerveza Heineken 1L,Bebidas,4556.17,3500.59,3895.8,4062.28,3946.51
P07646,Aceite Natura Girasol 1.5L,Almacén,4355.54,5548.58,4398.62,4996.37,4842.68
P07647,Aceite Natura Girasol 1.5L,Almacén,889.22,876.04,873.75,732.71,680.86
P07648,Lavandina Ayudín 1L,Limpieza,3213.62,3465.41,3429.42,3372.77,3231.12
P07649,Pan Lactal Fargo 600g,Panificados,6415.08,6349.28,6814.89,6024.47,5412.86
P07650,Jabón en Polvo Ala 3Kg,Limpieza,6106.65,6676.1,7008.05,6176.47,6067.19
P07651,Azúcar Ledesma 1Kg,Almacén,6454.59,5133.83,5981.09,6264.66,5341.84
P07652,Desodorante Rexona Hombre 150ml,Higiene,9220.92,8115.33,9765.12,8413.65,8246.65
P07653,Arroz Gallo Oro 1Kg,Almacén,4643.3,4882.55,5128.63,5279.35,5988.17
P07654,Pan Lactal Fargo 600g,Panificados,5718.94,7219.96,6477.5,6708.83,5537.7
P07655,Galletitas Express 170g,Panificados,4083.47,4468.31,5310.95,4774.9,4521.97
P07656,Desodorante Rexona Hombre 150ml x5,Higiene,8944.44,8589.79,9174.06,9737.55,11220.44
P07657,Pasta Dental Colgate Total 90g,Higiene,3604.44,3368.67,3723.56,3789.91,3623.96
P07658,Yerba Playadito 1Kg,Almacén,10318.49,9725.52,10091.37,7907.07,9298.74
P07659,Aceite Natura Girasol 1.5L,Almacén,1010.39,953.88,991.09,1020.08,830.73
P07660,Yogur Ser Vainilla 1Kg x4,Lácteos,10451.24,8698.27,10031.95,9924.78,9028.58
P07661,Leche Ilolay Descremada 1L,Lácteos,8754.71,9308.26,10632.34,11536.82,9962.17
P07662,Papel Higiénico Higienol 4 Rollos,Higiene,3153.73,3585.57,3039.15,3764.36,3376.3
P07663,Queso Rallado La Paulina 40g x2,Lácteos,9272.06,9165.9,9686.13,9218.63,9277.08
P07664,Pan de Campo Bimbo 500g,Panificados,5863.53,5875.58,5351.5,4826.31,4866.89
P07665,Jabón en Polvo Ala 3Kg,Limpieza,1215.44,1178.45,1229.45,1346.19,1264.23
P07666,Galletitas Chocolinas 170g,Panificados,12467.99,12694.36,13562.75,11120.91,14027.74
P07667,Queso Rallado La Paulina 40g,Lácteos,4416.11,4210.45,4556.61,3768.58,3545.91
P07668,Arroz Gallo Oro 1Kg,Almacén,8646.85,6668.85,8198.51,8737.25,6940.34
P07669,Galletitas Express 170g,Panificados,6136.2,5140.97,5556.38,5423.29,5158.16
P07670,Queso Rallado La Paulina 40g,Lácteos,9115.31,8785.41,10428.17,10000.92,9936.78
P07671,Queso Rallado La Paulina 40g,Lácteos,5943.23,6070.36,7670.96,6692.22,7221.25
P07672,Queso Cremoso Tregar 1Kg,Lácteos,3612.98,4454.09,4167.38,3542.91,3304.57
P07673,Arroz Gallo Oro 1Kg,Almacén,5863.91,5100.87,5861.21,5073.6,5519.67
P07674,Jabón en Polvo Ala 3Kg,Limpieza,3860.73,4176.76,3665.81,4454.51,3529.99
P07675,Detergente Magistral Limón 750ml,Limpieza,6577.61,5675.58,5256.94,5668.95,6647.99
P07676,Jabón en Polvo Ala 3Kg,Limpieza,9928.3,9126.76,10676.74,11266.23,9745.0
P07677,Shampoo Pantene Restauración 400ml,Higiene,7308.84,8590.63,8107.54,8428.89,8940.35
P07678,Arroz Gallo Oro 1Kg x4,Almacén,5841.49,6348.58,7015.85,6702.84,7585.86
P07679,Desodorante Rexona Hombre 150ml,Higiene,2314.94,1907.54,2377.71,2251.72,2172.63
P07680,Harina Blancaflor 1Kg,Almacén,11522.69,9697.21,10151.4,10199.43,11566.87
P07681,Cerveza Quilmes 1L,Bebidas,5527.52,4702.81,5911.04,4461.13,4630.73
P07682,Arroz Gallo Oro 1Kg,Almacén,5924.99,6148.48,5890.47,5891.2,6078.92
P07683,Aceite Natura Girasol 1.5L,Almacén,12748.64,11696.2,12771.49,10471.09,11670.65
P07684,Leche La Serenísima Entera 1L,Lácteos,5076.1,4132.03,4635.1,4200.2,4963.84
P07685,Leche La Serenísima Entera 1L,Lácteos,8042.29,8121.78,8084.21,10395.31,8035.6
P07686,Yogur Ser Vainilla 1Kg x5,Lácteos,11471.54,11355.62,10883.4,9476.74,9183.67
P07687,Jabón en Polvo Ala 3Kg,Limpieza,7311.19,7359.87,5874.63,6210.54,7866.37
P07688,Azúcar Ledesma 1Kg,Almacén,8137.18,6418.8,7366.08,8320.31,6350.14
P07689,Queso Rallado La Paulina 40g,Lácteos,10949.08,10088.97,10410.18,9244.68,11637.11
P07690,Desodorante Rexona Hombre 150ml,Higiene,990.83,1099.6,1109.39,994.15,881.48
P07691,Shampoo Pantene Restauración 400ml,Higiene,10785.52,10433.0,9822.27,9424.91,8293.87
P07692,Pasta Dental Colgate Total 90g,Higiene,4020.04,4392.97,4461.89,4375.77,4751.24
P07693,Papel Higiénico Higienol 4 Rollos x5,Higiene,1566.6,1521.17,1267.47,1489.59,1552.31
P07694,Desodorante Poett Primavera 900ml,Limpieza,7329.83,7991.38,7435.65,7498.99,7307.37
P07695,Agua Villavicencio 2.25L,Bebidas,5587.99,5385.52,6110.94,5075.85,5626.05
P07696,Pan Lactal Fargo 600g,Panificados,5915.77,5363.61,6307.9,6100.55,5527.65
P07697,Pasta Dental Colgate Total 90g,Higiene,1770.08,1622.27,1780.77,2030.83,1541.28
P07698,Shampoo Pantene Restauración 400ml,Higiene,5382.63,5237.08,4590.55,5144.36,4143.81
P07699,Yogur Ser Vainilla 1Kg x2,Lácteos,10074.12,11024.4,9709.29,12078.29,11791.98
P07700,Queso Cremoso Tregar 1Kg,Lácteos,10437.28,12979.08,12535.9,13094.43,11601.31
P07701,Jugo Baggio Multifruta 1L,Bebidas,1761.92,2327.81,1770.78,2294.92,1915.14
P07702,Fideos Matarazzo Spaghetti 500g,Almacén,1757.56,1841.04,2268.48,2354.58,2336.43
P07703,Manteca Sancor 200g,Lácteos,7646.96,8209.52,6600.94,8328.17,8006.66
P07704,Galletitas Chocolinas 170g,Panificados,7217.41,8236.77,8348.05,8363.94,8029.68
P07705,Yogur Ser Vainilla 1Kg,Lácteos,2571.65,2432.08,2166.18,2737.41,2602.02
P07706,Queso Cremoso Tregar 1Kg,Lácteos,7349.96,8343.0,8787.83,8314.57,9013.34
P07707,Desodorante Poett Primavera 900ml,Limpieza,4442.27,4579.35,5265.9,4242.65,5468.05
P07708,Arroz Gallo Oro 1Kg x4,Almacén,10188.78,12514.32,10488.85,12019.64,11880.07
P07709,Pasta Dental Colgate Total 90g x2,Higiene,1114.61,1109.82,1324.27,1281.42,1291.76
P07710,Papel Higiénico Higienol 4 Rollos x4,Higiene,9610.37,7710.8,8531.57,8843.65,7622.14
P07711,Bizcochitos Don Satur 200g,Panificados,2243.21,2153.14,1861.1,2550.2,2557.22
P07712,Cerveza Heineken 1L x2,Bebidas,7488.54,8587.88,9424.11,9769.62,8456.64
P07713,Pepsi 2.25L x3,Bebidas,6912.98,6694.56,6276.39,5987.78,5886.15
P07714,Galletitas Chocolinas 170g,Panificados,6331.3,5641.59,4828.04,5828.53,5565.99
P07715,Pan Lactal Fargo 600g,Panificados,8584.08,7166.06,9266.16,6894.37,7153.64
P07716,Leche La Serenísima Entera 1L,Lácteos,3279.46,3577.16,3702.13,3361.32,3762.97
P07717,Pan de Campo Bimbo 500g,Panificados,4610.72,4531.01,4805.23,6132.01,6159.98
P07718,Queso Cremoso Tregar 1Kg x3,Lácteos,7514.27,8352.16,7741.96,8124.0,7100.57
P07719,Papel Higiénico Higienol 4 Rollos,Higiene,6956.6,8753.76,6991.41,8256.97,8578.5
P07720,Pan Lactal Fargo 600g x4,Panificados,1902.01,2165.59,2161.83,2300.28,2012.11
P07721,Galletitas Express 170g,Panificados,4317.39,4139.89,4458.26,5230.08,4201.76
P07722,Jugo Baggio Multifruta 1L,Bebidas,698.7,852.46,781.96,814.5,813.99
P07723,Desodorante Poett Primavera 900ml,Limpieza,4468.47,5316.26,4167.57,4941.71,5314.08
P07724,Bizcochitos Don Satur 200g x2,Panificados,6790.75,7002.49,6389.49,7967.39,7718.42
P07725,Cerveza Quilmes 1L,Bebidas,4253.24,3317.46,3999.6,3662.36,4060.41
P07726,Yogur Ser Vainilla 1Kg,Lácteos,13096.97,10986.3,12501.1,9789.24,10366.3
P07727,Pan de Campo Bimbo 500g,Panificados,5183.71,4634.92,4707.83,5254.68,4856.24
P07728,Bizcochitos Don Satur 200g,Panificados,4295.69,4504.43,4672.92,4457.97,4305.2
P07729,Detergente Magistral Limón 750ml x4,Limpieza,13202.82,13669.46,11516.59,11049.03,11528.13
P07730,Jabón en Polvo Ala 3Kg,Limpieza,4029.73,4508.01,4863.55,4837.97,4167.99
P07731,Yerba Playadito 1Kg,Almacén,10774.32,8756.91,10414.22,9082.67,9372.97
P07732,Azúcar Ledesma 1Kg,Almacén,6769.4,7512.81,8656.79,8761.35,7563.23
P07733,Agua Villavicencio 2.25L,Bebidas,5877.92,5872.74,6021.08,7803.56,5926.67
P07734,Queso Rallado La Paulina 40g,Lácteos,6476.45,7243.08,5700.57,6349.15,5302.57
P07735,Detergente Magistral Limón 750ml,Limpieza,1340.54,1580.59,1353.02,1309.87,1489.77
P07736,Leche La Serenísima Entera 1L,Lácteos,12544.65,11774.13,11332.44,12930.38,12244.21
P07737,Yerba Taragüi 1Kg,Almacén,4169.51,4932.09,5165.37,4633.64,4184.93
P07738,Jabón Dove Original 90g,Higiene,1762.08,1296.81,1545.29,1595.73,1418.97
P07739,Yogur Ser Vainilla 1Kg,Lácteos,1542.26,1500.74,1493.8,1292.86,1424.05
P07740,Galletitas Chocolinas 170g,Panificados,2917.28,3308.7,2759.71,2759.66,3647.34
P07741,Leche La Serenísima Entera 1L x4,Lácteos,1323.91,1430.11,1229.7,1113.91,1433.43
P07742,Leche La Serenísima Entera 1L,Lácteos,3245.89,2940.99,2616.16,3363.79,3240.96
P07743,Jabón Dove Original 90g,Higiene,3434.89,4433.13,4231.14,4320.65,4222.64
P07744,Leche Ilolay Descremada 1L,Lácteos,2761.09,3106.14,3090.51,2480.58,2479.66
P07745,Lavandina Ayudín 1L,Limpieza,11190.8,8437.41,8438.38,9412.36,8231.04
P07746,Cerveza Quilmes 1L,Bebidas,2945.04,2447.42,2412.93,2291.7,2884.99
P07747,Manteca Sancor 200g x2,Lácteos,3512.58,3486.34,3263.6,3460.77,2745.0
P07748,Agua Villavicencio 2.25L,Bebidas,10358.76,11067.31,11357.34,10176.09,12031.25
P07749,Jabón Dove Original 90g,Higiene,2588.64,2935.45,3292.38,2669.1,3309.98
P07750,Manteca Sancor 200g,Lácteos,8063.95,8322.81,8029.16,7686.55,9735.08
P07751,Agua Villavicencio 2.25L,Bebidas,2692.3,2126.67,2461.31,2721.71,2181.42
P07752,Pan de Campo Bimbo 500g,Panificados,1699.75,1554.97,1581.19,1481.07,1894.76
P07753,Manteca Sancor 200g,Lácteos,6411.5,7092.81,7181.71,7409.12,7431.59
P07754,Pasta Dental Colgate Total 90g,Higiene,2797.58,3544.54,3181.34,3112.52,3422.55
P07755,Leche La Serenísima Entera 1L,Lácteos,7155.53,8802.71,7926.51,8870.5,7740.99
P07756,Pan Lactal Fargo 600g,Panificados,4844.88,4168.8,5157.74,4041.28,4318.31
P07757,Queso Rallado La Paulina 40g,Lácteos,9872.73,11796.85,10258.56,10877.84,10430.16
P07758,Yerba Playadito 1Kg,Almacén,8936.53,10725.53,10339.5,10078.25,9425.71
P07759,Manteca Sancor 200g,Lácteos,12585.05,10745.53,12626.47,11206.0,11771.48
P07760,Queso Rallado La Paulina 40g,Lácteos,8827.72,10694.09,10768.54,8058.59,10547.54
P07761,Cerveza Heineken 1L,Bebidas,1872.55,2090.96,1952.75,1766.67,1930.46
P07762,Queso Cremoso Tregar 1Kg,Lácteos,1670.56,2165.6,1794.6,1708.19,1791.0
P07763,Coca-Cola 2.25L,Bebidas,10877.47,12045.03,11571.0,12376.01,11213.19
P07764,Fideos Matarazzo Spaghetti 500g,Almacén,4241.34,5432.42,5585.81,5621.99,4639.69
P07765,Shampoo Pantene Restauración 400ml,Higiene,9904.75,9938.04,10015.61,11544.76,8843.58
P07766,Pan de Campo Bimbo 500g x5,Panificados,722.43,847.38,777.21,646.51,823.37
P07767,Manteca Sancor 200g,Lácteos,10228.86,9104.28,10887.78,9791.42,9206.34
P07768,Pasta Dental Colgate Total 90g,Higiene,11004.7,11824.95,13003.62,11137.38,10629.65
P07769,Aceite Natura Girasol 1.5L,Almacén,12778.88,11146.58,11863.56,13049.25,12852.98
P07770,Leche La Serenísima Entera 1L,Lácteos,4331.51,3757.86,4995.25,4097.03,3750.43
P07771,Desodorante Poett Primavera 900ml,Limpieza,11807.61,8819.06,9695.41,11322.03,9018.27
P07772,Shampoo Pantene Restauración 400ml,Higiene,8841.67,9516.22,10068.5,11210.95,9677.14
P07773,Harina Blancaflor 1Kg,Almacén,10327.81,9856.2,9569.97,12066.82,11222.09
P07774,Manteca Sancor 200g,Lácteos,4026.95,3629.95,3789.9,3917.27,3935.81
P07775,Cerveza Heineken 1L,Bebidas,8162.13,9077.63,9667.0,8564.32,9566.92
P07776,Aceite Natura Girasol 1.5L,Almacén,11655.01,10509.63,10206.47,9916.06,12262.19
P07777,Arroz Gallo Oro 1Kg,Almacén,6588.47,5569.06,6595.45,6005.05,6058.44
P07778,Azúcar Ledesma 1Kg,Almacén,9453.64,11438.67,10771.78,11999.25,11615.86
P07779,Cerveza Quilmes 1L,Bebidas,1072.81,1189.77,1083.84,1077.89,1019.47
P07780,Pasta Dental Colgate Total 90g,Higiene,7730.91,6593.93,6647.69,6854.79,7725.52
P07781,Queso Cremoso Tregar 1Kg,Lácteos,12710.25,10057.11,12499.46,9937.53,9668.2
P07782,Shampoo Pantene Restauración 400ml,Higiene,3496.13,3104.71,4174.98,3338.17,3626.59
P07783,Aceite Natura Girasol 1.5L x3,Almacén,6295.04,6504.98,8017.5,6348.57,7771.15
P07784,Azúcar Ledesma 1Kg,Almacén,10512.68,10944.06,11430.2,12782.66,10327.62
P07785,Fideos Matarazzo Spaghetti 500g,Almacén,8985.75,9611.99,8806.34,10276.67,9801.92
P07786,Queso Rallado La Paulina 40g,Lácteos,11358.83,11201.05,10465.74,11802.31,14001.28
P07787,Bizcochitos Don Satur 200g,Panificados,6797.27,7408.54,7998.03,8218.23,6407.38
P07788,Yogur Ser Vainilla 1Kg,Lácteos,12140.08,11164.23,12506.28,9884.64,12373.49
P07789,Manteca Sancor 200g x5,Lácteos,7659.64,7837.4,6391.09,8345.61,7741.22
P07790,Manteca Sancor 200g,Lácteos,6539.95,7866.21,8100.76,7267.24,6605.42
P07791,Agua Villavicencio 2.25L,Bebidas,11801.49,10225.54,12386.35,9524.23,12850.84
P07792,Jugo Baggio Multifruta 1L,Bebidas,2990.35,3239.8,2657.57,3407.59,3474.81
P07793,Queso Cremoso Tregar 1Kg,Lácteos,12157.25,10546.29,12028.08,9906.9,11851.39
P07794,Suavizante Comfort 900ml,Limpieza,7732.0,6920.88,7855.41,7459.15,5990.08
P07795,Yerba Playadito 1Kg,Almacén,3786.85,2948.75,3616.72,3497.8,3221.12
P07796,Harina Blancaflor 1Kg x2,Almacén,1426.32,1405.75,1671.31,1403.18,1282.56
P07797,Jugo Baggio Multifruta 1L,Bebidas,8026.58,8492.99,8036.61,8493.67,7320.56
P07798,Queso Cremoso Tregar 1Kg,Lácteos,12066.43,9924.21,10490.26,11647.67,11783.63
P07799,Arroz Gallo Oro 1Kg,Almacén,5129.37,6688.9,6443.7,5946.2,6014.77
P07800,Suavizante Comfort 900ml,Limpieza,2646.3,3079.56,2934.45,2981.7,2986.84
P07801,Galletitas Chocolinas 170g,Panificados,9349.61,10336.1,9410.59,10738.26,8528.22
P07802,Desodorante Poett Primavera 900ml,Limpieza,9701.22,11790.37,9316.74,10435.15,9894.81
P07803,Pasta Dental Colgate Total 90g,Higiene,5951.74,7722.59,5967.44,6941.41,7028.28
P07804,Fideos Matarazzo Spaghetti 500g,Almacén,12096.29,11790.4,12806.75,11337.96,10786.17
P07805,Shampoo Pantene Restauración 400ml x2,Higiene,5587.0,4246.82,4408.59,4907.39,5610.17
P07806,Lavandina Ayudín 1L,Limpieza,12070.55,12099.39,9720.94,9648.68,9912.58
P07807,Jabón en Polvo Ala 3Kg,Limpieza,2861.73,3292.13,3141.71,2878.46,3266.39
P07808,Aceite Natura Girasol 1.5L,Almacén,7248.94,7680.73,7477.91,6674.96,7843.91
P07809,Pan de Campo Bimbo 500g x2,Panificados,5860.12,5852.19,4927.64,5333.1,5694.35
P07810,Yerba Playadito 1Kg,Almacén,6545.77,6557.73,6581.04,8244.78,8271.19
P07811,Agua Villavicencio 2.25L,Bebidas,7577.21,7074.26,6833.52,8384.42,7407.02
P07812,Shampoo Pantene Restauración 400ml,Higiene,11083.82,10958.56,10304.78,11850.7,9298.31
P07813,Galletitas Express 170g,Panificados,10537.44,9444.01,12404.73,10662.8,11755.82
P07814,Queso Cremoso Tregar 1Kg,Lácteos,8210.03,7466.32,7255.99,6435.84,8487.15
P07815,Bizcochitos Don Satur 200g,Panificados,1979.78,2007.68,2194.38,1790.74,2093.06
P07816,Pepsi 2.25L,Bebidas,11149.04,10209.19,11723.7,10652.77,11779.65
P07817,Coca-Cola 2.25L,Bebidas,2082.95,1826.41,1761.82,1895.19,1596.94
P07818,Yerba Playadito 1Kg,Almacén,9461.79,9604.21,10637.65,8943.38,11788.34
P07819,Azúcar Ledesma 1Kg,Almacén,3893.56,4398.4,4483.29,4333.24,4383.68
P07820,Detergente Magistral Limón 750ml,Limpieza,5725.68,5977.03,5952.16,6729.34,5182.63
P07821,Papel Higiénico Higienol 4 Rollos,Higiene,5816.24,6784.69,5087.84,6097.86,6399.52
P07822,Coca-Cola 2.25L,Bebidas,8331.55,8813.76,7244.72,8691.66,7613.04
P07823,Leche La Serenísima Entera 1L,Lácteos,6197.78,6465.4,8418.04,7972.3,6769.48
P07824,Agua Villavicencio 2.25L x4,Bebidas,11256.77,12521.51,12661.52,11976.49,11905.77
P07825,Lavandina Ayudín 1L,Limpieza,13136.22,11687.24,12034.2,12845.37,12912.36
P07826,Pepsi 2.25L,Bebidas,9871.69,9582.58,11807.58,9077.85,9137.32
P07827,Aceite Natura Girasol 1.5L,Almacén,3276.73,3510.33,2862.87,3061.96,3539.39
P07828,Yerba Playadito 1Kg,Almacén,8673.45,8915.39,7571.31,8792.72,6763.1
P07829,Bizcochitos Don Satur 200g,Panificados,1675.7,1963.23,1901.82,1851.96,2058.05
P07830,Coca-Cola 2.25L,Bebidas,3996.97,4147.67,4158.58,3625.22,3284.62
P07831,Yogur Ser Vainilla 1Kg,Lácteos,8149.21,7203.92,8118.08,7710.34,7949.28
P07832,Fideos Matarazzo Spaghetti 500g,Almacén,4291.33,4457.94,4397.6,3520.22,4124.95
P07833,Queso Cremoso Tregar 1Kg x4,Lácteos,3609.47,4008.2,3735.69,4075.32,3531.9
P07834,Galletitas Express 170g,Panificados,2561.22,3054.13,2821.01,2430.81,2629.65
P07835,Yogur Ser Vainilla 1Kg x5,Lácteos,2335.23,3126.93,3184.54,2400.16,3023.56
P07836,Pepsi 2.25L x2,Bebidas,6799.21,5936.65,6830.37,6178.65,5206.49
P07837,Detergente Magistral Limón 750ml,Limpieza,8752.31,8747.18,9152.94,8520.05,8153.88
P07838,Desodorante Rexona Hombre 150ml,Higiene,1536.05,1485.4,1500.38,1660.22,1727.79
P07839,Papel Higiénico Higienol 4 Rollos,Higiene,10079.69,12816.2,11459.46,12321.65,12861.31
P07840,Cerveza Quilmes 1L,Bebidas,2961.96,2544.98,2878.93,2851.91,2928.51
P07841,Leche La Serenísima Entera 1L,Lácteos,6552.49,6049.54,6499.0,7055.07,6436.35
P07842,Cerveza Quilmes 1L,Bebidas,3487.01,2658.29,3357.38,2877.22,2958.12
P07843,Harina Blancaflor 1Kg,Almacén,9923.12,9305.31,10059.29,9916.07,9542.77
P07844,Aceite Natura Girasol 1.5L,Almacén,2728.02,2934.42,2583.98,2863.48,3095.16
P07845,Queso Rallado La Paulina 40g,Lácteos,4731.87,4589.57,3893.73,4100.58,3992.78
P07846,Yerba Playadito 1Kg,Almacén,1234.95,1374.93,1573.33,1528.22,1630.3
P07847,Yerba Taragüi 1Kg,Almacén,11235.38,10460.19,10822.97,10407.16,9869.56
P07848,Harina Blancaflor 1Kg,Almacén,11861.97,12686.15,12721.98,13719.31,13085.28
P07849,Arroz Gallo Oro 1Kg,Almacén,12100.9,10033.81,10562.99,13545.61,13791.87
P07850,Azúcar Ledesma 1Kg,Almacén,4716.97,3835.13,4584.32,4496.82,4321.24
P07851,Manteca Sancor 200g,Lácteos,3809.09,3719.5,4081.35,4626.06,4371.09
P07852,Cerveza Heineken 1L,Bebidas,11003.6,11835.12,9591.02,11960.36,11843.91
P07853,Azúcar Ledesma 1Kg,Almacén,1438.2,1307.68,1254.3,1166.71,1354.41
P07854,Harina Blancaflor 1Kg,Almacén,10388.16,10610.96,12476.11,11109.57,11485.12
P07855,Arroz Gallo Oro 1Kg,Almacén,10501.51,9885.89,10458.78,10187.03,11076.98
P07856,Papel Higiénico Higienol 4 Rollos x3,Higiene,2169.84,2137.02,1783.43,2272.61,2090.01
P07857,Jabón en Polvo Ala 3Kg,Limpieza,757.07,742.58,750.54,725.17,852.24
P07858,Leche Ilolay Descremada 1L,Lácteos,11448.05,8518.16,10162.36,8756.28,9442.68
P07859,Detergente Magistral Limón 750ml,Limpieza,6116.88,5943.76,5582.22,5865.33,6575.87
P07860,Galletitas Chocolinas 170g,Panificados,10165.43,10079.55,8156.29,9629.15,9912.36
P07861,Arroz Gallo Oro 1Kg,Almacén,1186.18,1214.18,1498.79,1400.03,1578.52
P07862,Manteca Sancor 200g,Lácteos,2377.24,2283.32,2223.54,2099.69,2321.7
P07863,Detergente Magistral Limón 750ml x4,Limpieza,12496.7,9984.54,12527.02,9442.65,9352.93
P07864,Pepsi 2.25L,Bebidas,868.8,686.37,685.18,720.0,811.43
P07865,Yerba Taragüi 1Kg,Almacén,5849.95,5808.84,7211.02,7488.31,7674.34
P07866,Aceite Natura Girasol 1.5L,Almacén,1715.05,1886.39,1810.21,1644.07,1880.85
P07867,Suavizante Comfort 900ml,Limpieza,3545.49,3881.56,2950.86,3476.66,3018.74
P07868,Desodorante Rexona Hombre 150ml,Higiene,3264.93,3709.5,3666.97,3181.81,3578.35
P07869,Jabón en Polvo Ala 3Kg,Limpieza,2932.82,2474.86,2793.96,2820.0,2744.1
P07870,Galletitas Chocolinas 170g,Panificados,1135.22,877.97,861.84,958.12,1030.6
P07871,Coca-Cola 2.25L,Bebidas,9422.22,8546.63,10945.0,9199.44,10612.13
P07872,Galletitas Express 170g,Panificados,4447.0,4350.03,4946.58,5014.29,4876.92
P07873,Bizcochitos Don Satur 200g,Panificados,2160.62,1849.67,2016.78,1730.79,2117.12
P07874,Lavandina Ayudín 1L x4,Limpieza,7730.53,7611.29,7144.15,7656.93,8133.25
P07875,Queso Cremoso Tregar 1Kg,Lácteos,9880.98,10317.59,12817.62,10263.41,10663.26
P07876,Queso Cremoso Tregar 1Kg,Lácteos,10683.71,10949.82,10055.3,12070.36,11312.26
P07877,Galletitas Chocolinas 170g,Panificados,2712.72,2252.64,2347.98,2173.41,2765.56
P07878,Desodorante Poett Primavera 900ml,Limpieza,4920.5,5588.06,5583.99,4797.51,5367.5
P07879,Suavizante Comfort 900ml,Limpieza,8094.84,11078.18,9383.29,10307.72,9246.58
P07880,Pan Lactal Fargo 600g x3,Panificados,8130.1,8572.18,9211.87,9231.24,9008.8
P07881,Pan Lactal Fargo 600g x3,Panificados,3607.14,3840.05,4471.33,4462.16,4757.05
P07882,Shampoo Pantene Restauración 400ml,Higiene,4366.23,5640.54,4884.3,5730.72,5058.72
P07883,Yogur Ser Vainilla 1Kg,Lácteos,10325.39,10027.71,10063.86,10548.81,8146.46
P07884,Bizcochitos Don Satur 200g,Panificados,6142.51,6787.26,7525.03,8079.44,6094.77
P07885,Galletitas Express 170g,Panificados,12093.94,12092.22,9391.65,12166.15,9863.17
P07886,Lavandina Ayudín 1L x3,Limpieza,3354.04,2920.65,2877.72,3077.91,2764.78
P07887,Yerba Playadito 1Kg x2,Almacén,11060.25,10846.16,9896.56,11710.29,12257.95
P07888,Galletitas Chocolinas 170g,Panificados,7999.22,8604.49,7366.74,9237.67,9238.78
P07889,Detergente Magistral Limón 750ml,Limpieza,2438.27,2989.13,2478.48,3167.74,3119.49
P07890,Aceite Natura Girasol 1.5L x3,Almacén,7481.03,9676.36,7861.52,8554.99,9332.96
P07891,Leche La Serenísima Entera 1L x3,Lácteos,5496.2,5323.95,5725.04,5369.44,6324.81
P07892,Aceite Natura Girasol 1.5L,Almacén,5745.59,6622.0,5224.59,6803.57,6512.81
P07893,Papel Higiénico Higienol 4 Rollos,Higiene,2768.0,3710.58,3327.21,3633.26,3303.05
P07894,Pepsi 2.25L,Bebidas,6070.7,5678.81,5997.18,6944.88,6878.73
P07895,Pan Lactal Fargo 600g,Panificados,13350.94,13197.02,10086.52,10482.59,11537.23
P07896,Desodorante Poett Primavera 900ml,Limpieza,5224.57,5501.18,5385.54,4895.12,6508.92
P07897,Pan de Campo Bimbo 500g,Panificados,8980.19,7494.17,9509.81,7422.64,7327.75
P07898,Desodorante Rexona Hombre 150ml x2,Higiene,12345.16,9432.69,12365.12,9794.53,10686.19
P07899,Manteca Sancor 200g,Lácteos,2521.13,2737.91,2268.28,2499.25,2085.31
P07900,Shampoo Pantene Restauración 400ml,Higiene,766.07,908.02,941.59,911.08,884.96
P07901,Jabón en Polvo Ala 3Kg,Limpieza,3832.46,3811.84,3218.8,3646.16,3103.32
P07902,Leche Ilolay Descremada 1L x3,Lácteos,6934.96,8409.96,8257.95,8586.33,7046.32
P07903,Yerba Playadito 1Kg,Almacén,1134.81,1053.41,1212.27,1362.8,1414.68
P07904,Yerba Taragüi 1Kg,Almacén,8018.46,8405.68,9479.81,8311.98,7425.87
P07905,Yerba Playadito 1Kg,Almacén,11442.4,10155.68,11704.25,12904.47,10542.88
P07906,Agua Villavicencio 2.25L,Bebidas,3188.53,2550.54,2899.1,2768.21,2566.89
P07907,Bizcochitos Don Satur 200g,Panificados,3362.48,2934.9,2963.96,2788.75,3346.86
P07908,Azúcar Ledesma 1Kg,Almacén,9740.68,10265.88,10549.11,12718.95,12035.97
P07909,Cerveza Quilmes 1L x3,Bebidas,6692.13,6753.93,6284.07,5870.78,6415.05
P07910,Aceite Natura Girasol 1.5L x2,Almacén,1312.45,1628.52,1689.73,1339.6,1338.11
P07911,Manteca Sancor 200g x3,Lácteos,2506.18,2704.51,2781.8,2633.1,2696.83
P07912,Galletitas Express 170g,Panificados,4478.63,4177.35,3522.16,4486.54,4251.63
P07913,Fideos Matarazzo Spaghetti 500g,Almacén,3806.48,4233.58,4838.1,4201.88,4081.62
P07914,Arroz Gallo Oro 1Kg x4,Almacén,4244.13,4046.41,4595.84,4783.21,4330.04
P07915,Fideos Matarazzo Spaghetti 500g,Almacén,11351.67,9928.99,10959.72,10091.88,10153.17
P07916,Pepsi 2.25L,Bebidas,4460.87,4865.44,4575.34,5035.31,4743.18
P07917,Jabón en Polvo Ala 3Kg x3,Limpieza,9236.14,7579.67,8336.92,8333.43,8675.11
P07918,Queso Cremoso Tregar 1Kg,Lácteos,10195.37,11548.65,10549.73,10742.41,9090.23
P07919,Detergente Magistral Limón 750ml,Limpieza,6382.16,7612.02,6790.6,6982.61,8134.7
P07920,Galletitas Express 170g,Panificados,869.75,1050.27,831.31,1005.37,859.76
P07921,Leche Ilolay Descremada 1L,Lácteos,2082.08,1871.35,1977.76,1782.06,1840.98
P07922,Queso Cremoso Tregar 1Kg,Lácteos,9782.12,9426.66,7946.44,7211.16,7809.66
P07923,Bizcochitos Don Satur 200g,Panificados,3537.4,3521.68,3695.2,3459.89,3498.9
P07924,Agua Villavicencio 2.25L,Bebidas,1994.38,1503.07,1663.77,2023.64,1967.33
P07925,Yerba Playadito 1Kg,Almacén,10574.57,9558.35,11885.06,9299.13,11072.2
P07926,Jabón en Polvo Ala 3Kg x3,Limpieza,3072.41,3240.54,3270.77,3493.42,3296.1
P07927,Shampoo Pantene Restauración 400ml,Higiene,1209.5,1178.77,1054.02,1219.1,1234.97
P07928,Pan Lactal Fargo 600g,Panificados,12524.77,10638.47,10689.84,13744.99,12908.7
P07929,Leche Ilolay Descremada 1L,Lácteos,2507.46,2617.81,2288.59,2373.9,2317.33
P07930,Pan Lactal Fargo 600g,Panificados,9084.81,7207.48,8662.38,8260.11,9037.46
P07931,Yerba Taragüi 1Kg,Almacén,6211.74,6974.04,5679.07,5889.8,5331.19
P07932,Fideos Matarazzo Spaghetti 500g,Almacén,9013.6,10111.42,9362.97,8540.49,8297.5
P07933,Queso Rallado La Paulina 40g,Lácteos,8692.99,8287.31,9853.71,8260.75,9956.82
P07934,Jabón en Polvo Ala 3Kg,Limpieza,4059.81,4084.1,3694.44,3886.96,4291.65
P07935,Shampoo Pantene Restauración 400ml x2,Higiene,9263.99,10419.08,9652.78,8629.35,9404.16
P07936,Yogur Ser Vainilla 1Kg,Lácteos,722.81,851.23,865.74,648.72,755.68
P07937,Aceite Natura Girasol 1.5L,Almacén,7083.71,7058.77,8667.28,7610.41,8397.81
P07938,Manteca Sancor 200g,Lácteos,9790.74,9412.3,8544.03,8358.49,10579.36
P07939,Manteca Sancor 200g,Lácteos,2721.88,2777.61,2281.98,2242.6,2984.44
P07940,Arroz Gallo Oro 1Kg,Almacén,12299.36,12444.21,10723.41,9661.65,12507.53
P07941,Galletitas Express 170g,Panificados,7962.21,9752.58,8264.72,9665.9,8876.42
P07942,Pepsi 2.25L x5,Bebidas,9597.35,8459.35,7372.02,9330.31,9550.05
P07943,Pepsi 2.25L,Bebidas,3470.22,2792.38,3721.01,3393.67,3311.21
P07944,Shampoo Pantene Restauración 400ml,Higiene,6405.9,5842.0,6157.41,6053.85,7015.32
P07945,Galletitas Chocolinas 170g,Panificados,8081.55,7915.48,9207.46,7187.1,7966.55
P07946,Queso Cremoso Tregar 1Kg,Lácteos,11763.51,12038.33,10156.29,11790.24,13806.63
P07947,Jabón en Polvo Ala 3Kg,Limpieza,8218.68,7589.04,8201.76,7583.14,6536.43
P07948,Desodorante Rexona Hombre 150ml,Higiene,9417.18,9271.6,10373.12,10757.98,12094.09
P07949,Agua Villavicencio 2.25L,Bebidas,5349.13,6068.21,4893.06,5096.45,5895.08
P07950,Fideos Matarazzo Spaghetti 500g,Almacén,7062.55,7924.31,8069.99,7746.33,6900.22
P07951,Queso Rallado La Paulina 40g,Lácteos,2274.05,1931.98,1892.49,1890.39,2497.82
P07952,Desodorante Rexona Hombre 150ml x2,Higiene,5228.92,4134.24,4905.31,4355.19,5331.96
P07953,Jabón en Polvo Ala 3Kg,Limpieza,3723.81,3425.41,3701.06,3306.18,2930.27
P07954,Shampoo Pantene Restauración 400ml,Higiene,11129.04,12991.09,10322.53,10964.85,12402.89
P07955,Arroz Gallo Oro 1Kg,Almacén,1997.32,1981.6,2072.92,2403.0,1846.53
P07956,Detergente Magistral Limón 750ml,Limpieza,12900.12,11490.52,11090.07,12831.29,12077.84
P07957,Desodorante Rexona Hombre 150ml,Higiene,3176.31,3793.12,3381.18,3360.35,3844.47
P07958,Desodorante Poett Primavera 900ml,Limpieza,7149.74,9183.74,7065.04,7817.27,8847.2
P07959,Queso Cremoso Tregar 1Kg,Lácteos,5486.32,7313.73,5519.28,6198.84,6570.84
P07960,Yogur Ser Vainilla 1Kg x5,Lácteos,2021.63,2125.39,2232.19,1999.91,2097.44
P07961,Arroz Gallo Oro 1Kg,Almacén,2217.56,1964.18,1717.65,2069.47,2047.91
P07962,Cerveza Quilmes 1L,Bebidas,11736.89,9148.61,10732.08,10340.13,9528.21
P07963,Pan Lactal Fargo 600g,Panificados,9996.07,8570.98,8691.99,9331.76,9838.43
P07964,Lavandina Ayudín 1L,Limpieza,3858.88,3607.15,3310.93,2811.59,3111.87
P07965,Pan de Campo Bimbo 500g,Panificados,5588.74,5488.85,5142.58,5679.36,6257.06
P07966,Cerveza Heineken 1L,Bebidas,666.25,635.42,708.9,820.43,751.43
P07967,Agua Villavicencio 2.25L,Bebidas,5311.14,4710.76,4541.96,4620.16,4824.05
P07968,Papel Higiénico Higienol 4 Rollos,Higiene,12073.48,10217.99,13750.86,12940.29,12935.15
P07969,Pasta Dental Colgate Total 90g,Higiene,12462.97,11492.8,12306.23,12513.79,10507.89
P07970,Bizcochitos Don Satur 200g,Panificados,894.28,877.03,746.17,910.6,970.41
P07971,Coca-Cola 2.25L,Bebidas,4621.91,4819.13,4418.84,3825.23,4173.68
P07972,Queso Cremoso Tregar 1Kg,Lácteos,3238.09,2749.26,3517.42,3614.33,2966.0
P07973,Galletitas Express 170g,Panificados,4017.7,4780.4,4776.51,4343.8,4600.0
P07974,Lavandina Ayudín 1L,Limpieza,7330.07,6550.66,7549.98,7724.3,7871.12
P07975,Azúcar Ledesma 1Kg,Almacén,6369.49,6953.06,5846.86,6252.82,5764.93
P07976,Pepsi 2.25L,Bebidas,8605.6,9766.3,10527.57,10533.08,10127.39
P07977,Galletitas Chocolinas 170g x2,Panificados,11575.43,10793.82,12958.14,12874.76,11601.8
P07978,Lavandina Ayudín 1L,Limpieza,2157.64,2206.05,2394.96,1860.38,2074.68
P07979,Desodorante Rexona Hombre 150ml,Higiene,2398.77,2320.61,2244.2,2266.53,2131.74
P07980,Arroz Gallo Oro 1Kg,Almacén,8532.64,7443.53,9452.72,8209.88,8028.69
P07981,Lavandina Ayudín 1L,Limpieza,13119.97,10756.85,13566.69,11855.7,10570.52
P07982,Suavizante Comfort 900ml,Limpieza,7068.77,7936.41,6483.79,7015.9,7859.52
P07983,Yerba Playadito 1Kg,Almacén,8736.61,8445.92,9705.97,8472.77,8542.54
P07984,Coca-Cola 2.25L x3,Bebidas,3737.73,3978.79,3829.77,4498.99,4063.21
P07985,Bizcochitos Don Satur 200g,Panificados,9709.74,7570.35,10188.58,9454.35,10342.36
P07986,Agua Villavicencio 2.25L,Bebidas,5618.14,5773.77,6386.99,6004.75,6049.53
P07987,Jabón Dove Original 90g,Higiene,2213.55,2215.53,2500.82,1868.67,1992.51
P07988,Coca-Cola 2.25L,Bebidas,6641.38,5657.84,6881.35,6728.24,5648.11
P07989,Arroz Gallo Oro 1Kg,Almacén,11037.9,9034.06,8202.37,11040.57,11269.75
P07990,Cerveza Quilmes 1L,Bebidas,3705.47,2976.41,3261.76,3025.22,3589.26
P07991,Bizcochitos Don Satur 200g,Panificados,3242.64,2655.45,3322.31,2564.89,2640.16
P07992,Papel Higiénico Higienol 4 Rollos,Higiene,9864.71,9582.96,9270.01,9018.89,9082.82
P07993,Suavizante Comfort 900ml,Limpieza,7863.09,6886.26,7875.83,7508.49,7547.51
P07994,Yerba Taragüi 1Kg,Almacén,5411.06,5729.75,6361.08,5304.45,5600.54
P07995,Bizcochitos Don Satur 200g x3,Panificados,12915.78,9694.29,11505.92,9459.3,9609.7
P07996,Bizcochitos Don Satur 200g,Panificados,2045.3,1871.52,2151.77,2066.86,1970.42
P07997,Pasta Dental Colgate Total 90g,Higiene,4111.84,3801.98,3419.19,3118.2,3741.21
P07998,Desodorante Rexona Hombre 150ml,Higiene,8750.88,8625.3,8025.9,7200.42,6735.16
P07999,Cerveza Heineken 1L,Bebidas,2210.23,2214.62,2468.67,1969.38,2147.82
P08000,Desodorante Rexona Hombre 150ml x5,Higiene,12773.82,12765.72,12300.65,10960.71,11880.54
P08001,Cerveza Heineken 1L,Bebidas,8102.62,6711.14,7401.52,6956.86,6360.27
P08002,Pasta Dental Colgate Total 90g,Higiene,9168.52,8914.1,6749.25,9161.47,8228.23
P08003,Pan de Campo Bimbo 500g,Panificados,11127.5,12659.73,13518.7,10085.39,10492.43
P08004,Cerveza Quilmes 1L,Bebidas,2557.61,2269.4,2247.36,2668.04,2318.06
P08005,Azúcar Ledesma 1Kg,Almacén,10305.77,11098.49,12943.36,11473.97,12865.56
P08006,Azúcar Ledesma 1Kg,Almacén,10986.02,13130.62,11209.14,11414.53,13014.21
P08007,Bizcochitos Don Satur 200g,Panificados,9186.37,9335.28,8263.93,9275.76,7640.91
P08008,Desodorante Rexona Hombre 150ml x2,Higiene,867.02,724.94,766.15,921.75,886.86
P08009,Leche La Serenísima Entera 1L,Lácteos,2204.25,1883.73,1988.59,1765.95,1966.72
P08010,Pepsi 2.25L,Bebidas,8019.02,8249.82,6453.1,7932.56,6577.36
P08011,Queso Rallado La Paulina 40g x5,Lácteos,6796.86,7239.41,6005.05,6102.17,7483.21
P08012,Yerba Playadito 1Kg,Almacén,13580.34,12301.99,10586.89,13007.85,11173.73
P08013,Bizcochitos Don Satur 200g,Panificados,1539.66,1460.02,1485.41,1317.31,1142.75
P08014,Yerba Playadito 1Kg,Almacén,3052.9,3496.87,3408.79,2884.27,3758.98
P08015,Cerveza Quilmes 1L,Bebidas,7993.27,8569.27,8167.86,8904.87,9965.13
P08016,Papel Higiénico Higienol 4 Rollos,Higiene,2603.44,3242.2,3453.81,2769.45,3214.25
P08017,Bizcochitos Don Satur 200g,Panificados,5676.95,4645.19,4551.12,4987.93,5990.02
P08018,Lavandina Ayudín 1L,Limpieza,4722.8,5167.53,5138.36,4914.24,4600.31
P08019,Queso Rallado La Paulina 40g,Lácteos,3106.93,3618.01,2809.58,3554.07,3519.34
P08020,Lavandina Ayudín 1L,Limpieza,7852.71,10656.75,8589.8,10410.13,9009.82
P08021,Yerba Taragüi 1Kg,Almacén,4872.35,4207.31,4001.16,3808.16,4001.48
P08022,Azúcar Ledesma 1Kg,Almacén,11702.99,12334.91,11386.47,10662.05,9329.69
P08023,Detergente Magistral Limón 750ml x4,Limpieza,9305.6,9821.85,9569.81,9719.82,11533.69
P08024,Leche La Serenísima Entera 1L,Lácteos,11177.21,11192.11,11083.82,10692.52,10287.97
P08025,Jabón Dove Original 90g,Higiene,9320.17,10960.79,10978.86,9218.32,8760.09
P08026,Desodorante Poett Primavera 900ml,Limpieza,7222.65,7916.66,8616.7,7709.47,7757.66
P08027,Pasta Dental Colgate Total 90g,Higiene,7373.45,6566.61,5839.2,7295.86,7429.89
P08028,Arroz Gallo Oro 1Kg,Almacén,2298.94,2281.48,1943.1,1961.8,1775.03
P08029,Yogur Ser Vainilla 1Kg,Lácteos,2440.57,1907.38,2419.66,2064.67,1761.39
P08030,Pan de Campo Bimbo 500g,Panificados,5338.03,4811.88,6337.35,6385.29,5706.93
P08031,Suavizante Comfort 900ml,Limpieza,8354.64,9619.85,9556.12,8941.14,7567.52
P08032,Jabón en Polvo Ala 3Kg,Limpieza,3405.21,3836.51,3161.11,3197.3,3382.15
P08033,Pan de Campo Bimbo 500g,Panificados,3600.28,3408.58,2937.53,3325.06,3334.03
P08034,Desodorante Rexona Hombre 150ml,Higiene,3490.05,2804.19,3525.14,2891.7,2967.36
P08035,Galletitas Express 170g x4,Panificados,1608.6,1837.78,1782.28,1977.83,1944.88
P08036,Cerveza Quilmes 1L,Bebidas,3893.9,3977.64,3374.75,3292.12,4062.78
P08037,Queso Rallado La Paulina 40g x3,Lácteos,5700.07,5212.86,6258.76,6399.19,4912.76
P08038,Queso Cremoso Tregar 1Kg,Lácteos,5852.43,6804.88,5920.93,6992.64,6748.75
P08039,Bizcochitos Don Satur 200g,Panificados,2354.83,2995.24,2946.06,2779.44,2815.83
P08040,Lavandina Ayudín 1L,Limpieza,11042.2,9320.51,10278.11,10382.44,11499.2
P08041,Arroz Gallo Oro 1Kg,Almacén,3364.84,3807.48,3484.41,3164.37,4269.39
P08042,Azúcar Ledesma 1Kg,Almacén,10404.29,11592.66,12822.84,11142.7,12900.95
P08043,Leche La Serenísima Entera 1L,Lácteos,9554.5,7512.86,10272.67,8724.07,9782.79
P08044,Jabón en Polvo Ala 3Kg,Limpieza,12520.29,10698.19,9872.71,9544.88,9279.61
P08045,Cerveza Heineken 1L,Bebidas,7698.27,10265.96,9453.05,8671.68,9030.41
P08046,Fideos Matarazzo Spaghetti 500g x5,Almacén,4906.81,5196.65,5298.32,5006.36,4010.14
P08047,Shampoo Pantene Restauración 400ml,Higiene,1258.21,1437.88,1298.42,1525.53,1584.64
P08048,Bizcochitos Don Satur 200g,Panificados,5251.97,5740.98,4551.82,4869.55,5669.9
P08049,Jugo Baggio Multifruta 1L,Bebidas,9917.8,9184.21,8393.49,7996.22,9296.06
P08050,Leche Ilolay Descremada 1L,Lácteos,2687.04,2421.53,3273.63,3238.34,2584.67
P08051,Papel Higiénico Higienol 4 Rollos,Higiene,4440.52,5927.87,4935.09,5273.67,4749.74
P08052,Coca-Cola 2.25L,Bebidas,7688.54,6829.89,7947.0,7248.16,6397.99
P08053,Aceite Natura Girasol 1.5L,Almacén,12828.14,12857.16,12022.53,12827.51,11179.43
P08054,Bizcochitos Don Satur 200g,Panificados,5112.19,5328.93,4884.35,5284.95,6007.88
P08055,Arroz Gallo Oro 1Kg,Almacén,5700.75,6588.46,6775.62,7456.59,6029.0
P08056,Jugo Baggio Multifruta 1L,Bebidas,5391.33,4798.17,4710.65,4451.89,4334.93
P08057,Leche Ilolay Descremada 1L,Lácteos,4380.77,4272.15,5474.1,5242.69,4637.29
P08058,Arroz Gallo Oro 1Kg,Almacén,1993.96,1656.58,2034.07,1648.6,1692.72
P08059,Leche La Serenísima Entera 1L x4,Lácteos,13619.74,10062.1,11669.74,9983.47,12307.29
P08060,Leche La Serenísima Entera 1L,Lácteos,6024.17,6201.27,5152.94,5051.6,4798.71
P08061,Shampoo Pantene Restauración 400ml,Higiene,12813.75,12192.01,10348.64,12923.81,11010.28
P08062,Pan de Campo Bimbo 500g,Panificados,7760.21,10731.06,9084.14,9209.47,8981.08
P08063,Leche Ilolay Descremada 1L,Lácteos,9075.43,8919.86,8506.82,8480.48,7300.49
P08064,Jugo Baggio Multifruta 1L,Bebidas,7695.93,7650.3,8352.05,8002.42,8881.15
P08065,Desodorante Rexona Hombre 150ml x5,Higiene,11184.86,9063.57,11217.28,9489.4,10073.52
P08066,Leche La Serenísima Entera 1L x3,Lácteos,2073.51,1928.49,2316.02,2347.2,2158.0
P08067,Queso Cremoso Tregar 1Kg,Lácteos,10302.45,7915.23,8014.35,8461.52,8105.67
P08068,Coca-Cola 2.25L,Bebidas,1604.41,1829.69,1727.44,1860.69,1692.43
P08069,Pasta Dental Colgate Total 90g,Higiene,4417.2,4021.34,4250.41,5007.8,3625.24
P08070,Queso Cremoso Tregar 1Kg,Lácteos,2946.39,2938.74,2961.23,2873.53,2694.58
P08071,Aceite Natura Girasol 1.5L,Almacén,1788.84,2144.45,1920.28,2164.81,1779.4
P08072,Jugo Baggio Multifruta 1L,Bebidas,8003.46,9549.59,9060.46,9109.65,8922.65
P08073,Pepsi 2.25L,Bebidas,9192.96,10934.68,9610.85,11171.47,9922.72
P08074,Cerveza Heineken 1L,Bebidas,7401.04,7529.27,8231.5,7464.88,8592.02
P08075,Papel Higiénico Higienol 4 Rollos,Higiene,4598.23,3643.99,4714.41,3811.21,4659.63
P08076,Pepsi 2.25L,Bebidas,3179.12,2731.64,2697.47,3265.12,3479.32
P08077,Harina Blancaflor 1Kg,Almacén,2893.22,2685.47,2543.56,2861.52,2279.65
P08078,Galletitas Express 170g,Panificados,8833.01,10497.29,9781.11,9238.15,10147.88
P08079,Desodorante Rexona Hombre 150ml,Higiene,12355.19,10743.95,10357.2,11281.97,10722.9
P08080,Shampoo Pantene Restauración 400ml,Higiene,2045.18,2217.17,2473.39,2483.64,2070.04
P08081,Yogur Ser Vainilla 1Kg,Lácteos,7866.67,8888.45,8553.36,8745.34,7345.64
P08082,Pan Lactal Fargo 600g x3,Panificados,2506.04,2627.76,2536.72,2420.51,2074.56
P08083,Agua Villavicencio 2.25L,Bebidas,5083.76,5313.76,6225.03,5920.42,5284.78
P08084,Jugo Baggio Multifruta 1L,Bebidas,11924.58,9417.34,11639.01,9837.26,11286.47
P08085,Desodorante Rexona Hombre 150ml,Higiene,1677.93,1247.95,1596.04,1398.5,1434.65
P08086,Bizcochitos Don Satur 200g,Panificados,4571.84,4292.01,4159.67,4345.7,4793.15
P08087,Pepsi 2.25L,Bebidas,8726.03,7734.99,9307.85,9172.85,7435.98
P08088,Detergente Magistral Limón 750ml x2,Limpieza,5029.58,4761.11,4868.59,4759.68,3844.78
P08089,Suavizante Comfort 900ml x5,Limpieza,3629.98,4368.46,4451.72,4329.88,4629.31
P08090,Bizcochitos Don Satur 200g,Panificados,5284.26,4607.65,5109.54,5714.27,5274.57
P08091,Desodorante Poett Primavera 900ml,Limpieza,9079.91,8659.31,8692.45,9850.67,8408.35
P08092,Detergente Magistral Limón 750ml,Limpieza,9161.42,8052.0,8393.45,6804.32,7300.42
P08093,Pasta Dental Colgate Total 90g x3,Higiene,1971.47,1779.17,1651.21,2100.37,1994.85
P08094,Leche Ilolay Descremada 1L,Lácteos,6608.33,7332.41,7744.84,7432.14,6308.65
P08095,Bizcochitos Don Satur 200g,Panificados,7421.2,7718.36,8972.0,8503.47,9440.12
P08096,Yogur Ser Vainilla 1Kg,Lácteos,3567.89,3702.24,3979.1,4369.21,3685.57
P08097,Yerba Playadito 1Kg,Almacén,9241.81,7697.34,9611.68,8309.79,7998.59
P08098,Agua Villavicencio 2.25L,Bebidas,8566.37,10434.16,11344.75,11473.38,10075.39
P08099,Bizcochitos Don Satur 200g,Panificados,8345.53,9257.63,9483.32,6952.86,9492.57
P08100,Leche La Serenísima Entera 1L,Lácteos,6822.56,6695.97,6395.99,5684.13,6684.45
P08101,Yerba Taragüi 1Kg,Almacén,9928.49,8716.96,9375.57,10055.9,9904.22
P08102,Jabón en Polvo Ala 3Kg,Limpieza,10558.23,8776.11,8829.67,11825.77,9273.34
P08103,Yerba Playadito 1Kg,Almacén,11809.1,10353.67,11872.77,12806.68,11064.99
P08104,Suavizante Comfort 900ml,Limpieza,7550.66,8516.31,7096.02,6880.36,7568.09
P08105,Harina Blancaflor 1Kg,Almacén,1735.56,1974.65,1945.72,1675.1,2033.69
P08106,Leche Ilolay Descremada 1L,Lácteos,3633.22,3249.83,3643.07,4174.08,3463.79
P08107,Azúcar Ledesma 1Kg,Almacén,2573.75,2279.97,2264.99,2179.35,2371.45
P08108,Manteca Sancor 200g x4,Lácteos,8752.4,9668.08,11510.64,10182.21,10871.7
P08109,Galletitas Express 170g,Panificados,5911.26,4705.62,4509.44,5731.92,4404.14
P08110,Pan de Campo Bimbo 500g,Panificados,1120.28,1032.27,1286.23,1051.15,1199.42
P08111,Jabón en Polvo Ala 3Kg x3,Limpieza,5461.97,4030.56,4389.33,4509.22,4969.8
P08112,Aceite Natura Girasol 1.5L,Almacén,1591.41,1711.27,1404.94,1587.35,1753.37
P08113,Desodorante Rexona Hombre 150ml,Higiene,6162.44,6757.37,5067.17,6489.13,6806.08
P08114,Yerba Taragüi 1Kg,Almacén,10516.85,8152.39,9377.31,7979.04,9084.64
P08115,Jugo Baggio Multifruta 1L,Bebidas,8974.61,10806.97,9949.55,8886.49,10983.65
P08116,Desodorante Rexona Hombre 150ml,Higiene,1247.38,1232.23,1160.18,1212.14,1377.5
P08117,Desodorante Rexona Hombre 150ml,Higiene,9452.26,11226.27,9372.15,10966.54,8524.41
P08118,Shampoo Pantene Restauración 400ml,Higiene,10664.67,10942.89,11990.81,10687.76,13934.75
P08119,Yogur Ser Vainilla 1Kg,Lácteos,12330.46,11005.77,12306.48,10792.78,10326.81
P08120,Queso Rallado La Paulina 40g,Lácteos,2561.53,2815.24,3033.77,2752.24,2953.44
P08121,Aceite Natura Girasol 1.5L x4,Almacén,4100.61,4411.14,3568.16,3639.35,3581.2
P08122,Desodorante Rexona Hombre 150ml,Higiene,6446.09,7293.69,7303.79,7453.5,7757.28
P08123,Aceite Natura Girasol 1.5L,Almacén,9408.2,8351.46,9316.8,7463.43,7899.35
P08124,Yerba Playadito 1Kg,Almacén,7792.0,9849.93,10427.49,10613.92,9072.58
P08125,Fideos Matarazzo Spaghetti 500g x5,Almacén,9773.13,9363.72,11193.94,8757.7,9715.82
P08126,Yogur Ser Vainilla 1Kg,Lácteos,2365.3,2272.64,2173.97,2462.92,2418.83
P08127,Bizcochitos Don Satur 200g,Panificados,10381.35,12538.86,10747.28,10720.32,11317.43
P08128,Aceite Natura Girasol 1.5L,Almacén,1159.09,1331.2,1176.06,1338.67,1528.44
P08129,Jugo Baggio Multifruta 1L,Bebidas,3538.39,4314.5,4504.22,4018.89,4022.81
P08130,Galletitas Chocolinas 170g x5,Panificados,10694.87,8953.76,8808.5,10140.58,9377.4
P08131,Pan Lactal Fargo 600g,Panificados,6337.57,5125.25,5208.17,5356.18,5559.43
P08132,Detergente Magistral Limón 750ml x5,Limpieza,1404.84,1398.93,1648.19,1259.46,1291.15
P08133,Aceite Natura Girasol 1.5L,Almacén,8924.08,9756.35,10875.43,8681.83,10151.85
P08134,Coca-Cola 2.25L,Bebidas,4363.76,4019.99,4482.36,5201.34,4477.34
P08135,Cerveza Heineken 1L,Bebidas,5081.73,4804.72,5640.85,4590.97,4418.72
P08136,Cerveza Quilmes 1L,Bebidas,8296.75,7788.67,7359.13,7899.87,7809.64
P08137,Pepsi 2.25L,Bebidas,12407.4,11013.03,10775.69,13229.84,11145.54
P08138,Leche Ilolay Descremada 1L,Lácteos,7715.07,6621.72,7418.92,6877.73,8441.54
P08139,Detergente Magistral Limón 750ml,Limpieza,9765.42,9738.57,8938.03,8020.81,8926.77
P08140,Queso Rallado La Paulina 40g,Lácteos,8723.79,8735.73,9721.12,9648.3,10721.85
P08141,Detergente Magistral Limón 750ml,Limpieza,6864.28,5795.58,6830.98,6382.21,7666.1
P08142,Detergente Magistral Limón 750ml,Limpieza,12977.57,10068.77,12181.09,10399.82,13118.63
P08143,Desodorante Poett Primavera 900ml,Limpieza,10185.16,12974.02,10407.23,12115.07,11621.81
P08144,Coca-Cola 2.25L,Bebidas,11269.84,10604.71,9780.43,11458.79,11708.08
P08145,Desodorante Poett Primavera 900ml x5,Limpieza,4331.64,4700.61,4870.66,4908.87,4869.19
P08146,Queso Rallado La Paulina 40g,Lácteos,5889.79,7287.41,7073.43,6999.48,5948.5
P08147,Leche Ilolay Descremada 1L,Lácteos,12012.83,10030.3,12979.42,12948.55,12822.64
P08148,Harina Blancaflor 1Kg x5,Almacén,1075.78,1202.6,1147.91,1188.23,985.74
P08149,Desodorante Rexona Hombre 150ml,Higiene,5736.81,5582.77,5213.49,4621.66,4418.97
P08150,Desodorante Rexona Hombre 150ml,Higiene,5491.82,7114.67,5323.45,5951.4,5915.76
P08151,Aceite Natura Girasol 1.5L x2,Almacén,12934.17,12076.65,11837.14,11023.78,10088.67
P08152,Arroz Gallo Oro 1Kg,Almacén,3721.14,3396.3,3677.45,4098.96,3468.87
P08153,Jabón Dove Original 90g,Higiene,7992.85,7151.17,8365.89,6493.87,8484.41
P08154,Yogur Ser Vainilla 1Kg,Lácteos,5184.48,5389.19,4301.9,4540.12,5022.09
P08155,Leche La Serenísima Entera 1L,Lácteos,7477.73,7161.06,7384.21,8062.09,5984.66
P08156,Fideos Matarazzo Spaghetti 500g,Almacén,8607.55,8381.73,7117.12,8688.64,7158.69
P08157,Papel Higiénico Higienol 4 Rollos x5,Higiene,8460.56,9457.96,10268.55,9179.18,11445.59
P08158,Leche La Serenísima Entera 1L,Lácteos,4648.26,4136.04,5232.96,4097.3,4599.48
P08159,Coca-Cola 2.25L,Bebidas,835.24,697.02,678.42,906.08,777.92
P08160,Queso Cremoso Tregar 1Kg,Lácteos,10643.18,11033.67,13168.38,11045.01,11459.56
P08161,Pan Lactal Fargo 600g,Panificados,8865.55,8503.13,9170.62,9951.89,10145.37
P08162,Pasta Dental Colgate Total 90g,Higiene,10893.75,11731.3,8863.56,11081.64,9242.4
P08163,Queso Cremoso Tregar 1Kg,Lácteos,2439.82,1849.15,2430.91,2214.9,2362.59
P08164,Lavandina Ayudín 1L x5,Limpieza,1087.78,1376.94,1348.08,1282.57,1369.49
P08165,Suavizante Comfort 900ml,Limpieza,1937.28,1875.75,1844.98,1885.15,1642.87
P08166,Aceite Natura Girasol 1.5L,Almacén,10136.92,7891.7,7939.47,8106.13,8846.12
P08167,Cerveza Heineken 1L,Bebidas,7850.47,8002.25,5868.04,7895.78,6737.69
P08168,Detergente Magistral Limón 750ml,Limpieza,4625.42,4377.68,5588.8,4687.44,5531.16
P08169,Desodorante Rexona Hombre 150ml,Higiene,3064.68,2727.9,2661.04,2728.73,2779.47
P08170,Arroz Gallo Oro 1Kg,Almacén,11627.32,11692.04,10560.98,12723.16,10042.97
P08171,Coca-Cola 2.25L,Bebidas,692.42,890.59,841.17,733.52,757.9
P08172,Galletitas Express 170g,Panificados,2227.41,1972.48,2098.15,2000.38,2151.85
P08173,Yerba Taragüi 1Kg,Almacén,5677.84,5205.08,6097.1,5231.05,5039.13
P08174,Cerveza Heineken 1L,Bebidas,8333.38,10834.29,8872.93,9713.61,8698.02
P08175,Cerveza Heineken 1L,Bebidas,1413.26,1706.09,1445.66,1717.57,1352.76
P08176,Fideos Matarazzo Spaghetti 500g,Almacén,7579.34,6838.54,7055.38,7372.91,7505.75
P08177,Desodorante Poett Primavera 900ml x4,Limpieza,4867.81,4674.86,4664.94,4212.32,5083.79
P08178,Agua Villavicencio 2.25L,Bebidas,10288.09,11834.48,12101.69,10194.48,11751.55
P08179,Pan Lactal Fargo 600g,Panificados,8551.8,9157.18,7639.94,7456.38,7630.57
P08180,Detergente Magistral Limón 750ml,Limpieza,2482.18,2567.12,2687.57,2998.56,2579.51
P08181,Queso Cremoso Tregar 1Kg,Lácteos,2920.72,3128.64,3333.12,3377.44,3273.2
P08182,Jabón en Polvo Ala 3Kg,Limpieza,1901.75,1692.28,1800.7,1932.87,1841.39
P08183,Galletitas Express 170g,Panificados,1923.59,1768.17,2088.76,1753.26,1737.73
P08184,Yerba Playadito 1Kg,Almacén,6897.68,6430.7,5489.58,5260.99,6573.47
P08185,Cerveza Heineken 1L,Bebidas,4223.32,4136.23,4294.73,5337.37,5414.09
P08186,Queso Cremoso Tregar 1Kg x3,Lácteos,10730.2,12425.63,12685.25,11523.96,11486.04
P08187,Yogur Ser Vainilla 1Kg,Lácteos,2660.9,3293.39,2718.57,3546.95,2802.51
P08188,Yerba Playadito 1Kg,Almacén,5518.8,6290.56,6826.57,5927.14,5843.23
P08189,Harina Blancaflor 1Kg,Almacén,1420.26,1352.17,1334.31,1693.08,1247.08
P08190,Leche La Serenísima Entera 1L x2,Lácteos,8221.02,9588.44,7669.1,7412.93,7986.13
P08191,Pasta Dental Colgate Total 90g x2,Higiene,2126.7,2577.6,2350.38,2830.98,2602.07
P08192,Jabón Dove Original 90g,Higiene,3292.88,3299.9,3581.16,3160.71,3324.94
P08193,Yogur Ser Vainilla 1Kg,Lácteos,13497.78,10708.82,12599.21,10565.95,13089.13
P08194,Aceite Natura Girasol 1.5L,Almacén,10277.4,9660.47,8954.61,10776.46,9242.62
P08195,Cerveza Heineken 1L,Bebidas,2145.64,2186.44,2051.72,2217.9,1778.7
P08196,Leche Ilolay Descremada 1L,Lácteos,5067.3,6456.77,5012.31,6726.28,6557.21
P08197,Queso Rallado La Paulina 40g,Lácteos,4935.62,4760.45,4474.25,5748.67,5607.04
P08198,Papel Higiénico Higienol 4 Rollos,Higiene,6482.91,5211.32,5339.63,5242.18,5381.46
P08199,Harina Blancaflor 1Kg,Almacén,2721.97,1992.22,2311.4,2121.18,2490.28
P08200,Cerveza Heineken 1L,Bebidas,1412.99,1755.86,1660.87,1880.96,1877.03
P08201,Pan de Campo Bimbo 500g,Panificados,4670.54,4292.41,4759.48,4531.44,3931.12
P08202,Pan Lactal Fargo 600g,Panificados,9550.81,10741.58,12800.5,12859.47,10622.76
P08203,Bizcochitos Don Satur 200g,Panificados,11339.0,9693.46,11495.51,9878.02,12920.69
P08204,Coca-Cola 2.25L,Bebidas,668.83,816.76,732.49,763.66,738.16
P08205,Bizcochitos Don Satur 200g,Panificados,2128.0,1694.91,2130.64,1972.64,1700.4
P08206,Jabón en Polvo Ala 3Kg,Limpieza,8915.94,7767.26,8375.26,7681.52,7527.34
P08207,Yerba Playadito 1Kg,Almacén,5911.49,6331.16,7099.19,7088.73,5703.73
P08208,Desodorante Rexona Hombre 150ml,Higiene,9475.74,7908.32,7962.31,9566.3,9203.96
P08209,Galletitas Chocolinas 170g,Panificados,11455.03,12126.56,12562.52,9525.18,11598.12
P08210,Harina Blancaflor 1Kg x5,Almacén,2814.98,3494.41,2838.58,3049.87,2860.01
P08211,Aceite Natura Girasol 1.5L,Almacén,4939.15,5041.13,6620.82,6454.23,6627.93
P08212,Aceite Natura Girasol 1.5L,Almacén,1952.12,2391.4,2022.89,2132.58,2283.32
P08213,Queso Rallado La Paulina 40g x2,Lácteos,6918.72,8693.55,8117.65,9117.26,6859.85
P08214,Manteca Sancor 200g x3,Lácteos,4311.1,4144.66,4686.08,4806.09,5558.13
P08215,Yerba Taragüi 1Kg,Almacén,2450.71,2173.77,2423.0,1864.61,1817.51
P08216,Jugo Baggio Multifruta 1L,Bebidas,10142.21,9371.84,9357.49,8410.81,10200.25
P08217,Pan de Campo Bimbo 500g,Panificados,6622.44,6504.65,6078.83,6096.21,6869.58
P08218,Coca-Cola 2.25L,Bebidas,2989.05,2602.94,2644.57,2685.14,2585.81
P08219,Jabón Dove Original 90g,Higiene,5559.79,5951.78,5940.88,5417.86,7005.72
P08220,Cerveza Quilmes 1L,Bebidas,3759.65,4427.92,4975.37,4673.89,3655.92
P08221,Coca-Cola 2.25L,Bebidas,10886.22,11750.74,12366.22,11810.89,9896.38
P08222,Bizcochitos Don Satur 200g,Panificados,6890.99,8702.04,8907.54,7916.82,7229.64
P08223,Leche Ilolay Descremada 1L,Lácteos,5338.51,4783.81,5204.21,4054.36,4735.49
P08224,Jabón en Polvo Ala 3Kg,Limpieza,10122.99,10648.66,10098.14,10727.47,9849.34
P08225,Shampoo Pantene Restauración 400ml,Higiene,4202.61,4475.61,3343.43,4355.54,4381.72
P08226,Queso Cremoso Tregar 1Kg,Lácteos,2068.58,1957.36,1906.23,1818.39,1924.69
P08227,Fideos Matarazzo Spaghetti 500g,Almacén,1122.91,996.22,1113.0,1235.8,1232.15
P08228,Queso Cremoso Tregar 1Kg,Lácteos,3869.87,2823.83,3405.26,3423.84,3722.29
P08229,Azúcar Ledesma 1Kg x3,Almacén,1957.5,1928.2,1877.7,1616.65,1622.44
P08230,Azúcar Ledesma 1Kg,Almacén,3408.29,3213.53,2893.94,3320.99,3040.38
P08231,Leche La Serenísima Entera 1L,Lácteos,9192.12,9882.94,9341.89,9460.33,8891.39
P08232,Jabón Dove Original 90g,Higiene,1990.27,2403.56,2487.55,2419.67,2610.5
P08233,Papel Higiénico Higienol 4 Rollos,Higiene,10539.26,11542.64,10354.57,8983.12,9169.06
P08234,Galletitas Chocolinas 170g,Panificados,2754.84,2688.85,2307.03,3155.9,3015.86
P08235,Pasta Dental Colgate Total 90g,Higiene,4871.55,4893.84,4939.44,3736.89,4838.02
P08236,Arroz Gallo Oro 1Kg,Almacén,7926.72,10030.65,9105.48,8956.54,8985.85
P08237,Arroz Gallo Oro 1Kg,Almacén,11159.12,11323.21,13512.17,11041.89,11557.61
P08238,Pan de Campo Bimbo 500g,Panificados,2612.87,3263.14,3051.03,2629.92,2725.69
P08239,Yerba Taragüi 1Kg,Almacén,6111.48,7147.69,6721.02,5827.28,5986.15
P08240,Detergente Magistral Limón 750ml,Limpieza,5280.52,4344.06,5484.04,5347.55,4186.96
P08241,Coca-Cola 2.25L,Bebidas,4436.44,5247.98,4775.49,4331.05,4357.43
P08242,Cerveza Heineken 1L,Bebidas,8002.91,8279.69,8597.57,7185.72,8176.07
P08243,Coca-Cola 2.25L,Bebidas,7466.68,8622.03,8284.62,7822.69,8297.5
P08244,Bizcochitos Don Satur 200g,Panificados,1277.63,1627.86,1588.25,1290.21,1422.4
P08245,Aceite Natura Girasol 1.5L,Almacén,5001.36,6247.85,6502.79,5947.3,5091.39
P08246,Agua Villavicencio 2.25L x5,Bebidas,5365.42,6697.7,6552.12,5992.25,5183.5
P08247,Yogur Ser Vainilla 1Kg x3,Lácteos,5325.56,5877.08,5383.97,7297.27,6631.24
P08248,Pepsi 2.25L,Bebidas,4836.09,5446.77,5447.2,5023.09,5113.34
P08249,Cerveza Heineken 1L x2,Bebidas,9800.66,8604.31,8996.44,8686.97,9755.36
P08250,Cerveza Heineken 1L,Bebidas,6128.41,4815.93,5247.49,5116.99,5125.32
P08251,Desodorante Rexona Hombre 150ml,Higiene,5300.78,4825.71,5257.24,4658.59,4979.5
P08252,Queso Rallado La Paulina 40g,Lácteos,12599.83,10731.25,11462.59,13472.7,10296.64
P08253,Pan Lactal Fargo 600g,Panificados,2182.32,1958.78,1958.39,1994.68,1731.18
P08254,Shampoo Pantene Restauración 400ml,Higiene,7615.48,8505.8,6816.31,7625.71,7378.34
P08255,Jabón en Polvo Ala 3Kg,Limpieza,1178.2,1494.23,1434.14,1320.1,1402.74
P08256,Manteca Sancor 200g x4,Lácteos,1384.87,1346.18,1239.72,1245.55,1435.89
P08257,Manteca Sancor 200g,Lácteos,1814.65,1645.79,1954.02,1813.88,1441.69
P08258,Arroz Gallo Oro 1Kg x2,Almacén,7516.43,6927.6,7693.65,6810.3,6974.91
P08259,Lavandina Ayudín 1L,Limpieza,9216.28,6921.93,6831.76,7047.32,8741.63
P08260,Shampoo Pantene Restauración 400ml,Higiene,4759.75,4502.34,4721.26,4008.43,4685.93
P08261,Jugo Baggio Multifruta 1L,Bebidas,9009.82,8232.55,10874.14,9988.73,9367.95
P08262,Arroz Gallo Oro 1Kg,Almacén,6531.75,6173.57,7558.42,6932.99,7862.7
P08263,Aceite Natura Girasol 1.5L,Almacén,2601.99,2667.13,2789.26,2724.69,2878.48
P08264,Agua Villavicencio 2.25L,Bebidas,2184.73,2520.69,2474.9,2345.98,2173.45
P08265,Jabón en Polvo Ala 3Kg,Limpieza,9337.33,8614.24,9517.72,9700.33,7904.78
P08266,Jabón en Polvo Ala 3Kg,Limpieza,4851.43,5905.32,5413.55,5033.21,4697.67
P08267,Yogur Ser Vainilla 1Kg,Lácteos,8029.47,9579.89,8216.14,8958.15,8488.08
P08268,Suavizante Comfort 900ml,Limpieza,5382.28,4821.78,5607.09,5117.0,4737.35
P08269,Harina Blancaflor 1Kg,Almacén,10431.99,8255.18,9900.53,10677.1,7863.16
P08270,Shampoo Pantene Restauración 400ml,Higiene,6831.28,6667.48,5748.61,6636.06,6867.71
P08271,Azúcar Ledesma 1Kg,Almacén,7130.97,7968.02,7926.95,7394.65,6696.75
P08272,Yogur Ser Vainilla 1Kg,Lácteos,4278.15,4226.63,4111.47,4495.99,4224.58
P08273,Coca-Cola 2.25L,Bebidas,9988.34,11909.64,9496.2,11450.14,12988.94
P08274,Jugo Baggio Multifruta 1L,Bebidas,9897.63,9143.04,10904.84,12459.86,10280.3
P08275,Arroz Gallo Oro 1Kg,Almacén,13531.96,10607.05,11695.76,12398.17,10457.75
P08276,Cerveza Quilmes 1L,Bebidas,4244.43,5094.49,5467.72,4409.79,4246.55
P08277,Jabón en Polvo Ala 3Kg x3,Limpieza,7777.52,8594.37,8821.98,8233.32,9372.94
P08278,Pepsi 2.25L,Bebidas,13700.88,12080.14,13400.77,12150.93,11144.67
P08279,Pepsi 2.25L,Bebidas,7161.63,7134.35,9027.77,7341.24,7431.92
P08280,Jabón en Polvo Ala 3Kg,Limpieza,3801.45,3913.84,4105.0,4207.09,3898.36
P08281,Harina Blancaflor 1Kg,Almacén,6483.88,6975.16,7382.62,6945.01,7445.53
P08282,Agua Villavicencio 2.25L,Bebidas,6077.22,5546.96,5285.23,5581.51,7007.58
P08283,Suavizante Comfort 900ml,Limpieza,6022.64,6614.04,6656.83,6668.39,6695.21
P08284,Pan Lactal Fargo 600g,Panificados,4068.95,4059.32,3187.18,3582.91,3889.66
P08285,Azúcar Ledesma 1Kg,Almacén,9940.37,8958.8,11273.46,10075.6,9956.57
P08286,Coca-Cola 2.25L x5,Bebidas,11163.2,12252.81,10189.07,10341.98,9606.77
P08287,Bizcochitos Don Satur 200g,Panificados,12296.84,12605.63,12208.42,10545.94,11572.43
P08288,Aceite Natura Girasol 1.5L,Almacén,2630.14,2365.36,2687.14,2339.55,2799.71
P08289,Suavizante Comfort 900ml,Limpieza,1550.84,1948.9,1425.75,1547.94,1467.02
P08290,Leche La Serenísima Entera 1L,Lácteos,2080.6,2700.61,2111.8,2333.0,2502.59
P08291,Yerba Taragüi 1Kg,Almacén,7862.72,9500.92,9160.08,9089.14,8000.73
P08292,Papel Higiénico Higienol 4 Rollos,Higiene,7053.59,7935.39,8046.56,7575.71,7073.65
P08293,Cerveza Quilmes 1L,Bebidas,5773.2,5253.41,4800.45,5133.58,5356.64
P08294,Papel Higiénico Higienol 4 Rollos,Higiene,1188.9,1351.72,1360.0,1155.05,1429.33
P08295,Detergente Magistral Limón 750ml,Limpieza,8667.5,8735.34,7397.07,7790.51,7278.43
P08296,Pepsi 2.25L,Bebidas,4547.92,4615.15,3956.67,4280.37,4101.92
P08297,Leche Ilolay Descremada 1L,Lácteos,10266.92,8269.32,8507.31,11257.39,10512.58
P08298,Galletitas Chocolinas 170g,Panificados,12121.41,12333.63,10539.77,9471.99,9932.68
P08299,Desodorante Poett Primavera 900ml,Limpieza,3909.59,4889.01,3834.16,4443.5,5033.23
P08300,Galletitas Chocolinas 170g,Panificados,4275.44,4339.61,4486.22,3934.99,4370.36
P08301,Manteca Sancor 200g,Lácteos,3000.7,3803.59,3397.78,2994.55,2959.76
P08302,Leche La Serenísima Entera 1L,Lácteos,7878.25,9352.41,9261.45,7815.2,7696.2
P08303,Galletitas Express 170g,Panificados,7502.47,7907.64,6256.91,7896.82,7300.33
P08304,Papel Higiénico Higienol 4 Rollos x4,Higiene,1493.15,1743.21,1477.19,1567.39,1699.44
P08305,Queso Rallado La Paulina 40g,Lácteos,2363.8,2240.24,2260.05,2495.41,2734.15
P08306,Harina Blancaflor 1Kg,Almacén,10649.55,9275.03,8530.55,11000.71,10092.04
P08307,Pasta Dental Colgate Total 90g,Higiene,9677.15,12384.61,11552.0,11336.69,13095.14
P08308,Pan de Campo Bimbo 500g,Panificados,8567.64,10600.37,8427.19,8493.58,10715.01
P08309,Yogur Ser Vainilla 1Kg x4,Lácteos,2010.75,2483.97,2417.19,1967.4,2183.81
P08310,Detergente Magistral Limón 750ml,Limpieza,4240.09,4546.79,5246.76,4253.15,4814.53
P08311,Lavandina Ayudín 1L,Limpieza,4720.97,4275.88,3836.72,4464.14,4614.15
P08312,Fideos Matarazzo Spaghetti 500g,Almacén,2388.89,2352.66,2654.72,2900.98,2767.75
P08313,Leche La Serenísima Entera 1L,Lácteos,3233.67,3848.54,3398.42,3210.67,3556.09
P08314,Pepsi 2.25L x3,Bebidas,5225.12,5394.1,5132.85,6791.83,5374.72
P08315,Suavizante Comfort 900ml x4,Limpieza,8616.3,8773.9,8184.41,9613.32,7612.14
P08316,Papel Higiénico Higienol 4 Rollos x3,Higiene,3923.1,4968.74,3945.79,4047.66,4250.76
P08317,Manteca Sancor 200g,Lácteos,1699.93,1983.91,1634.58,1983.15,2183.18
P08318,Manteca Sancor 200g,Lácteos,3612.64,3630.81,3491.15,3351.91,4174.92
P08319,Aceite Natura Girasol 1.5L,Almacén,3439.4,3290.04,3380.24,3454.13,2894.98
P08320,Leche La Serenísima Entera 1L,Lácteos,11187.63,10872.9,11888.07,11639.34,12002.11
P08321,Yogur Ser Vainilla 1Kg x5,Lácteos,4073.4,5161.0,4629.91,4206.82,4806.95
P08322,Jabón en Polvo Ala 3Kg,Limpieza,11602.37,11638.66,9119.43,11278.28,9747.64
P08323,Desodorante Poett Primavera 900ml,Limpieza,7639.91,7540.21,8282.46,7486.09,7175.37
P08324,Jabón en Polvo Ala 3Kg,Limpieza,9353.37,9282.98,7704.15,8456.64,7379.98
P08325,Harina Blancaflor 1Kg x5,Almacén,4398.88,4480.99,5730.58,4401.41,4723.98
P08326,Jugo Baggio Multifruta 1L,Bebidas,3252.23,4182.0,3793.24,3631.2,3946.17
P08327,Shampoo Pantene Restauración 400ml,Higiene,6121.3,7976.24,7161.85,6286.71,7941.14
P08328,Leche La Serenísima Entera 1L,Lácteos,5344.49,6052.27,4474.44,5382.11,6008.75
P08329,Coca-Cola 2.25L,Bebidas,10285.8,9611.37,12424.34,12845.95,9937.57
P08330,Yogur Ser Vainilla 1Kg,Lácteos,6268.48,7109.12,7826.33,8057.6,7590.73
P08331,Cerveza Heineken 1L,Bebidas,6967.63,7868.03,7318.65,7874.49,9497.88
P08332,Desodorante Rexona Hombre 150ml,Higiene,3078.51,3207.79,3339.67,2529.64,2813.07
P08333,Pasta Dental Colgate Total 90g x3,Higiene,5212.53,4848.26,4331.73,5669.01,4698.29
P08334,Galletitas Chocolinas 170g,Panificados,10161.26,9432.62,11077.74,11763.36,11447.41
P08335,Desodorante Rexona Hombre 150ml,Higiene,4726.68,5723.47,4621.55,4754.75,5758.87
P08336,Suavizante Comfort 900ml,Limpieza,4254.74,3391.74,3408.54,4112.72,4220.33
P08337,Pan de Campo Bimbo 500g,Panificados,7251.42,8242.59,8055.45,8702.72,9813.71
P08338,Lavandina Ayudín 1L,Limpieza,5008.66,5762.54,5112.25,4998.9,4600.24
P08339,Desodorante Rexona Hombre 150ml,Higiene,11106.97,10905.6,9251.99,10364.6,9702.29
P08340,Azúcar Ledesma 1Kg,Almacén,6797.95,8551.65,7427.03,7077.53,6949.7
P08341,Coca-Cola 2.25L,Bebidas,2225.85,2860.39,2580.0,2839.5,2580.63
P08342,Leche Ilolay Descremada 1L,Lácteos,10069.51,10301.74,11087.1,11473.74,9265.15
P08343,Papel Higiénico Higienol 4 Rollos,Higiene,5726.71,6955.76,6725.65,5830.7,6845.27
P08344,Queso Rallado La Paulina 40g,Lácteos,2842.32,2199.3,2669.53,2918.51,2328.67
P08345,Pan Lactal Fargo 600g,Panificados,1624.95,1794.22,1676.48,1817.8,1550.1
P08346,Papel Higiénico Higienol 4 Rollos,Higiene,11304.41,12762.79,11344.04,13627.71,11692.71
P08347,Lavandina Ayudín 1L,Limpieza,13714.47,13686.01,11940.77,10307.35,12347.73
P08348,Shampoo Pantene Restauración 400ml,Higiene,4301.8,4333.63,4222.6,3868.18,4039.43
P08349,Lavandina Ayudín 1L,Limpieza,2034.37,2039.77,1643.22,2186.66,2217.02
P08350,Jabón en Polvo Ala 3Kg x5,Limpieza,8779.29,10187.22,10364.94,9453.08,7677.36
P08351,Cerveza Quilmes 1L,Bebidas,7385.64,5993.31,7171.57,6348.37,6429.17
P08352,Detergente Magistral Limón 750ml,Limpieza,2395.04,2522.9,2772.63,2498.16,2448.7
P08353,Arroz Gallo Oro 1Kg,Almacén,1010.42,1153.18,1324.42,1191.0,1065.43
P08354,Suavizante Comfort 900ml,Limpieza,4722.69,4688.46,3996.45,4390.61,4906.04
P08355,Pan Lactal Fargo 600g x3,Panificados,3500.18,4335.58,4099.65,4570.58,3802.76
P08356,Desodorante Poett Primavera 900ml,Limpieza,7164.8,5707.22,7424.65,5928.7,7212.02
P08357,Jabón en Polvo Ala 3Kg,Limpieza,5222.31,5516.3,5703.69,4633.04,4904.32
P08358,Suavizante Comfort 900ml,Limpieza,3365.49,2624.98,3290.66,3115.78,3423.88
P08359,Arroz Gallo Oro 1Kg,Almacén,6016.3,7224.68,5852.96,7597.43,7103.27
P08360,Shampoo Pantene Restauración 400ml,Higiene,3720.46,4018.76,4727.55,4877.94,4089.35
P08361,Jugo Baggio Multifruta 1L,Bebidas,11388.15,10561.93,10092.63,9796.59,10975.87
P08362,Yerba Playadito 1Kg,Almacén,3144.04,2724.84,3169.05,3186.57,3096.66
P08363,Bizcochitos Don Satur 200g,Panificados,4408.1,4787.39,3932.96,4550.14,4246.15
P08364,Yogur Ser Vainilla 1Kg x5,Lácteos,8225.12,7583.87,7349.0,9764.78,8273.85
P08365,Shampoo Pantene Restauración 400ml,Higiene,870.5,808.66,881.97,707.07,937.94
P08366,Fideos Matarazzo Spaghetti 500g x5,Almacén,2344.65,2907.3,3043.24,3057.04,3071.45
P08367,Yerba Playadito 1Kg,Almacén,8170.68,7828.07,7126.5,7321.31,6933.4
P08368,Suavizante Comfort 900ml,Limpieza,3658.26,2956.29,3230.82,3717.13,3507.6
P08369,Manteca Sancor 200g,Lácteos,4885.9,5985.53,5384.94,5416.73,5159.48
P08370,Pan de Campo Bimbo 500g,Panificados,9406.4,11395.66,10016.34,9700.56,11473.16
P08371,Arroz Gallo Oro 1Kg x4,Almacén,690.94,789.71,781.28,823.79,764.46
P08372,Yogur Ser Vainilla 1Kg,Lácteos,12703.94,10845.14,13290.08,10018.02,11060.68
P08373,Pepsi 2.25L,Bebidas,1143.28,1104.3,1047.79,1416.26,1409.15
P08374,Fideos Matarazzo Spaghetti 500g,Almacén,12683.21,10607.03,10806.32,12080.67,12142.54
P08375,Pan Lactal Fargo 600g,Panificados,4989.64,5543.51,5331.74,6497.56,5934.45
P08376,Yerba Playadito 1Kg,Almacén,3668.44,4378.67,4487.73,4316.8,3909.25
P08377,Leche Ilolay Descremada 1L x5,Lácteos,6861.89,5794.41,6702.08,6937.32,6365.57
P08378,Galletitas Chocolinas 170g,Panificados,13235.38,11437.08,13209.91,13198.3,11650.01
P08379,Jugo Baggio Multifruta 1L,Bebidas,9960.62,11638.13,11251.11,11471.95,13136.48
P08380,Shampoo Pantene Restauración 400ml,Higiene,8955.94,6707.28,7632.72,7060.7,8829.9
P08381,Cerveza Heineken 1L,Bebidas,2297.8,2374.99,2752.72,2980.68,2386.91
P08382,Pan de Campo Bimbo 500g,Panificados,5830.82,5350.06,5726.37,6450.98,6280.66
P08383,Jabón Dove Original 90g x2,Higiene,2256.97,2441.06,2562.62,2124.2,2505.16
P08384,Aceite Natura Girasol 1.5L,Almacén,1725.26,1975.51,1817.86,1815.68,2138.48
P08385,Fideos Matarazzo Spaghetti 500g,Almacén,7889.07,6546.13,8648.02,6717.66,6586.6
P08386,Pan de Campo Bimbo 500g,Panificados,2446.59,2599.84,2552.63,2904.49,2524.13
P08387,Bizcochitos Don Satur 200g x4,Panificados,7249.35,8047.57,6767.67,6722.18,6563.48
P08388,Cerveza Quilmes 1L,Bebidas,8164.55,9342.9,8982.67,7724.72,8225.61
P08389,Aceite Natura Girasol 1.5L,Almacén,10222.51,11193.75,11270.54,9668.99,10860.2
P08390,Jugo Baggio Multifruta 1L,Bebidas,11007.17,11093.46,11165.81,11464.04,9984.82
P08391,Yerba Taragüi 1Kg x5,Almacén,7917.28,8369.56,9986.34,9670.14,8099.92
P08392,Agua Villavicencio 2.25L,Bebidas,8750.72,7615.49,6694.73,7399.62,8345.52
P08393,Cerveza Heineken 1L x3,Bebidas,11572.19,11955.74,12444.77,9895.85,10359.02
P08394,Suavizante Comfort 900ml,Limpieza,6151.02,6082.03,6434.08,5932.4,6493.87
P08395,Bizcochitos Don Satur 200g x5,Panificados,5414.39,6769.06,6092.25,6883.78,6531.98
P08396,Jabón Dove Original 90g x3,Higiene,8586.96,10101.45,10034.99,10400.47,10259.6
P08397,Lavandina Ayudín 1L x5,Limpieza,9181.17,10787.89,12213.17,12227.84,9242.53
P08398,Coca-Cola 2.25L,Bebidas,7828.23,7241.06,7509.58,7628.77,7411.9
P08399,Jugo Baggio Multifruta 1L,Bebidas,9077.24,10584.05,8778.84,8791.49,10455.94
P08400,Pan de Campo Bimbo 500g,Panificados,5171.71,5002.21,4986.47,4448.59,5113.34
P08401,Pan de Campo Bimbo 500g,Panificados,10000.66,11835.42,9654.46,10592.66,9767.61
P08402,Cerveza Heineken 1L,Bebidas,7627.02,8663.99,9460.1,7349.95,7748.36
P08403,Desodorante Rexona Hombre 150ml,Higiene,5439.08,5307.03,5248.62,5719.29,4766.13
P08404,Detergente Magistral Limón 750ml,Limpieza,10645.21,12721.14,13854.1,11117.74,10582.83
P08405,Cerveza Quilmes 1L,Bebidas,10130.02,9033.93,10675.85,8170.09,10671.83
P08406,Shampoo Pantene Restauración 400ml x4,Higiene,2631.61,2659.38,2862.59,2436.2,2082.76
P08407,Bizcochitos Don Satur 200g,Panificados,11625.46,10740.96,13062.88,11915.28,13127.55
P08408,Detergente Magistral Limón 750ml,Limpieza,6650.82,5989.29,6160.55,6951.64,6644.27
P08409,Pepsi 2.25L x2,Bebidas,12717.24,11397.5,13055.42,14016.72,11371.11
P08410,Queso Cremoso Tregar 1Kg,Lácteos,11442.58,10861.73,10684.35,10652.66,8833.0
P08411,Queso Cremoso Tregar 1Kg,Lácteos,6399.99,6287.28,6159.47,6653.62,5263.22
P08412,Shampoo Pantene Restauración 400ml,Higiene,6490.41,6726.55,7334.77,8196.64,6564.86
P08413,Pasta Dental Colgate Total 90g,Higiene,4905.85,5618.11,5378.03,5429.28,5424.57
P08414,Agua Villavicencio 2.25L,Bebidas,5062.31,5660.94,5316.45,5674.28,4676.75
P08415,Cerveza Heineken 1L,Bebidas,11569.06,9808.98,11137.7,10962.6,10470.24
P08416,Pan Lactal Fargo 600g,Panificados,4045.33,4334.61,3362.6,4322.87,3656.87
P08417,Desodorante Poett Primavera 900ml x3,Limpieza,5230.28,4456.41,4393.54,3968.85,5230.67
P08418,Agua Villavicencio 2.25L,Bebidas,6289.6,6711.62,7460.51,7416.75,6849.04
P08419,Aceite Natura Girasol 1.5L,Almacén,705.38,725.87,737.32,739.64,799.46
P08420,Suavizante Comfort 900ml,Limpieza,8064.4,10217.7,10599.66,10145.67,9215.26
P08421,Yerba Taragüi 1Kg,Almacén,1485.16,1733.57,1704.68,1717.75,1817.31
P08422,Coca-Cola 2.25L,Bebidas,11323.0,10429.58,10096.71,13549.35,11568.75
P08423,Agua Villavicencio 2.25L,Bebidas,8431.41,10411.92,8096.84,9699.06,8632.71
P08424,Desodorante Poett Primavera 900ml,Limpieza,6057.21,6994.54,5978.62,6783.75,7040.43
P08425,Agua Villavicencio 2.25L,Bebidas,9555.51,7709.41,9318.72,9211.38,8394.97
P08426,Cerveza Heineken 1L,Bebidas,5754.6,5931.58,5415.43,5695.07,6954.04
P08427,Coca-Cola 2.25L,Bebidas,10680.3,10843.7,9407.63,10916.82,8537.53
P08428,Agua Villavicencio 2.25L,Bebidas,11360.54,12213.99,10481.07,10352.84,9817.75
P08429,Jugo Baggio Multifruta 1L,Bebidas,4406.61,3800.25,4253.92,4054.81,3336.41
P08430,Arroz Gallo Oro 1Kg,Almacén,2262.19,2042.64,2340.71,2065.98,2662.83
P08431,Manteca Sancor 200g,Lácteos,6440.27,5622.09,6365.08,6196.05,5044.48
P08432,Pan de Campo Bimbo 500g,Panificados,891.37,679.96,798.37,772.34,726.14
P08433,Jabón en Polvo Ala 3Kg,Limpieza,6083.08,5509.53,6465.16,5476.59,6462.77
P08434,Manteca Sancor 200g,Lácteos,3207.8,3643.55,4420.74,4365.18,4135.79
P08435,Jabón Dove Original 90g,Higiene,7616.68,6021.37,7494.24,6756.65,6128.1
P08436,Coca-Cola 2.25L,Bebidas,5319.02,5874.78,6364.36,6237.46,6181.64
P08437,Leche Ilolay Descremada 1L,Lácteos,10925.88,8535.34,9872.75,8592.0,9992.32
P08438,Papel Higiénico Higienol 4 Rollos x5,Higiene,3091.52,2433.31,3143.32,3262.76,2817.5
P08439,Yerba Playadito 1Kg,Almacén,2635.9,3079.74,3198.06,2768.95,2816.17
P08440,Yerba Taragüi 1Kg,Almacén,9198.62,8143.52,9310.11,8694.24,9465.57
P08441,Bizcochitos Don Satur 200g,Panificados,2461.3,1965.34,2397.18,2298.9,2384.08
P08442,Detergente Magistral Limón 750ml,Limpieza,2047.8,2464.91,2287.19,2127.48,2447.43
P08443,Agua Villavicencio 2.25L,Bebidas,7674.4,7717.39,7827.21,7305.36,7308.91
P08444,Manteca Sancor 200g,Lácteos,9161.72,9385.42,10856.09,10115.29,9335.52
P08445,Papel Higiénico Higienol 4 Rollos,Higiene,9841.51,8722.98,10469.05,9064.13,9684.52
P08446,Fideos Matarazzo Spaghetti 500g x5,Almacén,10451.97,11123.66,9005.19,10915.94,8631.47
P08447,Jabón Dove Original 90g,Higiene,5744.35,5450.7,5220.86,5121.31,6339.79
P08448,Shampoo Pantene Restauración 400ml,Higiene,1176.23,1223.67,1332.63,1469.24,1296.54
P08449,Pasta Dental Colgate Total 90g,Higiene,856.87,753.39,927.21,799.86,885.9
P08450,Agua Villavicencio 2.25L,Bebidas,2629.31,2746.18,3252.74,3015.91,3254.88
P08451,Cerveza Quilmes 1L,Bebidas,7467.39,6489.87,8404.85,7733.26,6569.97
P08452,Desodorante Rexona Hombre 150ml,Higiene,10789.91,10207.77,11650.76,11761.25,11071.72
P08453,Yerba Playadito 1Kg,Almacén,3187.2,2484.7,2761.86,2700.23,2683.32
P08454,Yerba Taragüi 1Kg,Almacén,8994.61,9733.34,9532.17,8392.45,9712.97
P08455,Papel Higiénico Higienol 4 Rollos,Higiene,8239.78,7127.98,8521.16,8526.51,8761.05
P08456,Detergente Magistral Limón 750ml,Limpieza,10926.68,12236.27,11896.74,12710.06,10673.48
P08457,Yerba Taragüi 1Kg x2,Almacén,8456.04,8588.84,8816.23,9897.52,7629.6
P08458,Jugo Baggio Multifruta 1L,Bebidas,6781.59,7521.82,7208.66,8067.64,7672.06
P08459,Agua Villavicencio 2.25L,Bebidas,5717.82,6609.18,5758.79,6957.49,5715.55
P08460,Aceite Natura Girasol 1.5L,Almacén,1479.85,1220.56,1296.5,1090.26,1455.86
P08461,Yerba Taragüi 1Kg,Almacén,5670.7,6923.98,5454.66,6611.34,5644.28
P08462,Pasta Dental Colgate Total 90g,Higiene,1903.48,1940.79,1723.01,1970.72,1927.46
P08463,Fideos Matarazzo Spaghetti 500g,Almacén,3251.56,2991.49,2512.42,2830.48,2719.79
P08464,Jabón Dove Original 90g x4,Higiene,1557.97,1757.2,1497.75,1491.24,1593.84
P08465,Aceite Natura Girasol 1.5L,Almacén,6379.77,6047.7,4661.45,5419.71,5839.9
P08466,Coca-Cola 2.25L,Bebidas,810.85,978.15,1105.4,1042.97,905.7
P08467,Shampoo Pantene Restauración 400ml,Higiene,4589.79,5168.57,5724.29,4926.5,5686.11
P08468,Yogur Ser Vainilla 1Kg,Lácteos,4447.74,5088.63,4404.25,4727.71,3932.08
P08469,Yerba Taragüi 1Kg,Almacén,1829.62,1895.99,1393.28,1817.78,1488.85
P08470,Bizcochitos Don Satur 200g,Panificados,1135.08,1400.58,1260.63,1327.27,1490.24
P08471,Galletitas Express 170g,Panificados,6992.2,7278.17,7726.45,7889.3,5821.86
P08472,Bizcochitos Don Satur 200g,Panificados,8314.15,10851.66,9306.05,9635.83,10485.67
P08473,Leche Ilolay Descremada 1L,Lácteos,8442.52,6885.41,7806.0,7225.21,7211.64
P08474,Harina Blancaflor 1Kg,Almacén,9177.69,9133.63,8843.37,8299.7,9827.59
P08475,Pasta Dental Colgate Total 90g,Higiene,12233.21,10998.91,11424.02,9458.15,9580.98
P08476,Arroz Gallo Oro 1Kg,Almacén,9354.1,9685.57,8141.71,9893.49,9550.64
P08477,Queso Rallado La Paulina 40g,Lácteos,7576.54,8074.25,7427.59,8068.56,8348.45
P08478,Pepsi 2.25L,Bebidas,9138.88,10252.96,9715.81,10138.93,8456.95
P08479,Yerba Playadito 1Kg,Almacén,4806.75,5472.11,4249.02,5448.0,5133.16
P08480,Queso Cremoso Tregar 1Kg,Lácteos,1275.62,1376.91,1630.02,1634.67,1510.02
P08481,Arroz Gallo Oro 1Kg,Almacén,6645.89,5205.63,6010.61,5910.28,5724.48
P08482,Fideos Matarazzo Spaghetti 500g,Almacén,1689.72,1678.22,1472.52,1506.44,1732.16
P08483,Cerveza Heineken 1L,Bebidas,12863.32,12835.5,13072.58,12106.65,12296.02
P08484,Leche La Serenísima Entera 1L,Lácteos,2639.88,3014.89,3356.18,3097.49,3399.29
P08485,Lavandina Ayudín 1L,Limpieza,3809.42,3601.93,4171.25,4854.21,3913.43
P08486,Coca-Cola 2.25L,Bebidas,1798.08,1966.91,2105.79,1953.17,1809.72
P08487,Suavizante Comfort 900ml x4,Limpieza,8387.21,9424.7,8085.16,8807.74,7975.45
P08488,Pasta Dental Colgate Total 90g x3,Higiene,4013.27,4627.03,4088.14,4710.55,3960.81
P08489,Galletitas Chocolinas 170g,Panificados,2047.96,1868.65,2050.01,2208.89,2064.94
P08490,Galletitas Chocolinas 170g,Panificados,1548.02,1342.58,1509.8,1559.63,1795.92
P08491,Yogur Ser Vainilla 1Kg,Lácteos,11333.88,12804.71,11227.79,9378.62,10017.01
P08492,Galletitas Express 170g,Panificados,10043.83,8731.98,8644.65,10300.66,10303.05
P08493,Jabón en Polvo Ala 3Kg,Limpieza,11956.27,12070.18,12590.57,9968.81,10705.94
P08494,Desodorante Rexona Hombre 150ml x4,Higiene,1941.55,1926.89,2064.6,2467.95,2101.78
P08495,Pan de Campo Bimbo 500g,Panificados,4123.82,3136.83,3673.51,3825.19,3225.68
P08496,Manteca Sancor 200g,Lácteos,7801.18,8772.63,8738.53,10631.55,8011.27
P08497,Lavandina Ayudín 1L,Limpieza,5413.18,6012.99,7126.26,6036.54,6223.38
P08498,Arroz Gallo Oro 1Kg,Almacén,8449.75,8556.69,7159.89,7177.56,7650.79
P08499,Arroz Gallo Oro 1Kg,Almacén,4083.25,3799.72,4026.03,3817.8,4092.18
P08500,Galletitas Chocolinas 170g,Panificados,3510.63,3126.48,3937.9,3445.51,3119.71
P08501,Pepsi 2.25L,Bebidas,2838.36,2887.46,2693.11,3104.62,3135.17
P08502,Fideos Matarazzo Spaghetti 500g,Almacén,2892.35,3732.62,2986.09,2969.54,3759.89
P08503,Galletitas Chocolinas 170g,Panificados,13383.38,12235.94,11522.43,11563.12,11416.08
P08504,Yerba Playadito 1Kg,Almacén,6169.46,7325.9,6936.05,6791.6,6585.62
P08505,Azúcar Ledesma 1Kg,Almacén,1222.63,1549.91,1583.19,1564.91,1168.22
P08506,Leche Ilolay Descremada 1L,Lácteos,8805.16,9326.8,10617.88,8142.08,9860.15
P08507,Galletitas Chocolinas 170g,Panificados,10068.2,9932.24,9647.83,10828.32,10747.82
P08508,Desodorante Rexona Hombre 150ml,Higiene,10154.03,9371.27,7881.03,9014.62,7831.8
P08509,Lavandina Ayudín 1L,Limpieza,10912.22,9185.38,9781.53,11895.76,11224.7
P08510,Detergente Magistral Limón 750ml,Limpieza,4477.81,3910.33,4442.97,4428.83,3507.94
P08511,Suavizante Comfort 900ml,Limpieza,7694.8,9407.23,9686.36,10111.86,9376.96
P08512,Queso Rallado La Paulina 40g x3,Lácteos,6826.15,6366.15,6110.12,7104.45,5921.34
P08513,Agua Villavicencio 2.25L,Bebidas,5840.12,6899.06,6827.89,5909.88,5745.63
P08514,Lavandina Ayudín 1L,Limpieza,12606.79,10854.64,9807.34,11075.11,11505.42
P08515,Arroz Gallo Oro 1Kg,Almacén,7684.23,7670.38,8555.75,6496.74,7985.66
P08516,Jabón en Polvo Ala 3Kg,Limpieza,877.72,934.85,961.81,849.8,990.83
P08517,Cerveza Quilmes 1L,Bebidas,5605.58,6736.45,7111.26,5750.96,5858.37
P08518,Cerveza Quilmes 1L,Bebidas,8039.97,7378.71,6986.45,6829.81,9148.45
P08519,Harina Blancaflor 1Kg x5,Almacén,10128.31,10463.19,8102.03,9099.62,8058.46
P08520,Yerba Taragüi 1Kg x5,Almacén,7195.58,7564.35,7334.23,6121.14,7680.02
P08521,Coca-Cola 2.25L,Bebidas,3591.3,3429.0,3099.64,3883.07,3128.63
P08522,Azúcar Ledesma 1Kg,Almacén,4549.96,3605.58,3763.78,3711.6,4573.43
P08523,Galletitas Chocolinas 170g,Panificados,10742.17,11382.48,13040.04,12470.36,13884.46
P08524,Bizcochitos Don Satur 200g,Panificados,896.36,958.01,920.54,900.21,858.37
P08525,Azúcar Ledesma 1Kg,Almacén,4625.93,5486.58,5730.06,4733.8,4975.33
P08526,Cerveza Heineken 1L,Bebidas,2084.73,1788.8,2119.93,2242.75,1985.65
P08527,Desodorante Rexona Hombre 150ml,Higiene,10325.79,10209.36,8837.1,9282.5,10766.31
P08528,Desodorante Rexona Hombre 150ml,Higiene,4185.92,4705.49,4436.53,4528.44,3882.56
P08529,Suavizante Comfort 900ml,Limpieza,711.17,967.54,943.52,721.14,967.68
P08530,Leche Ilolay Descremada 1L,Lácteos,4475.06,5716.48,4805.04,4423.28,4476.45
P08531,Jabón en Polvo Ala 3Kg,Limpieza,12705.45,12294.26,12346.36,12229.19,12022.24
P08532,Yogur Ser Vainilla 1Kg,Lácteos,3353.4,3270.54,4273.6,4332.75,3640.38
P08533,Leche Ilolay Descremada 1L,Lácteos,9863.53,11116.57,10848.95,8316.28,8520.13
P08534,Bizcochitos Don Satur 200g x3,Panificados,5760.32,6942.47,6066.73,7843.25,7491.82
P08535,Harina Blancaflor 1Kg,Almacén,4406.72,3487.18,4196.25,3504.8,3220.42
P08536,Harina Blancaflor 1Kg x5,Almacén,2978.46,3032.92,2839.31,3023.28,2849.13
P08537,Galletitas Express 170g,Panificados,7728.61,7831.09,7880.62,7786.99,8277.73
P08538,Shampoo Pantene Restauración 400ml,Higiene,762.52,686.2,780.57,874.78,810.2
P08539,Galletitas Express 170g,Panificados,6633.33,7193.65,6193.21,6662.94,7166.99
P08540,Cerveza Heineken 1L,Bebidas,3020.68,3001.75,3248.33,3802.39,3029.67
P08541,Cerveza Heineken 1L,Bebidas,12430.89,12567.59,13546.38,12030.69,12495.2
P08542,Lavandina Ayudín 1L,Limpieza,8568.17,9184.54,10324.3,11431.39,11387.85
P08543,Yerba Taragüi 1Kg,Almacén,10674.7,8418.58,10274.61,9066.77,8550.12
P08544,Shampoo Pantene Restauración 400ml,Higiene,6896.81,6163.61,6345.82,6531.54,7403.38
P08545,Jabón en Polvo Ala 3Kg,Limpieza,4002.91,3660.87,4475.37,4231.54,4566.93
P08546,Manteca Sancor 200g,Lácteos,8111.44,8393.52,7893.06,7943.56,6193.5
P08547,Cerveza Heineken 1L,Bebidas,3526.38,2821.84,3666.49,3416.58,3512.91
P08548,Manteca Sancor 200g,Lácteos,8790.85,8280.13,9001.81,9614.12,9818.5
P08549,Detergente Magistral Limón 750ml,Limpieza,3243.39,2524.8,2883.14,2557.77,3106.49
P08550,Pepsi 2.25L,Bebidas,3016.28,2774.45,3132.45,3192.0,2743.99
P08551,Yerba Taragüi 1Kg x5,Almacén,12326.32,10795.3,10225.76,10409.2,11935.54
P08552,Cerveza Heineken 1L,Bebidas,1231.99,1341.43,1239.66,1372.91,1332.85
P08553,Yogur Ser Vainilla 1Kg,Lácteos,7521.77,5918.83,6191.33,6100.05,7465.31
P08554,Jabón Dove Original 90g,Higiene,1122.65,1067.37,1135.11,1192.94,1145.6
P08555,Yerba Taragüi 1Kg,Almacén,4785.4,4324.18,4523.86,4966.78,5122.46
P08556,Desodorante Rexona Hombre 150ml,Higiene,10892.04,11312.88,11732.12,8686.87,9174.8
P08557,Pan Lactal Fargo 600g,Panificados,9247.25,7492.85,8833.77,9100.39,8095.55
P08558,Jabón Dove Original 90g,Higiene,10748.84,8673.57,9013.56,9491.55,9506.92
P08559,Manteca Sancor 200g,Lácteos,1575.97,1667.0,1802.29,1835.48,1566.79
P08560,Jabón Dove Original 90g,Higiene,3707.22,3731.41,4057.96,4248.54,4585.33
P08561,Galletitas Express 170g,Panificados,7756.87,7286.49,6949.06,6064.65,7567.71
P08562,Detergente Magistral Limón 750ml,Limpieza,1853.71,2242.14,2272.51,2036.76,2032.35
P08563,Cerveza Heineken 1L,Bebidas,2736.35,3363.48,3441.14,3020.13,2711.44
P08564,Jugo Baggio Multifruta 1L,Bebidas,12789.89,13744.29,12901.89,13034.61,13097.68
P08565,Lavandina Ayudín 1L,Limpieza,10138.39,11598.69,11972.56,13445.45,12451.83
P08566,Agua Villavicencio 2.25L,Bebidas,2562.72,2700.5,2663.75,2269.15,2578.59
P08567,Queso Cremoso Tregar 1Kg x2,Lácteos,3841.6,4196.59,4108.15,3926.73,4018.5
P08568,Queso Rallado La Paulina 40g,Lácteos,5405.54,6450.63,5606.94,5989.27,5404.83
P08569,Bizcochitos Don Satur 200g x5,Panificados,6566.28,6180.84,8339.08,8201.42,8035.29
P08570,Pasta Dental Colgate Total 90g,Higiene,7849.84,8216.64,8497.51,7457.97,7429.08
P08571,Papel Higiénico Higienol 4 Rollos,Higiene,4229.11,4600.11,4162.38,3386.38,3635.14
P08572,Yerba Taragüi 1Kg,Almacén,4173.34,3745.02,3419.54,3808.66,4020.66
P08573,Suavizante Comfort 900ml,Limpieza,6941.93,5899.2,5727.92,7005.38,7547.37
P08574,Desodorante Rexona Hombre 150ml,Higiene,5291.11,4973.71,4663.94,5912.45,5226.07
P08575,Manteca Sancor 200g,Lácteos,8910.92,10340.76,11154.99,11434.59,9942.48
P08576,Leche La Serenísima Entera 1L,Lácteos,10695.78,9218.57,9959.62,10103.49,9160.02
P08577,Queso Rallado La Paulina 40g,Lácteos,3843.26,3234.14,4214.84,3512.67,4293.51
P08578,Leche Ilolay Descremada 1L,Lácteos,3035.03,2977.23,2592.92,2914.68,2771.64
P08579,Yogur Ser Vainilla 1Kg,Lácteos,10270.85,9835.36,9560.99,12107.58,12603.71
P08580,Galletitas Chocolinas 170g,Panificados,911.19,681.18,711.72,710.56,786.32
P08581,Pepsi 2.25L,Bebidas,969.22,863.52,845.37,788.01,880.56
P08582,Cerveza Heineken 1L,Bebidas,4278.78,5030.8,5284.1,5263.57,4139.42
P08583,Jabón Dove Original 90g,Higiene,4775.51,5493.2,4980.39,5643.27,4527.24
P08584,Pasta Dental Colgate Total 90g,Higiene,5565.22,5217.63,5794.29,4413.72,4424.1
P08585,Queso Cremoso Tregar 1Kg,Lácteos,8408.29,9019.77,7058.1,8673.32,9048.57
P08586,Yogur Ser Vainilla 1Kg x4,Lácteos,844.53,935.36,1098.56,892.91,881.5
P08587,Yerba Taragüi 1Kg,Almacén,11436.18,10317.48,13581.38,12503.92,13593.06
P08588,Pepsi 2.25L,Bebidas,1114.35,999.06,958.85,954.48,1175.03
P08589,Leche La Serenísima Entera 1L x3,Lácteos,10581.92,11052.67,11056.14,9759.68,8323.13
P08590,Arroz Gallo Oro 1Kg,Almacén,1822.69,2034.82,2158.17,2061.09,1825.38
P08591,Arroz Gallo Oro 1Kg,Almacén,1567.72,1418.82,1681.35,1636.91,1645.4
P08592,Manteca Sancor 200g x5,Lácteos,6390.86,6650.9,6514.33,7356.64,8029.31
P08593,Leche Ilolay Descremada 1L,Lácteos,6535.29,6991.7,6463.21,5687.72,7585.12
P08594,Queso Rallado La Paulina 40g,Lácteos,11424.28,12700.11,11997.03,10812.7,11092.23
P08595,Pepsi 2.25L,Bebidas,1036.41,1046.95,1170.69,1109.23,1194.75
P08596,Pan de Campo Bimbo 500g,Panificados,9008.35,10159.94,8681.62,8125.7,9808.11
P08597,Azúcar Ledesma 1Kg,Almacén,9650.7,12031.2,10178.15,11317.55,10915.97
P08598,Pan de Campo Bimbo 500g,Panificados,9292.75,7545.02,9304.77,9015.67,8585.58
P08599,Manteca Sancor 200g,Lácteos,13482.89,11164.2,11755.97,11435.11,13101.22
P08600,Lavandina Ayudín 1L x2,Limpieza,9746.96,10279.98,10748.93,10531.42,9729.59
P08601,Yerba Playadito 1Kg,Almacén,6600.2,7329.45,6542.93,7345.89,7814.22
P08602,Pan Lactal Fargo 600g,Panificados,9091.03,11108.51,8927.0,9729.59,8535.54
P08603,Yogur Ser Vainilla 1Kg,Lácteos,3271.69,2976.24,2994.8,2689.16,3222.67
P08604,Fideos Matarazzo Spaghetti 500g,Almacén,10886.53,10680.47,10764.99,12948.13,11197.19
P08605,Azúcar Ledesma 1Kg,Almacén,6355.1,6979.35,7553.47,7488.8,6817.72
P08606,Galletitas Chocolinas 170g x5,Panificados,9377.16,10488.46,11486.82,10986.8,10473.43
P08607,Pasta Dental Colgate Total 90g,Higiene,2157.04,1662.85,2037.51,1806.4,1635.04
P08608,Pasta Dental Colgate Total 90g,Higiene,6193.39,5290.02,5691.18,6299.68,5223.06
P08609,Yogur Ser Vainilla 1Kg,Lácteos,4927.07,5807.79,6067.64,5440.86,5372.71
P08610,Papel Higiénico Higienol 4 Rollos,Higiene,3728.49,4345.38,4196.22,4784.09,3947.85
P08611,Leche La Serenísima Entera 1L,Lácteos,4187.23,4673.73,4706.25,4881.28,3949.87
P08612,Pan Lactal Fargo 600g,Panificados,11118.74,9890.82,8912.65,11372.82,10863.32
P08613,Pepsi 2.25L,Bebidas,6160.34,7281.47,6441.14,6015.78,5357.15
P08614,Cerveza Quilmes 1L,Bebidas,3612.82,3828.27,3966.52,4060.22,3609.58
P08615,Desodorante Poett Primavera 900ml x2,Limpieza,8782.27,8952.4,11860.16,8659.22,11488.39
P08616,Shampoo Pantene Restauración 400ml x3,Higiene,3588.37,3044.43,3298.9,3706.45,3914.62
P08617,Suavizante Comfort 900ml x5,Limpieza,3324.43,3374.56,3061.12,2985.74,3583.85
P08618,Queso Rallado La Paulina 40g x4,Lácteos,873.34,1072.69,973.61,917.85,1028.3
P08619,Galletitas Chocolinas 170g,Panificados,4582.62,3963.97,4312.28,4286.49,4548.34
P08620,Jugo Baggio Multifruta 1L,Bebidas,11281.52,11273.59,10643.25,12969.73,10260.43
P08621,Shampoo Pantene Restauración 400ml,Higiene,2385.46,2437.33,2312.54,2386.47,2753.26
P08622,Yerba Taragüi 1Kg,Almacén,7859.84,10055.39,9543.9,8515.68,8939.01
P08623,Coca-Cola 2.25L,Bebidas,2527.56,2060.51,2634.02,2629.59,2569.62
P08624,Harina Blancaflor 1Kg,Almacén,6908.24,6611.69,6984.05,7101.72,5829.7
P08625,Shampoo Pantene Restauración 400ml,Higiene,3264.33,3214.48,3493.42,3269.88,3705.36
P08626,Arroz Gallo Oro 1Kg,Almacén,8971.07,8987.21,6856.92,7372.8,8385.47
P08627,Cerveza Heineken 1L,Bebidas,9790.35,12151.04,10673.36,10949.81,11989.11
P08628,Harina Blancaflor 1Kg,Almacén,753.73,633.22,637.36,682.18,768.38
P08629,Galletitas Chocolinas 170g,Panificados,3993.35,3899.99,4834.49,4010.53,3678.98
P08630,Jabón Dove Original 90g,Higiene,6750.43,7925.95,5975.09,7400.01,6519.06
P08631,Yerba Taragüi 1Kg x5,Almacén,2125.15,2576.05,2814.8,2681.86,2092.6
P08632,Queso Rallado La Paulina 40g,Lácteos,5275.89,4367.21,4194.74,5342.77,5576.87
P08633,Jabón Dove Original 90g,Higiene,7106.13,6763.87,7662.85,6438.26,6036.18
P08634,Yerba Taragüi 1Kg,Almacén,8001.69,7810.49,7165.4,6945.27,8121.47
P08635,Galletitas Chocolinas 170g,Panificados,2932.94,3006.9,2242.63,2333.58,2911.73
P08636,Queso Rallado La Paulina 40g x4,Lácteos,1981.06,2294.75,2384.42,1843.4,1865.47
P08637,Pepsi 2.25L,Bebidas,7466.74,8531.01,7638.91,9015.38,7724.45
P08638,Pan Lactal Fargo 600g,Panificados,7051.94,5957.2,6936.37,5586.45,5726.5
P08639,Pepsi 2.25L,Bebidas,8909.46,8686.33,10988.37,9818.3,10378.56
P08640,Jugo Baggio Multifruta 1L,Bebidas,1344.27,1481.04,1473.79,1498.36,1401.67
P08641,Cerveza Quilmes 1L,Bebidas,6546.75,5969.86,7298.26,6931.23,7961.0
P08642,Jugo Baggio Multifruta 1L,Bebidas,10925.95,8146.8,10462.21,9957.85,9627.77
P08643,Detergente Magistral Limón 750ml x5,Limpieza,10706.33,11387.45,9045.55,10924.08,11203.81
P08644,Cerveza Heineken 1L,Bebidas,1514.96,1528.8,1554.56,1883.36,1398.99
P08645,Queso Rallado La Paulina 40g,Lácteos,4971.85,4977.12,4928.64,5556.73,4363.24
P08646,Pan de Campo Bimbo 500g,Panificados,9745.27,10696.87,7777.38,8835.82,8243.69
P08647,Papel Higiénico Higienol 4 Rollos,Higiene,6735.31,8271.81,7065.45,8880.41,7546.35
P08648,Fideos Matarazzo Spaghetti 500g,Almacén,7149.61,6897.3,7242.78,6517.78,6259.61
P08649,Manteca Sancor 200g,Lácteos,9919.4,10189.17,10900.89,11829.3,10392.86
P08650,Yerba Taragüi 1Kg,Almacén,2508.04,2679.79,2534.46,3389.75,2714.74
P08651,Pan de Campo Bimbo 500g,Panificados,10068.47,9760.03,10447.05,9934.8,9645.05
P08652,Harina Blancaflor 1Kg,Almacén,5027.26,5352.41,5088.19,4625.31,4329.23
P08653,Desodorante Rexona Hombre 150ml,Higiene,9537.49,6912.56,7847.38,8829.26,7631.61
P08654,Cerveza Quilmes 1L,Bebidas,4228.37,4292.72,4051.44,3485.0,4315.31
P08655,Suavizante Comfort 900ml,Limpieza,10411.57,11579.97,13045.08,12482.56,12891.51
P08656,Coca-Cola 2.25L,Bebidas,9336.69,9745.57,10871.74,10189.35,9092.6
P08657,Coca-Cola 2.25L,Bebidas,5728.07,4438.86,4760.46,5349.89,4231.68
P08658,Leche La Serenísima Entera 1L,Lácteos,5927.86,6340.56,7189.85,6277.4,6839.9
P08659,Galletitas Express 170g,Panificados,2947.75,2766.2,2901.37,2741.02,3554.26
P08660,Leche Ilolay Descremada 1L,Lácteos,8012.11,8356.36,8683.84,8759.49,8423.76
P08661,Cerveza Heineken 1L,Bebidas,3273.26,3797.51,3135.13,3096.09,3199.52
P08662,Fideos Matarazzo Spaghetti 500g,Almacén,3108.97,3138.36,3156.61,3433.76,3640.26
P08663,Azúcar Ledesma 1Kg,Almacén,3450.83,3299.86,4006.09,3569.57,3552.92
P08664,Pasta Dental Colgate Total 90g,Higiene,895.37,1153.55,1155.11,904.73,893.02
P08665,Yogur Ser Vainilla 1Kg x5,Lácteos,11030.82,9427.08,10754.67,9797.22,8548.77
P08666,Agua Villavicencio 2.25L,Bebidas,10638.17,11251.48,11836.43,10751.5,11435.42
P08667,Queso Cremoso Tregar 1Kg,Lácteos,7231.8,7169.58,6808.01,7980.95,8930.37
P08668,Jabón en Polvo Ala 3Kg,Limpieza,6822.85,6421.42,6366.32,7479.58,8418.13
P08669,Yerba Playadito 1Kg x2,Almacén,7751.77,10279.45,9446.84,10341.27,8592.77
P08670,Harina Blancaflor 1Kg,Almacén,1370.29,1476.31,1399.22,1452.71,1627.91
P08671,Arroz Gallo Oro 1Kg,Almacén,10316.89,9145.66,10454.12,10098.91,8843.08
P08672,Queso Rallado La Paulina 40g,Lácteos,9528.01,8760.75,9397.76,8367.36,9490.36
P08673,Harina Blancaflor 1Kg x4,Almacén,6781.66,6433.88,7692.69,6582.04,7179.08
P08674,Jabón Dove Original 90g x2,Higiene,4100.66,3973.57,4563.68,3727.84,4036.86
P08675,Harina Blancaflor 1Kg,Almacén,10701.56,10845.24,11571.32,9557.38,12369.71
P08676,Aceite Natura Girasol 1.5L x2,Almacén,2591.85,2848.09,2403.96,2641.86,2379.29
P08677,Lavandina Ayudín 1L,Limpieza,9800.33,12593.68,9639.74,13142.37,12530.78
P08678,Jabón Dove Original 90g,Higiene,4450.97,5212.3,4395.32,4187.61,4754.49
P08679,Yerba Taragüi 1Kg,Almacén,3199.88,3644.76,3117.15,3093.14,3143.23
P08680,Leche La Serenísima Entera 1L,Lácteos,3640.58,4944.92,4800.86,4308.29,4126.93
P08681,Leche Ilolay Descremada 1L,Lácteos,10747.23,9295.43,9002.1,12234.79,10682.97
P08682,Yerba Playadito 1Kg,Almacén,5419.84,5104.01,5350.68,6471.43,6543.67
P08683,Coca-Cola 2.25L,Bebidas,10937.28,13356.39,10346.0,11553.56,10246.35
P08684,Lavandina Ayudín 1L x2,Limpieza,8534.12,10260.1,11086.01,9144.55,8717.74
P08685,Detergente Magistral Limón 750ml,Limpieza,8198.19,7173.6,7186.92,7316.29,8534.98
P08686,Queso Rallado La Paulina 40g,Lácteos,2842.08,2460.78,2739.27,2671.82,2157.11
P08687,Cerveza Quilmes 1L x5,Bebidas,3910.45,3327.45,4379.56,3976.86,4385.64
P08688,Desodorante Rexona Hombre 150ml,Higiene,3525.77,3960.95,4233.64,3551.63,4000.11
P08689,Agua Villavicencio 2.25L,Bebidas,5614.88,5892.54,5554.48,5507.53,6359.66
P08690,Pan Lactal Fargo 600g,Panificados,9133.57,10174.84,11462.82,9514.61,11244.29
P08691,Yogur Ser Vainilla 1Kg,Lácteos,6332.7,7747.15,6449.84,8132.12,6563.25
P08692,Pan de Campo Bimbo 500g,Panificados,9443.08,12821.89,10754.72,10250.72,11591.66
P08693,Desodorante Poett Primavera 900ml,Limpieza,8947.3,9687.83,8978.33,9579.27,10324.36
P08694,Aceite Natura Girasol 1.5L,Almacén,11689.06,12247.89,9305.8,11049.67,9441.05
P08695,Azúcar Ledesma 1Kg,Almacén,4732.23,5068.86,4909.87,5023.04,4993.91
P08696,Desodorante Rexona Hombre 150ml,Higiene,8803.76,9054.84,10179.93,9110.17,9130.84
P08697,Jabón en Polvo Ala 3Kg,Limpieza,8582.33,8451.23,8190.15,9002.11,8712.94
P08698,Pasta Dental Colgate Total 90g,Higiene,3960.71,4670.86,3869.39,4036.29,3539.48
P08699,Yogur Ser Vainilla 1Kg,Lácteos,1332.19,1429.37,1474.27,1536.8,1702.25
P08700,Pan de Campo Bimbo 500g,Panificados,6468.75,6294.48,5476.27,5037.56,5240.09
P08701,Pepsi 2.25L,Bebidas,12704.83,10609.46,12180.95,11305.91,12604.03
P08702,Lavandina Ayudín 1L,Limpieza,4232.44,4254.56,4210.27,3943.97,4290.06
P08703,Cerveza Heineken 1L,Bebidas,4893.08,4745.22,4089.12,4020.25,5100.15
P08704,Yogur Ser Vainilla 1Kg,Lácteos,3676.51,3600.54,3860.86,4189.59,3863.9
P08705,Shampoo Pantene Restauración 400ml,Higiene,6151.45,4939.43,5134.45,5233.07,5771.93
P08706,Jabón Dove Original 90g x5,Higiene,3485.72,4230.61,3752.59,3585.53,3707.53
P08707,Bizcochitos Don Satur 200g,Panificados,1480.93,2045.26,1824.92,1687.57,1678.52
P08708,Coca-Cola 2.25L x5,Bebidas,2405.77,2305.58,2493.16,2252.47,2802.61
P08709,Suavizante Comfort 900ml,Limpieza,902.31,1029.01,1239.9,936.8,1157.71
P08710,Jabón en Polvo Ala 3Kg,Limpieza,3979.09,5156.53,4466.54,5052.89,4907.28
P08711,Cerveza Heineken 1L,Bebidas,2251.09,2236.45,2019.61,2421.31,2424.42
P08712,Leche La Serenísima Entera 1L,Lácteos,3892.77,4967.19,5332.71,4794.34,5101.97
P08713,Aceite Natura Girasol 1.5L x3,Almacén,3931.03,2938.31,3495.03,4038.65,3074.55
P08714,Bizcochitos Don Satur 200g,Panificados,5649.64,6426.46,5329.41,7010.33,6059.19
P08715,Leche Ilolay Descremada 1L,Lácteos,3696.75,4366.7,4212.6,4900.31,5006.42
P08716,Detergente Magistral Limón 750ml,Limpieza,3389.68,2625.6,2756.12,2592.89,2854.86
P08717,Galletitas Express 170g,Panificados,10484.24,9837.69,8887.37,10488.22,10919.0
P08718,Jabón en Polvo Ala 3Kg,Limpieza,4237.52,4475.86,4350.55,4152.03,4851.62
P08719,Fideos Matarazzo Spaghetti 500g x4,Almacén,6436.08,6423.28,6153.53,7263.71,6230.5
P08720,Aceite Natura Girasol 1.5L,Almacén,8655.7,9472.42,10301.02,10619.99,9410.98
P08721,Yerba Playadito 1Kg,Almacén,5601.32,4536.91,4545.23,5555.29,5662.24
P08722,Jabón en Polvo Ala 3Kg x3,Limpieza,9986.59,10027.47,12542.32,11052.24,11209.8
P08723,Queso Rallado La Paulina 40g,Lácteos,10716.31,12964.52,10035.45,9485.89,9796.73
P08724,Leche La Serenísima Entera 1L,Lácteos,4653.61,4745.4,4834.98,4125.85,4511.9
P08725,Manteca Sancor 200g,Lácteos,6335.04,5299.05,5695.53,5171.9,5014.88
P08726,Pan Lactal Fargo 600g,Panificados,9747.49,9109.41,9591.73,11204.07,9010.86
P08727,Jugo Baggio Multifruta 1L x4,Bebidas,8489.43,8729.48,8893.79,7874.65,7696.96
P08728,Queso Rallado La Paulina 40g x4,Lácteos,3596.93,3860.51,4126.46,4157.99,3445.35
P08729,Cerveza Heineken 1L,Bebidas,7931.44,8247.35,7932.35,7847.23,9591.66
P08730,Galletitas Chocolinas 170g,Panificados,5339.17,5442.43,6364.87,6204.19,6190.53
P08731,Leche La Serenísima Entera 1L,Lácteos,5819.7,4638.15,4492.29,4547.45,5082.98
P08732,Leche Ilolay Descremada 1L,Lácteos,7152.4,6192.1,6958.02,6324.15,6514.86
P08733,Pan Lactal Fargo 600g x5,Panificados,11558.79,11790.8,11905.26,10186.47,10895.73
P08734,Leche La Serenísima Entera 1L,Lácteos,6258.98,5982.92,7407.29,6329.53,6469.97
P08735,Pasta Dental Colgate Total 90g,Higiene,7154.96,7760.45,7113.58,6219.42,6040.79
P08736,Papel Higiénico Higienol 4 Rollos,Higiene,13807.66,11821.38,12414.24,10471.07,12097.37
P08737,Yogur Ser Vainilla 1Kg,Lácteos,9326.77,9783.6,9946.89,8605.66,8546.09
P08738,Yerba Taragüi 1Kg,Almacén,1480.58,1458.29,1789.29,1891.86,1600.42
P08739,Bizcochitos Don Satur 200g x4,Panificados,7850.32,8622.22,8242.38,8010.07,9286.35
P08740,Cerveza Quilmes 1L,Bebidas,11466.18,13112.77,12271.06,11338.86,10998.38
P08741,Manteca Sancor 200g,Lácteos,3946.33,5204.17,4279.05,4877.01,4163.78
P08742,Azúcar Ledesma 1Kg,Almacén,7688.15,8593.26,8167.41,7182.77,8366.77
P08743,Queso Rallado La Paulina 40g,Lácteos,7377.93,6731.51,7135.05,8167.47,7549.56
P08744,Pan Lactal Fargo 600g,Panificados,4509.98,5239.56,4243.19,4385.26,4705.46
P08745,Manteca Sancor 200g,Lácteos,9137.43,9659.25,10158.82,8226.13,9021.59
P08746,Bizcochitos Don Satur 200g,Panificados,8398.14,9693.67,11234.28,10338.26,11172.32
P08747,Aceite Natura Girasol 1.5L,Almacén,5480.71,4585.77,5090.41,5568.79,5862.84
P08748,Aceite Natura Girasol 1.5L,Almacén,13419.83,10612.99,12600.99,10325.72,13284.96
P08749,Jabón en Polvo Ala 3Kg,Limpieza,7354.22,9226.05,9400.82,9210.48,9123.42
P08750,Pasta Dental Colgate Total 90g,Higiene,9207.47,9942.35,10957.29,8567.76,9183.82
P08751,Desodorante Rexona Hombre 150ml,Higiene,3868.04,3809.48,3885.74,3120.57,3228.69
P08752,Aceite Natura Girasol 1.5L x2,Almacén,7710.28,9661.17,9868.88,8283.12,10212.31
P08753,Desodorante Poett Primavera 900ml,Limpieza,13036.18,10501.21,12384.69,11489.8,11584.21
P08754,Pan Lactal Fargo 600g,Panificados,9529.79,9575.18,9505.92,10272.96,10525.32
P08755,Cerveza Heineken 1L,Bebidas,5022.38,5441.66,5651.31,6653.33,5638.36
P08756,Lavandina Ayudín 1L,Limpieza,1399.56,1577.09,1752.17,1771.96,1399.39
P08757,Jabón en Polvo Ala 3Kg,Limpieza,12088.31,9509.73,12564.57,9859.78,9831.7
P08758,Manteca Sancor 200g,Lácteos,3140.32,3446.96,3535.22,3255.48,3516.41
P08759,Suavizante Comfort 900ml x2,Limpieza,10586.25,12599.35,13008.1,10627.05,11356.92
P08760,Harina Blancaflor 1Kg x2,Almacén,1662.32,1663.89,1418.69,1831.36,1659.55
P08761,Detergente Magistral Limón 750ml,Limpieza,8629.07,8560.14,9964.03,9038.18,10230.72
P08762,Agua Villavicencio 2.25L,Bebidas,5504.26,6857.14,6567.42,6773.88,5949.4
P08763,Azúcar Ledesma 1Kg x3,Almacén,10296.65,8139.84,8221.96,8661.55,10549.2
P08764,Desodorante Rexona Hombre 150ml,Higiene,10703.36,10351.76,11307.3,9473.8,10222.88
P08765,Papel Higiénico Higienol 4 Rollos,Higiene,6899.12,5999.69,6853.65,7144.35,5679.04
P08766,Desodorante Rexona Hombre 150ml x3,Higiene,10409.99,10890.08,10880.44,11332.49,10311.46
P08767,Pepsi 2.25L,Bebidas,11419.25,11564.83,9549.1,11903.41,10674.09
P08768,Galletitas Express 170g,Panificados,11308.12,12498.14,9958.23,10458.02,10821.12
P08769,Cerveza Heineken 1L,Bebidas,6686.67,6132.7,5724.0,5464.64,5551.8
P08770,Desodorante Rexona Hombre 150ml,Higiene,6358.11,7100.03,6569.73,5990.18,7100.78
P08771,Suavizante Comfort 900ml,Limpieza,12031.67,11968.21,10385.75,10200.55,10970.61
P08772,Jugo Baggio Multifruta 1L x5,Bebidas,7710.42,6738.68,8506.22,8287.23,7533.54
P08773,Desodorante Poett Primavera 900ml,Limpieza,9575.47,9213.75,10352.7,9139.16,10339.97
P08774,Shampoo Pantene Restauración 400ml,Higiene,2153.22,2402.35,2386.76,2140.04,2041.77
P08775,Cerveza Heineken 1L,Bebidas,8885.97,9405.43,9404.23,8424.91,8631.92
P08776,Yogur Ser Vainilla 1Kg,Lácteos,1297.09,1236.82,1542.04,1576.4,1389.03
P08777,Pan de Campo Bimbo 500g,Panificados,9945.15,8894.98,8302.5,8544.05,7287.25
P08778,Leche La Serenísima Entera 1L x3,Lácteos,2631.44,2766.18,3028.02,2305.55,2737.76
P08779,Arroz Gallo Oro 1Kg,Almacén,4570.04,3628.72,4135.74,4403.29,3876.49
P08780,Manteca Sancor 200g,Lácteos,7595.29,8055.03,6476.38,8833.99,7016.69
P08781,Harina Blancaflor 1Kg,Almacén,2239.92,2283.29,2574.71,2243.55,2377.35
P08782,Galletitas Express 170g,Panificados,8673.96,6739.38,7281.94,8473.63,8458.24
P08783,Lavandina Ayudín 1L,Limpieza,5362.83,6275.27,5476.97,5613.87,6521.97
P08784,Yogur Ser Vainilla 1Kg,Lácteos,7021.14,6420.96,6714.24,6956.5,7812.43
P08785,Cerveza Quilmes 1L,Bebidas,7032.42,6095.86,6740.46,6484.29,7250.93
P08786,Manteca Sancor 200g,Lácteos,6012.75,5579.35,4950.54,5507.77,4638.44
P08787,Harina Blancaflor 1Kg,Almacén,841.29,815.36,688.09,876.57,926.3
P08788,Galletitas Chocolinas 170g x5,Panificados,1986.47,1678.67,1954.98,1538.07,1916.97
P08789,Manteca Sancor 200g,Lácteos,863.13,678.19,850.36,873.84,758.91
P08790,Agua Villavicencio 2.25L,Bebidas,8086.9,9261.75,9693.65,10335.22,9478.81
P08791,Cerveza Heineken 1L,Bebidas,10673.32,12799.94,10744.75,10690.23,10363.09
P08792,Lavandina Ayudín 1L,Limpieza,11911.44,12661.64,10345.48,13116.93,13489.9
P08793,Suavizante Comfort 900ml x5,Limpieza,1283.24,1344.31,1285.66,1398.04,1458.74
P08794,Fideos Matarazzo Spaghetti 500g,Almacén,8366.95,7562.81,6907.44,7211.86,7657.93
P08795,Agua Villavicencio 2.25L x4,Bebidas,3894.64,4398.92,4811.63,4132.48,3998.87
P08796,Bizcochitos Don Satur 200g x3,Panificados,9929.21,10802.69,10698.99,12214.86,11074.66
P08797,Arroz Gallo Oro 1Kg,Almacén,6783.35,6866.0,8488.27,8063.12,8480.25
P08798,Agua Villavicencio 2.25L,Bebidas,7730.44,7658.41,6495.95,6701.15,7396.08
P08799,Lavandina Ayudín 1L,Limpieza,9583.94,9103.15,9199.53,11328.68,11711.07
P08800,Bizcochitos Don Satur 200g,Panificados,9213.53,9302.02,7694.77,9048.29,7682.8
P08801,Azúcar Ledesma 1Kg,Almacén,8046.6,8958.4,9644.7,8060.39,9707.51
P08802,Azúcar Ledesma 1Kg,Almacén,5803.04,6572.5,5703.69,7003.33,6281.36
P08803,Yerba Taragüi 1Kg,Almacén,4207.98,4701.43,5404.03,4938.64,5418.02
P08804,Suavizante Comfort 900ml x4,Limpieza,8192.82,7519.21,9554.27,9431.0,8105.54
P08805,Yogur Ser Vainilla 1Kg x3,Lácteos,2994.78,3641.07,2982.22,3643.36,3130.85
P08806,Fideos Matarazzo Spaghetti 500g,Almacén,5988.84,4517.28,5094.68,4907.59,4734.95
P08807,Jugo Baggio Multifruta 1L,Bebidas,11324.49,10171.33,11671.76,9312.73,11102.34
P08808,Detergente Magistral Limón 750ml,Limpieza,9545.86,11081.34,11855.07,12424.87,9501.53
P08809,Coca-Cola 2.25L,Bebidas,4310.44,3557.51,3520.51,3778.43,3605.35
P08810,Yogur Ser Vainilla 1Kg x5,Lácteos,9117.77,10220.59,9759.11,8126.48,10687.19
P08811,Arroz Gallo Oro 1Kg,Almacén,2201.17,2297.36,1893.43,2238.04,2375.08
P08812,Pasta Dental Colgate Total 90g,Higiene,10279.95,8475.53,8321.79,9254.08,9833.59
P08813,Manteca Sancor 200g,Lácteos,3372.98,3503.47,4516.55,4202.29,3390.39
P08814,Fideos Matarazzo Spaghetti 500g,Almacén,1567.96,1713.78,1656.48,1606.82,1436.39
P08815,Aceite Natura Girasol 1.5L,Almacén,6271.46,6114.45,5171.01,5599.32,4930.39
P08816,Shampoo Pantene Restauración 400ml,Higiene,5161.56,5809.47,5903.57,5188.43,5519.59
P08817,Galletitas Express 170g,Panificados,4355.87,4598.01,3486.75,3883.85,3970.01
P08818,Bizcochitos Don Satur 200g,Panificados,10454.78,9747.43,9025.08,12169.3,11937.79
P08819,Cerveza Heineken 1L,Bebidas,10713.35,10843.42,9619.91,9710.16,10152.06
P08820,Bizcochitos Don Satur 200g,Panificados,6217.64,6017.7,6278.15,6759.47,6485.3
P08821,Harina Blancaflor 1Kg,Almacén,6411.11,6244.75,5396.74,5869.15,5872.0
P08822,Jugo Baggio Multifruta 1L x4,Bebidas,3432.1,3703.64,3863.5,3129.24,3070.64
P08823,Shampoo Pantene Restauración 400ml,Higiene,4655.9,5281.47,4512.83,5153.85,4033.22
P08824,Jabón Dove Original 90g,Higiene,8481.25,8187.23,8233.41,9839.08,8018.76
P08825,Cerveza Quilmes 1L,Bebidas,7005.16,5679.15,6292.69,7345.9,5488.45
P08826,Leche Ilolay Descremada 1L,Lácteos,5229.68,5755.28,6957.94,5955.48,6293.16
P08827,Yerba Taragüi 1Kg,Almacén,8767.27,8726.97,7598.85,8082.13,8524.65
P08828,Pepsi 2.25L,Bebidas,2523.75,3117.06,2996.28,2720.77,2476.68
P08829,Desodorante Rexona Hombre 150ml,Higiene,1142.3,951.57,1112.9,836.67,960.39
P08830,Desodorante Rexona Hombre 150ml,Higiene,3745.33,3493.78,3435.27,3848.48,3674.17
P08831,Lavandina Ayudín 1L,Limpieza,8398.94,7589.6,7650.7,8830.5,6943.62
P08832,Jugo Baggio Multifruta 1L x4,Bebidas,3586.13,4313.51,4363.35,3413.5,4533.51
P08833,Jugo Baggio Multifruta 1L,Bebidas,4149.03,4306.82,3379.04,3385.69,4197.48
P08834,Jugo Baggio Multifruta 1L x5,Bebidas,1571.41,1182.16,1203.81,1393.06,1527.71
P08835,Jugo Baggio Multifruta 1L,Bebidas,4315.87,4741.3,4603.38,4009.47,4462.19
P08836,Fideos Matarazzo Spaghetti 500g,Almacén,7457.83,6893.95,7086.27,8420.08,7216.17
P08837,Pepsi 2.25L,Bebidas,5044.02,5039.07,5754.35,6034.05,5541.1
P08838,Pan de Campo Bimbo 500g,Panificados,7284.44,7286.37,7425.55,7250.35,7213.58
P08839,Arroz Gallo Oro 1Kg,Almacén,4992.81,5957.79,5584.83,6539.91,6009.48
P08840,Suavizante Comfort 900ml x4,Limpieza,9864.07,9019.46,10083.37,10188.43,8208.02
P08841,Leche La Serenísima Entera 1L,Lácteos,1646.9,1540.12,1642.7,1536.88,1208.22
P08842,Cerveza Quilmes 1L,Bebidas,2185.86,1890.65,1689.45,2078.26,1762.15
P08843,Coca-Cola 2.25L x4,Bebidas,4138.31,4692.89,4135.6,4112.62,4232.9
P08844,Jabón en Polvo Ala 3Kg,Limpieza,12979.92,10633.34,13739.0,10561.1,10201.46
P08845,Desodorante Rexona Hombre 150ml,Higiene,9534.45,10184.53,8737.3,10177.28,8321.88
P08846,Desodorante Rexona Hombre 150ml,Higiene,9374.85,11333.09,9637.55,11703.61,12217.62
P08847,Suavizante Comfort 900ml,Limpieza,6242.77,6069.58,5447.15,4800.95,6218.24
P08848,Azúcar Ledesma 1Kg,Almacén,2468.88,2669.63,2574.35,3154.75,2761.75
P08849,Fideos Matarazzo Spaghetti 500g,Almacén,5456.78,4455.61,3995.78,4303.51,4379.9
P08850,Cerveza Quilmes 1L,Bebidas,7081.08,7145.05,6712.1,5778.01,6372.69
P08851,Pasta Dental Colgate Total 90g,Higiene,12725.13,10859.1,12309.71,11940.19,12896.8
P08852,Pepsi 2.25L,Bebidas,8292.24,8041.45,7912.56,8319.18,9835.36
P08853,Jugo Baggio Multifruta 1L,Bebidas,11158.04,9198.04,10033.13,10384.4,9432.69
P08854,Galletitas Express 170g,Panificados,6218.97,6026.32,6232.03,6315.13,7593.09
P08855,Harina Blancaflor 1Kg,Almacén,2023.23,2545.74,1999.38,2067.07,1995.23
P08856,Arroz Gallo Oro 1Kg,Almacén,8165.24,7034.77,8302.7,8017.35,6690.48
P08857,Bizcochitos Don Satur 200g,Panificados,9919.87,11155.46,9043.24,11080.36,11348.38
P08858,Pepsi 2.25L,Bebidas,4502.24,3650.98,4632.42,4601.9,4566.7
P08859,Leche La Serenísima Entera 1L,Lácteos,9626.79,9322.7,9381.13,10389.73,11874.52
P08860,Desodorante Rexona Hombre 150ml,Higiene,3978.11,3658.77,3646.36,3376.12,3458.81
P08861,Lavandina Ayudín 1L,Limpieza,7005.0,7230.25,6770.61,6505.72,7089.49
P08862,Desodorante Rexona Hombre 150ml,Higiene,10295.12,12854.61,13264.76,10656.96,11361.19
P08863,Suavizante Comfort 900ml,Limpieza,3645.24,3252.68,3084.46,3814.34,3657.45
P08864,Desodorante Rexona Hombre 150ml,Higiene,8408.16,7746.0,9000.35,8206.58,7915.16
P08865,Jugo Baggio Multifruta 1L,Bebidas,4715.12,5516.75,5352.06,4654.65,4492.46
P08866,Galletitas Chocolinas 170g,Panificados,1592.6,1586.9,1542.02,1381.19,1471.92
P08867,Shampoo Pantene Restauración 400ml,Higiene,7926.67,8959.54,7424.56,7456.48,7661.0
P08868,Jabón en Polvo Ala 3Kg,Limpieza,1091.43,1125.73,935.03,974.84,898.93
P08869,Leche La Serenísima Entera 1L,Lácteos,6769.99,6474.15,5626.65,6442.79,6765.88
P08870,Detergente Magistral Limón 750ml,Limpieza,5042.23,5280.94,5585.46,5579.15,4693.18
P08871,Yerba Playadito 1Kg,Almacén,1903.1,1817.44,1962.89,1987.63,1633.53
P08872,Suavizante Comfort 900ml,Limpieza,7027.98,8517.55,8593.23,7821.52,7058.96
P08873,Galletitas Express 170g,Panificados,4030.25,4209.36,4033.39,3600.6,3854.26
P08874,Desodorante Poett Primavera 900ml,Limpieza,12614.84,9856.63,10372.46,9865.36,10568.6
P08875,Galletitas Express 170g,Panificados,3402.67,4269.75,3717.72,3292.61,3797.71
P08876,Detergente Magistral Limón 750ml,Limpieza,5477.99,6112.92,5917.63,5892.62,5378.91
P08877,Harina Blancaflor 1Kg,Almacén,1090.78,933.73,976.29,1013.72,1050.23
P08878,Harina Blancaflor 1Kg,Almacén,6007.05,5397.51,5115.43,4644.7,6076.98
P08879,Queso Cremoso Tregar 1Kg x2,Lácteos,6919.82,6469.38,6811.66,7825.81,7950.4
P08880,Cerveza Heineken 1L x5,Bebidas,705.79,737.43,881.79,676.94,819.62
P08881,Fideos Matarazzo Spaghetti 500g,Almacén,5057.4,5501.05,6040.44,5807.84,6047.16
P08882,Yogur Ser Vainilla 1Kg,Lácteos,9841.56,7726.77,10121.87,7461.96,10144.75
P08883,Desodorante Poett Primavera 900ml,Limpieza,5781.5,6466.22,6439.44,6989.34,6056.84
P08884,Jabón en Polvo Ala 3Kg x4,Limpieza,5124.82,5213.69,4068.11,4937.25,5437.57
P08885,Detergente Magistral Limón 750ml,Limpieza,4000.97,4212.0,4355.2,3583.01,4320.99
P08886,Aceite Natura Girasol 1.5L,Almacén,4058.87,4392.01,4021.78,3730.01,4721.08
P08887,Papel Higiénico Higienol 4 Rollos x5,Higiene,11868.82,12176.36,10501.02,12026.42,12514.11
P08888,Yogur Ser Vainilla 1Kg,Lácteos,754.19,698.48,899.89,700.69,799.66
P08889,Arroz Gallo Oro 1Kg x4,Almacén,13680.87,11475.86,11633.4,11527.0,12785.99
P08890,Agua Villavicencio 2.25L,Bebidas,12911.52,13372.63,11612.23,10305.84,10546.34
P08891,Shampoo Pantene Restauración 400ml,Higiene,2792.37,3306.12,2851.58,2881.03,2415.84
P08892,Yerba Taragüi 1Kg,Almacén,6828.74,7031.77,6644.42,5620.45,6733.23
P08893,Cerveza Quilmes 1L x5,Bebidas,7248.13,7808.28,7543.34,6429.11,6965.28
P08894,Jabón Dove Original 90g,Higiene,8094.89,9725.75,9886.13,10259.4,8067.01
P08895,Harina Blancaflor 1Kg,Almacén,9218.28,7276.58,9121.61,8043.98,7358.71
P08896,Leche Ilolay Descremada 1L,Lácteos,11732.51,10489.75,11298.06,11780.45,13875.8
P08897,Shampoo Pantene Restauración 400ml,Higiene,10501.19,13942.96,11198.38,12750.13,12238.84
P08898,Cerveza Heineken 1L,Bebidas,11985.2,11824.48,12498.28,9337.14,12642.27
P08899,Cerveza Quilmes 1L x3,Bebidas,9458.02,11082.99,10230.51,11451.9,9415.34
P08900,Jabón Dove Original 90g,Higiene,7314.25,7038.23,8845.04,6996.77,7956.56
P08901,Galletitas Chocolinas 170g,Panificados,10804.59,10265.8,11477.67,10001.03,10391.56
P08902,Pan Lactal Fargo 600g,Panificados,9707.61,8890.12,8963.64,8895.83,10927.92
P08903,Desodorante Poett Primavera 900ml x3,Limpieza,6372.96,6710.64,7321.7,6558.24,8107.69
P08904,Pepsi 2.25L,Bebidas,6140.4,6453.55,6503.73,6709.48,7247.69
P08905,Papel Higiénico Higienol 4 Rollos x5,Higiene,11403.08,11976.61,11797.09,13754.79,13211.7
P08906,Azúcar Ledesma 1Kg,Almacén,10159.26,12193.58,11189.83,9864.65,11223.37
P08907,Galletitas Chocolinas 170g,Panificados,5013.1,5650.01,5014.74,6454.17,5943.03
P08908,Yogur Ser Vainilla 1Kg,Lácteos,1570.4,1648.28,1629.8,1726.42,1510.17
P08909,Fideos Matarazzo Spaghetti 500g x4,Almacén,5316.45,5787.48,5000.11,6424.86,5401.45
P08910,Galletitas Express 170g x5,Panificados,5632.23,5403.94,5370.65,4071.54,4615.81
P08911,Pan Lactal Fargo 600g,Panificados,5826.15,5283.72,5747.22,5358.06,6531.61
P08912,Desodorante Rexona Hombre 150ml,Higiene,9347.88,9580.76,7752.48,7224.78,9095.15
P08913,Agua Villavicencio 2.25L,Bebidas,4681.4,4913.75,4982.98,5028.39,3745.51
P08914,Aceite Natura Girasol 1.5L,Almacén,5312.01,4532.71,5039.78,4521.13,4349.04
P08915,Pasta Dental Colgate Total 90g,Higiene,7114.66,9215.82,8076.14,6992.56,7537.12
P08916,Coca-Cola 2.25L,Bebidas,11299.81,9387.18,9758.24,9065.44,12041.0
P08917,Leche Ilolay Descremada 1L,Lácteos,2664.57,2704.67,2329.02,2488.55,2201.07
P08918,Suavizante Comfort 900ml,Limpieza,2029.81,2677.99,2212.85,2318.91,2348.04
P08919,Jugo Baggio Multifruta 1L,Bebidas,1218.84,1065.45,1173.29,1185.2,987.59
P08920,Coca-Cola 2.25L,Bebidas,6062.0,6113.92,5389.03,6487.02,6818.05
P08921,Pan de Campo Bimbo 500g,Panificados,7544.57,7495.2,8791.88,7011.9,7293.59
P08922,Pasta Dental Colgate Total 90g,Higiene,6088.1,5925.97,6625.05,6273.71,6121.07
P08923,Papel Higiénico Higienol 4 Rollos,Higiene,10875.92,11434.04,11830.66,9212.86,11759.27
P08924,Yerba Taragüi 1Kg,Almacén,1484.36,1502.99,1374.53,1388.44,1729.22
P08925,Jugo Baggio Multifruta 1L x3,Bebidas,1394.9,1359.12,1622.27,1509.5,1311.89
P08926,Detergente Magistral Limón 750ml,Limpieza,5120.42,5116.26,5549.42,6098.23,6651.84
P08927,Leche La Serenísima Entera 1L,Lácteos,1555.6,1710.0,1564.17,1312.09,1503.89
P08928,Leche Ilolay Descremada 1L,Lácteos,6295.61,6247.05,7182.83,7465.48,7276.69
P08929,Bizcochitos Don Satur 200g,Panificados,6882.5,6785.91,6335.3,6526.16,7970.09
P08930,Cerveza Heineken 1L,Bebidas,11660.01,12407.07,12057.36,10873.38,12876.91
P08931,Jabón Dove Original 90g,Higiene,6095.73,7899.27,6034.07,6611.12,7574.07
P08932,Lavandina Ayudín 1L,Limpieza,1025.63,1054.93,839.35,1010.95,807.93
P08933,Desodorante Poett Primavera 900ml,Limpieza,10013.81,11810.33,12877.97,10976.08,13544.62
P08934,Aceite Natura Girasol 1.5L,Almacén,3938.13,3942.2,4279.65,3865.24,3584.29
P08935,Queso Rallado La Paulina 40g,Lácteos,3250.03,3117.33,2460.23,3116.26,2782.79
P08936,Pepsi 2.25L,Bebidas,7388.05,8870.86,7925.42,9036.54,8319.93
P08937,Cerveza Quilmes 1L,Bebidas,10504.27,9503.19,10905.39,11288.35,12133.48
P08938,Galletitas Express 170g,Panificados,9956.35,9003.82,8039.37,8161.65,9897.68
P08939,Jugo Baggio Multifruta 1L,Bebidas,10158.76,11288.64,11875.14,12446.94,10428.88
P08940,Jabón Dove Original 90g,Higiene,4634.29,5391.8,5505.58,4845.06,5663.18
P08941,Aceite Natura Girasol 1.5L,Almacén,4799.65,5230.03,4521.11,4855.77,4406.92
P08942,Arroz Gallo Oro 1Kg,Almacén,12742.38,13131.09,10995.71,13573.55,11732.78
P08943,Suavizante Comfort 900ml,Limpieza,1111.37,1189.35,925.07,894.73,961.7
P08944,Jabón en Polvo Ala 3Kg,Limpieza,10857.27,10854.57,10066.88,10670.51,10882.87
P08945,Yerba Taragüi 1Kg,Almacén,9239.41,9137.87,8016.96,8459.9,9275.64
P08946,Jabón Dove Original 90g,Higiene,6838.07,6837.2,6380.73,6517.2,6331.23
P08947,Bizcochitos Don Satur 200g,Panificados,6655.79,5348.3,5100.01,5867.02,4947.29
P08948,Galletitas Express 170g,Panificados,11906.01,9294.94,10225.82,8674.44,9015.52
P08949,Suavizante Comfort 900ml,Limpieza,1977.71,1469.07,1465.62,1924.32,1634.51
P08950,Bizcochitos Don Satur 200g,Panificados,6035.55,7214.08,7425.07,7603.31,7970.0
P08951,Manteca Sancor 200g,Lácteos,1485.76,1460.72,1293.74,1316.12,1484.23
P08952,Desodorante Poett Primavera 900ml,Limpieza,12129.22,10118.93,10719.22,11267.67,10575.95
P08953,Bizcochitos Don Satur 200g,Panificados,11250.89,10714.42,8608.58,9687.4,11119.67
P08954,Manteca Sancor 200g,Lácteos,3867.12,3884.17,4452.43,4817.01,4232.18
P08955,Manteca Sancor 200g,Lácteos,13404.88,11913.82,12363.26,11715.74,12763.09
P08956,Suavizante Comfort 900ml,Limpieza,9919.17,9295.93,10614.12,9630.05,9709.49
P08957,Pan Lactal Fargo 600g,Panificados,5452.09,4127.2,4406.91,4703.14,5316.88
P08958,Leche La Serenísima Entera 1L,Lácteos,4258.49,3951.17,5306.94,3960.0,3845.67
P08959,Manteca Sancor 200g,Lácteos,8321.55,8664.24,8404.98,9100.99,7403.21
P08960,Galletitas Express 170g,Panificados,6477.98,7350.92,7766.05,7467.3,8228.09
P08961,Queso Cremoso Tregar 1Kg,Lácteos,12311.1,10876.73,12034.48,12008.61,12340.74
P08962,Yerba Playadito 1Kg,Almacén,10547.58,9904.38,10625.39,11677.02,10713.78
P08963,Pasta Dental Colgate Total 90g,Higiene,4858.3,6237.53,4758.11,5226.77,5397.43
P08964,Arroz Gallo Oro 1Kg,Almacén,10989.32,10846.63,12422.16,9590.32,9737.76
P08965,Fideos Matarazzo Spaghetti 500g,Almacén,3439.29,3775.79,3068.88,3276.58,3824.82
P08966,Azúcar Ledesma 1Kg,Almacén,11400.27,10596.71,10887.96,11808.6,11722.83
P08967,Yerba Taragüi 1Kg,Almacén,4473.19,4186.58,5685.12,5563.44,5430.32
P08968,Detergente Magistral Limón 750ml,Limpieza,3538.76,3283.42,3525.02,3840.04,3408.41
P08969,Cerveza Heineken 1L,Bebidas,13395.92,10545.96,12795.4,13326.44,12930.56
P08970,Suavizante Comfort 900ml,Limpieza,9776.62,11862.35,10727.53,8892.17,10831.55
P08971,Harina Blancaflor 1Kg,Almacén,1222.39,1009.9,1098.54,1086.12,1039.19
P08972,Desodorante Poett Primavera 900ml x5,Limpieza,2287.01,2758.02,2586.99,2505.66,2484.39
P08973,Coca-Cola 2.25L,Bebidas,7747.94,6757.52,7202.45,8175.38,6232.9
P08974,Desodorante Poett Primavera 900ml,Limpieza,6613.78,5371.52,7174.96,6432.91,5614.72
P08975,Cerveza Quilmes 1L,Bebidas,10413.96,12905.44,10356.3,12631.6,12200.11
P08976,Cerveza Heineken 1L x3,Bebidas,4844.65,4741.53,5168.47,4666.28,4853.67
P08977,Suavizante Comfort 900ml,Limpieza,7336.41,7496.72,7551.61,6982.39,6512.22
P08978,Leche La Serenísima Entera 1L,Lácteos,6375.83,7762.36,7494.86,8026.46,6721.33
P08979,Pepsi 2.25L,Bebidas,11605.99,11494.03,9332.46,9362.76,9877.0
P08980,Yogur Ser Vainilla 1Kg,Lácteos,8389.26,6331.78,8257.76,6319.08,6916.9
P08981,Cerveza Heineken 1L x2,Bebidas,4709.04,5196.51,5155.14,6205.02,5084.73
P08982,Desodorante Rexona Hombre 150ml,Higiene,7364.65,8448.29,8329.81,7174.27,8491.35
P08983,Bizcochitos Don Satur 200g,Panificados,10095.41,9863.63,9743.09,9485.51,10313.89
P08984,Bizcochitos Don Satur 200g x2,Panificados,5333.58,4788.14,4952.87,4250.57,5167.67
P08985,Cerveza Heineken 1L x3,Bebidas,11514.16,12562.54,12665.36,9687.55,11033.52
P08986,Queso Rallado La Paulina 40g,Lácteos,877.36,809.84,939.09,880.6,855.43
P08987,Arroz Gallo Oro 1Kg,Almacén,2384.05,2255.78,2450.5,2722.77,2464.1
P08988,Queso Cremoso Tregar 1Kg,Lácteos,10185.29,7824.37,7607.46,10046.1,9693.45
P08989,Galletitas Express 170g,Panificados,7286.11,7603.26,6376.7,7718.25,7152.34
P08990,Bizcochitos Don Satur 200g,Panificados,5226.92,4654.18,5171.25,5432.99,4931.36
P08991,Agua Villavicencio 2.25L,Bebidas,2293.28,2119.44,1845.97,2391.36,2407.83
P08992,Agua Villavicencio 2.25L x3,Bebidas,3969.01,4121.21,5300.88,4355.68,4923.86
P08993,Queso Rallado La Paulina 40g,Lácteos,5049.72,5794.35,5373.94,5179.06,5999.87
P08994,Bizcochitos Don Satur 200g,Panificados,1825.96,1897.0,2080.11,2082.2,2196.99
P08995,Cerveza Quilmes 1L,Bebidas,5702.51,5347.34,5043.67,5705.61,5990.57
P08996,Desodorante Rexona Hombre 150ml,Higiene,11059.64,9973.73,13069.45,10032.94,11432.92
P08997,Desodorante Rexona Hombre 150ml,Higiene,8691.11,8519.43,8847.85,9373.66,8676.49
P08998,Cerveza Quilmes 1L,Bebidas,5894.82,5920.11,5382.07,5119.69,6678.54
P08999,Lavandina Ayudín 1L,Limpieza,6506.9,6925.89,6732.21,6826.0,5894.66
P09000,Pasta Dental Colgate Total 90g,Higiene,2835.69,3145.41,2901.39,2529.26,2517.06
P09001,Desodorante Poett Primavera 900ml,Limpieza,8458.61,8686.57,9940.2,9523.98,9585.66
P09002,Fideos Matarazzo Spaghetti 500g,Almacén,11799.11,11298.73,10042.82,10578.57,11874.56
P09003,Cerveza Heineken 1L,Bebidas,10002.59,12074.23,10929.03,9013.62,9129.36
P09004,Jabón en Polvo Ala 3Kg,Limpieza,11698.04,9214.7,9797.89,9715.26,10238.58
P09005,Suavizante Comfort 900ml,Limpieza,8666.46,8879.1,9890.72,9316.88,8668.52
P09006,Leche La Serenísima Entera 1L,Lácteos,10744.74,13471.97,10628.79,13499.61,11678.0
P09007,Detergente Magistral Limón 750ml,Limpieza,9604.55,9947.29,9108.9,9010.81,9521.56
P09008,Arroz Gallo Oro 1Kg,Almacén,5882.73,6460.57,5676.24,6350.85,5745.21
P09009,Bizcochitos Don Satur 200g,Panificados,4744.21,4662.2,5761.38,5656.84,5065.12
P09010,Pepsi 2.25L x2,Bebidas,5582.11,6089.92,6151.18,5717.5,5954.7
P09011,Coca-Cola 2.25L,Bebidas,3909.73,3499.98,3739.29,3744.3,4242.89
P09012,Jugo Baggio Multifruta 1L x2,Bebidas,9033.28,10247.19,8497.2,8443.23,9036.61
P09013,Cerveza Heineken 1L,Bebidas,4032.47,3479.96,3352.9,3540.09,3068.22
P09014,Yerba Taragüi 1Kg,Almacén,6805.92,6505.91,8397.49,8278.27,6708.34
P09015,Leche Ilolay Descremada 1L,Lácteos,3363.69,3280.7,3380.35,3402.4,3131.57
P09016,Agua Villavicencio 2.25L,Bebidas,1508.57,1821.24,1780.6,1478.73,1582.98
P09017,Jugo Baggio Multifruta 1L,Bebidas,6298.63,5872.75,6137.52,5661.29,5025.49
P09018,Suavizante Comfort 900ml,Limpieza,9864.78,7894.46,9274.21,9684.32,8330.7
P09019,Agua Villavicencio 2.25L,Bebidas,9215.2,9233.48,7461.29,8618.97,8720.84
P09020,Yerba Taragüi 1Kg,Almacén,9213.35,7918.59,7224.94,8707.27,9223.34
P09021,Aceite Natura Girasol 1.5L,Almacén,10608.43,9937.32,12621.12,12901.76,11715.99
P09022,Suavizante Comfort 900ml,Limpieza,1355.16,1511.31,1370.23,1636.91,1682.28
P09023,Detergente Magistral Limón 750ml,Limpieza,11599.15,12387.07,11527.35,9468.97,12683.45
P09024,Leche Ilolay Descremada 1L,Lácteos,5551.58,6987.38,5595.79,5862.17,5619.02
P09025,Leche La Serenísima Entera 1L,Lácteos,12452.93,10053.34,10373.07,11112.02,12302.29
P09026,Pepsi 2.25L,Bebidas,9632.57,7294.11,9188.77,8070.8,8426.0
P09027,Azúcar Ledesma 1Kg,Almacén,7137.02,7181.43,8064.52,6827.85,9138.62
P09028,Coca-Cola 2.25L,Bebidas,10041.26,10192.77,11570.62,10876.78,10646.8
P09029,Galletitas Chocolinas 170g,Panificados,2550.66,3119.48,2943.35,2875.6,2746.3
P09030,Cerveza Quilmes 1L,Bebidas,2002.66,2703.13,2452.53,2551.76,2411.56
P09031,Cerveza Heineken 1L,Bebidas,2181.02,1911.83,2061.63,1748.41,2119.42
P09032,Lavandina Ayudín 1L,Limpieza,9769.5,8022.91,7166.74,8081.8,9240.02
P09033,Suavizante Comfort 900ml,Limpieza,12380.33,11881.76,12680.24,10027.88,13429.87
P09034,Lavandina Ayudín 1L,Limpieza,4905.67,4922.36,5935.74,5780.3,5940.5
P09035,Queso Rallado La Paulina 40g,Lácteos,5649.76,5716.42,6412.96,7152.79,5411.46
P09036,Desodorante Poett Primavera 900ml,Limpieza,4515.72,3540.31,3821.43,4202.96,4028.16
P09037,Arroz Gallo Oro 1Kg,Almacén,4782.73,4358.34,4327.67,4540.02,5246.7
P09038,Arroz Gallo Oro 1Kg,Almacén,4821.07,3854.88,3832.44,4671.04,4453.63
P09039,Pan Lactal Fargo 600g x2,Panificados,10858.13,9744.42,10235.56,10241.61,10394.71
P09040,Harina Blancaflor 1Kg,Almacén,1647.27,1415.5,1338.06,1516.2,1689.4
P09041,Pasta Dental Colgate Total 90g,Higiene,4314.26,4118.65,3735.46,4411.27,4408.82
P09042,Pan Lactal Fargo 600g x4,Panificados,10501.72,10082.59,8365.2,9016.88,9765.85
P09043,Shampoo Pantene Restauración 400ml,Higiene,11306.26,10946.49,9366.49,8952.91,9106.83
P09044,Yerba Playadito 1Kg,Almacén,9944.44,10528.0,9065.06,12001.74,10219.02
P09045,Bizcochitos Don Satur 200g,Panificados,2409.31,2635.4,2019.33,2075.3,2213.34
P09046,Fideos Matarazzo Spaghetti 500g,Almacén,751.17,775.62,719.5,833.0,812.07
P09047,Desodorante Rexona Hombre 150ml,Higiene,2612.07,3005.72,3219.37,2556.93,3165.5
P09048,Desodorante Poett Primavera 900ml,Limpieza,9651.99,7854.57,7889.35,8936.87,9296.39
P09049,Queso Rallado La Paulina 40g,Lácteos,8942.19,7763.61,8485.87,8036.93,8455.91
P09050,Galletitas Express 170g,Panificados,4210.43,3523.35,3605.78,3608.67,3510.99
P09051,Arroz Gallo Oro 1Kg,Almacén,4840.82,5733.68,5759.7,5576.47,5462.52
P09052,Galletitas Express 170g,Panificados,7265.98,7300.08,7186.63,7840.87,8269.79
P09053,Leche Ilolay Descremada 1L,Lácteos,7928.76,9790.6,8718.72,9021.58,9454.84
P09054,Leche La Serenísima Entera 1L,Lácteos,4535.14,5047.48,4915.22,3816.4,4246.73
P09055,Yogur Ser Vainilla 1Kg,Lácteos,5096.65,4917.19,4444.5,4936.77,5307.32
P09056,Desodorante Poett Primavera 900ml,Limpieza,835.7,1052.07,812.76,1067.09,1002.2
P09057,Pan de Campo Bimbo 500g,Panificados,11682.04,12655.08,13245.49,12150.85,11528.32
P09058,Pan Lactal Fargo 600g,Panificados,9586.84,8833.63,9393.17,9132.47,10018.63
P09059,Desodorante Rexona Hombre 150ml,Higiene,6801.3,8473.53,8983.43,8299.29,8109.39
P09060,Fideos Matarazzo Spaghetti 500g,Almacén,12422.25,11763.34,12266.87,12097.75,13681.42
P09061,Jabón en Polvo Ala 3Kg,Limpieza,12099.5,12597.38,12928.59,11274.58,11547.7
P09062,Jabón Dove Original 90g,Higiene,9935.71,9039.8,10018.56,9431.78,9917.66
P09063,Azúcar Ledesma 1Kg,Almacén,5716.33,4904.38,4457.45,4875.19,4968.12
P09064,Pasta Dental Colgate Total 90g,Higiene,5116.89,5112.29,5169.75,6168.35,5879.93
P09065,Leche La Serenísima Entera 1L,Lácteos,2989.82,3141.02,2947.5,2889.02,2961.11
P09066,Shampoo Pantene Restauración 400ml,Higiene,5745.0,6412.24,6335.1,7795.04,7089.54
P09067,Desodorante Rexona Hombre 150ml x2,Higiene,8209.35,8796.14,8546.42,8048.64,7578.1
P09068,Yerba Taragüi 1Kg,Almacén,1617.54,1282.64,1594.93,1391.24,1323.83
P09069,Galletitas Chocolinas 170g,Panificados,9635.03,8036.41,9262.17,8989.26,7953.26
P09070,Aceite Natura Girasol 1.5L,Almacén,2963.33,3013.78,2939.24,2660.5,3187.52
P09071,Detergente Magistral Limón 750ml,Limpieza,11173.06,11752.03,11306.17,12560.6,12910.31
P09072,Azúcar Ledesma 1Kg,Almacén,7824.99,6214.11,8215.38,7507.61,7814.93
P09073,Manteca Sancor 200g,Lácteos,6845.19,5121.53,6380.77,5439.91,5524.76
P09074,Yerba Playadito 1Kg,Almacén,5958.59,5362.93,5722.12,5509.99,6069.85
P09075,Fideos Matarazzo Spaghetti 500g,Almacén,10693.09,9364.55,10739.93,10696.58,9904.37
P09076,Azúcar Ledesma 1Kg,Almacén,4011.47,3798.19,3318.98,3069.47,3156.5
P09077,Queso Rallado La Paulina 40g,Lácteos,1751.15,1984.21,1881.92,1817.02,2194.81
P09078,Yogur Ser Vainilla 1Kg,Lácteos,11359.94,11073.66,9900.88,10305.46,9617.76
P09079,Fideos Matarazzo Spaghetti 500g,Almacén,4860.7,5404.64,4797.82,5601.94,5341.59
P09080,Pan de Campo Bimbo 500g,Panificados,3117.35,3524.13,3134.8,3786.5,3560.27
P09081,Yerba Taragüi 1Kg x2,Almacén,3619.14,3303.66,4112.66,3947.48,3754.0
P09082,Desodorante Rexona Hombre 150ml,Higiene,12172.63,9571.23,10601.73,11279.23,11379.46
P09083,Galletitas Express 170g,Panificados,7655.36,9171.22,9969.06,9875.6,9983.38
P09084,Agua Villavicencio 2.25L,Bebidas,4977.61,5161.66,4512.9,4777.26,4907.04
P09085,Desodorante Poett Primavera 900ml,Limpieza,5466.95,5067.45,5830.08,5119.39,5739.1
P09086,Aceite Natura Girasol 1.5L,Almacén,9939.01,11951.49,11649.14,10056.18,10734.34
P09087,Aceite Natura Girasol 1.5L,Almacén,745.74,816.65,700.36,918.24,718.26
P09088,Shampoo Pantene Restauración 400ml,Higiene,9630.98,9857.61,11182.69,10143.4,8299.03
P09089,Queso Rallado La Paulina 40g,Lácteos,3463.23,3822.92,3976.27,3305.92,3776.3
P09090,Cerveza Heineken 1L,Bebidas,8098.52,7801.07,9371.7,8567.74,7927.06
P09091,Galletitas Chocolinas 170g,Panificados,4138.12,3960.26,4259.77,3639.1,4016.71
P09092,Yerba Playadito 1Kg,Almacén,4652.84,3899.17,5075.84,3735.07,3879.43
P09093,Leche Ilolay Descremada 1L,Lácteos,7089.35,8412.08,7755.88,8414.29,8695.18
P09094,Leche Ilolay Descremada 1L,Lácteos,6234.9,5432.39,6399.82,5213.78,6215.9
P09095,Coca-Cola 2.25L x5,Bebidas,9837.4,12200.57,12057.94,10129.22,10592.68
P09096,Fideos Matarazzo Spaghetti 500g x2,Almacén,8598.85,7546.88,8476.54,9217.78,8068.7
P09097,Shampoo Pantene Restauración 400ml,Higiene,5244.48,5281.97,5653.01,5285.5,4489.3
P09098,Leche La Serenísima Entera 1L,Lácteos,3650.36,3393.43,3358.76,3881.84,4180.58
P09099,Shampoo Pantene Restauración 400ml,Higiene,7855.68,7026.12,8372.14,7388.01,7044.16
P09100,Yerba Playadito 1Kg,Almacén,788.76,860.52,1039.95,850.65,797.52
P09101,Lavandina Ayudín 1L,Limpieza,7439.5,7118.24,7597.72,7649.23,7858.44
P09102,Pan de Campo Bimbo 500g,Panificados,6928.81,7794.56,7722.47,6677.52,6926.67
P09103,Aceite Natura Girasol 1.5L x5,Almacén,3030.02,2868.28,2494.03,2912.01,2753.1
P09104,Yerba Taragüi 1Kg,Almacén,7906.64,7819.14,6663.33,7393.61,8379.98
P09105,Detergente Magistral Limón 750ml x5,Limpieza,9488.62,10059.11,11702.51,11608.13,10122.2
P09106,Coca-Cola 2.25L,Bebidas,3783.77,3338.56,3059.65,2957.26,3311.35
P09107,Papel Higiénico Higienol 4 Rollos,Higiene,3715.13,4199.82,4165.63,4151.42,4847.47
P09108,Fideos Matarazzo Spaghetti 500g,Almacén,4072.64,4265.83,3412.6,3871.14,4421.07
P09109,Yerba Taragüi 1Kg,Almacén,4884.34,5344.54,4398.61,4519.27,4520.79
P09110,Bizcochitos Don Satur 200g,Panificados,12375.39,11162.87,10098.09,10687.16,9646.97
P09111,Pepsi 2.25L,Bebidas,7009.78,7825.68,7403.47,7556.94,6604.12
P09112,Yerba Playadito 1Kg,Almacén,10297.6,10692.23,11627.67,10420.23,11488.36
P09113,Galletitas Chocolinas 170g x5,Panificados,8176.55,9651.69,9382.43,9063.04,8447.69
P09114,Lavandina Ayudín 1L,Limpieza,5042.2,4529.87,4739.92,5999.3,5023.06
P09115,Cerveza Heineken 1L x3,Bebidas,8523.71,6741.0,7831.14,8652.56,7661.64
P09116,Jabón en Polvo Ala 3Kg,Limpieza,7753.77,8634.15,8649.81,10150.23,9320.47
P09117,Detergente Magistral Limón 750ml,Limpieza,7296.27,6344.22,7170.52,6514.23,7443.73
P09118,Desodorante Rexona Hombre 150ml,Higiene,8507.69,7452.18,7666.64,7119.55,8545.81
P09119,Yogur Ser Vainilla 1Kg x4,Lácteos,1028.8,864.99,1036.0,881.12,832.06
P09120,Fideos Matarazzo Spaghetti 500g,Almacén,6924.93,6936.07,7104.29,5560.18,7526.55
P09121,Coca-Cola 2.25L,Bebidas,1941.44,1546.31,1965.16,1726.16,1927.26
P09122,Suavizante Comfort 900ml,Limpieza,4438.8,4723.01,4102.75,4247.93,4461.02
P09123,Yerba Playadito 1Kg,Almacén,6140.24,6161.61,4740.19,5108.22,6249.38
P09124,Leche La Serenísima Entera 1L x5,Lácteos,9592.8,11099.1,11497.55,12288.62,9409.29
P09125,Detergente Magistral Limón 750ml,Limpieza,8705.86,7622.49,6472.64,7241.57,6933.67
P09126,Harina Blancaflor 1Kg,Almacén,1200.22,1363.26,1482.85,1284.7,1239.19
P09127,Cerveza Heineken 1L,Bebidas,10444.22,10218.1,10498.88,10227.23,10674.45
P09128,Papel Higiénico Higienol 4 Rollos,Higiene,1716.89,1754.25,1706.58,1979.8,1712.58
P09129,Leche La Serenísima Entera 1L,Lácteos,7493.8,8223.16,9579.89,8753.2,9909.43
P09130,Yerba Playadito 1Kg,Almacén,9892.51,10417.58,9187.75,8596.73,8982.14
P09131,Yerba Taragüi 1Kg x3,Almacén,6625.0,6961.86,5652.1,6896.47,7540.49
P09132,Papel Higiénico Higienol 4 Rollos x3,Higiene,5776.71,5015.91,6298.5,5349.04,5038.1
P09133,Pan Lactal Fargo 600g,Panificados,8559.73,8578.3,8518.57,7711.77,8120.3
P09134,Leche Ilolay Descremada 1L,Lácteos,7195.9,6651.42,6758.03,6074.79,7445.97
P09135,Leche La Serenísima Entera 1L,Lácteos,12101.43,11567.19,9142.19,10258.39,11660.23
P09136,Pepsi 2.25L,Bebidas,2095.78,2344.33,2262.51,2173.98,2523.97
P09137,Jugo Baggio Multifruta 1L,Bebidas,6185.05,5659.11,4987.73,5258.06,4465.67
P09138,Papel Higiénico Higienol 4 Rollos,Higiene,13251.63,12026.36,13435.82,11563.57,12629.12
P09139,Pasta Dental Colgate Total 90g,Higiene,7561.49,6869.0,6733.68,6317.53,5844.01
P09140,Jabón Dove Original 90g,Higiene,713.44,916.23,824.07,906.11,679.09
P09141,Yerba Playadito 1Kg,Almacén,8841.75,9723.48,9013.17,7500.91,8164.6
P09142,Shampoo Pantene Restauración 400ml,Higiene,4323.6,3904.31,3826.59,3178.92,3877.33
P09143,Azúcar Ledesma 1Kg,Almacén,9931.49,8744.36,10687.33,9489.2,10184.41
P09144,Galletitas Chocolinas 170g,Panificados,11141.84,10966.35,8863.81,8466.55,8747.99
P09145,Yerba Taragüi 1Kg,Almacén,4296.44,4471.63,4214.66,4168.78,3991.83
P09146,Pan de Campo Bimbo 500g,Panificados,5405.09,6210.25,6612.58,6563.43,6729.52
P09147,Queso Cremoso Tregar 1Kg,Lácteos,6695.72,6426.22,6894.07,7079.8,5999.47
P09148,Pepsi 2.25L x4,Bebidas,3927.39,3393.61,3871.77,3128.99,3577.52
P09149,Azúcar Ledesma 1Kg,Almacén,10156.44,9622.9,7948.0,7868.92,7996.7
P09150,Lavandina Ayudín 1L x2,Limpieza,2222.31,2275.99,2643.44,2350.05,2818.21
P09151,Coca-Cola 2.25L,Bebidas,9886.04,13334.31,10787.47,11163.56,10375.03
P09152,Harina Blancaflor 1Kg,Almacén,2971.76,2737.71,2693.11,2665.87,2915.4
P09153,Manteca Sancor 200g,Lácteos,7152.24,5933.28,7281.67,8066.22,6211.98
P09154,Jabón Dove Original 90g,Higiene,4178.77,4038.02,4836.84,4511.9,4972.22
P09155,Suavizante Comfort 900ml,Limpieza,6938.39,8788.34,8726.58,6746.19,7103.27
P09156,Pasta Dental Colgate Total 90g,Higiene,10058.31,10638.47,9754.1,10213.35,9953.5
P09157,Yerba Playadito 1Kg,Almacén,5980.8,6664.13,6002.83,5452.92,5985.81
P09158,Shampoo Pantene Restauración 400ml,Higiene,1847.92,1694.92,1596.65,1879.67,1605.06
P09159,Pan Lactal Fargo 600g,Panificados,10263.27,9215.49,9582.05,8401.19,9837.05
P09160,Bizcochitos Don Satur 200g,Panificados,4972.72,4351.64,4775.12,4966.93,5449.06
P09161,Pepsi 2.25L,Bebidas,10118.88,11592.97,12678.58,12742.17,12164.84
P09162,Papel Higiénico Higienol 4 Rollos,Higiene,6682.66,6023.91,4950.96,6445.86,6549.97
P09163,Azúcar Ledesma 1Kg,Almacén,2380.21,1954.42,2645.54,2408.2,1994.24
P09164,Yerba Playadito 1Kg,Almacén,4182.69,5043.54,4369.24,5292.87,4907.09
P09165,Jabón Dove Original 90g,Higiene,7731.04,7538.94,8939.63,8659.55,8378.72
P09166,Suavizante Comfort 900ml,Limpieza,6708.51,6236.28,5605.57,5219.97,5266.72
P09167,Azúcar Ledesma 1Kg,Almacén,4311.15,5365.13,4776.53,4920.06,5761.37
P09168,Galletitas Chocolinas 170g,Panificados,9834.3,10555.79,11149.98,10982.89,10548.12
P09169,Desodorante Rexona Hombre 150ml,Higiene,10273.23,10825.9,10150.32,12108.55,12563.35
P09170,Queso Cremoso Tregar 1Kg,Lácteos,9200.88,7851.29,6972.1,9282.63,7029.34
P09171,Arroz Gallo Oro 1Kg,Almacén,2493.03,2781.89,2869.55,2657.79,2338.45
P09172,Azúcar Ledesma 1Kg,Almacén,8362.1,8329.72,7364.83,8951.19,8743.55
P09173,Pasta Dental Colgate Total 90g,Higiene,6875.33,7244.56,8191.98,8637.88,8027.22
P09174,Detergente Magistral Limón 750ml,Limpieza,3681.58,3849.97,4853.1,4900.8,4621.48
P09175,Galletitas Express 170g,Panificados,6030.39,6366.4,5659.18,5831.81,5863.76
P09176,Cerveza Heineken 1L,Bebidas,6547.2,6396.26,6459.85,5596.14,6268.39
P09177,Detergente Magistral Limón 750ml,Limpieza,1434.69,1184.22,1119.87,1327.14,1369.29
P09178,Yerba Playadito 1Kg,Almacén,3103.78,2985.83,2830.42,3373.37,2919.2
P09179,Desodorante Poett Primavera 900ml,Limpieza,11773.86,10615.14,11436.18,12829.06,9664.35
P09180,Detergente Magistral Limón 750ml,Limpieza,9580.11,8308.1,10753.63,9217.62,9501.97
P09181,Queso Rallado La Paulina 40g,Lácteos,7209.83,7428.26,6928.39,6405.65,7886.83
P09182,Galletitas Chocolinas 170g,Panificados,5573.83,7187.21,5643.06,6891.53,6898.17
P09183,Agua Villavicencio 2.25L,Bebidas,4917.81,3835.97,4046.04,4226.25,4884.06
P09184,Yerba Playadito 1Kg,Almacén,11126.17,10607.71,12935.8,10992.01,13481.99
P09185,Desodorante Poett Primavera 900ml,Limpieza,7082.31,7085.97,6034.59,7811.48,6732.77
P09186,Detergente Magistral Limón 750ml,Limpieza,11458.57,11019.08,11996.08,12617.91,10730.98
P09187,Pasta Dental Colgate Total 90g x4,Higiene,2592.72,2588.65,2767.31,2733.59,2276.48
P09188,Suavizante Comfort 900ml,Limpieza,1091.37,1083.31,1050.85,1009.64,1181.03
P09189,Leche Ilolay Descremada 1L,Lácteos,4187.83,3858.52,3523.88,4119.72,3646.45
P09190,Yerba Taragüi 1Kg,Almacén,9951.48,12425.7,9407.03,12712.01,10592.89
P09191,Galletitas Express 170g,Panificados,2816.29,3023.14,3493.41,3822.8,2974.42
P09192,Arroz Gallo Oro 1Kg,Almacén,1250.16,1426.03,1571.19,1550.12,1505.86
P09193,Lavandina Ayudín 1L,Limpieza,8317.98,10341.77,10031.4,11230.54,11027.83
P09194,Queso Cremoso Tregar 1Kg,Lácteos,7455.87,6992.84,7187.18,8505.0,7748.64
P09195,Shampoo Pantene Restauración 400ml,Higiene,7075.82,5844.01,6244.95,5236.41,5863.73
P09196,Yerba Playadito 1Kg,Almacén,1040.6,1285.28,1105.16,1188.54,1043.49
P09197,Agua Villavicencio 2.25L,Bebidas,10178.78,10126.58,10358.1,10201.73,8813.59
P09198,Queso Cremoso Tregar 1Kg,Lácteos,7205.58,7203.06,6562.26,5735.94,6660.55
P09199,Yogur Ser Vainilla 1Kg x5,Lácteos,4171.77,4931.89,4249.46,4837.48,4531.72
P09200,Galletitas Chocolinas 170g,Panificados,6991.7,6436.68,7138.82,6567.25,6050.87
P09201,Jabón en Polvo Ala 3Kg,Limpieza,13401.95,13014.74,12344.12,13822.51,10825.12
P09202,Harina Blancaflor 1Kg,Almacén,6112.28,5705.07,6109.29,6388.45,5258.89
P09203,Bizcochitos Don Satur 200g,Panificados,9094.45,10056.28,10685.37,8994.57,9981.74
P09204,Detergente Magistral Limón 750ml,Limpieza,5976.26,5493.01,4637.54,4444.79,5393.75
P09205,Yerba Playadito 1Kg,Almacén,5653.07,5653.19,5514.17,5753.18,5138.06
P09206,Yerba Taragüi 1Kg,Almacén,4384.75,5110.68,5254.43,5138.78,4010.81
P09207,Queso Rallado La Paulina 40g,Lácteos,8800.56,8005.66,8790.94,7208.33,6987.2
P09208,Leche La Serenísima Entera 1L,Lácteos,5243.94,6393.42,6127.44,5705.19,5453.41
P09209,Arroz Gallo Oro 1Kg,Almacén,8521.45,10121.84,10392.02,9615.61,8569.07
P09210,Cerveza Quilmes 1L x3,Bebidas,5695.42,5176.73,6219.94,4978.07,6110.7
P09211,Galletitas Express 170g,Panificados,7297.8,6680.85,6148.8,7193.07,6155.45
P09212,Pan de Campo Bimbo 500g,Panificados,1806.33,1581.14,1795.22,1609.39,1446.09
P09213,Agua Villavicencio 2.25L,Bebidas,2205.27,2759.78,2657.96,2704.41,2381.85
P09214,Detergente Magistral Limón 750ml,Limpieza,7219.46,6682.4,6664.42,6512.52,6718.81
P09215,Azúcar Ledesma 1Kg,Almacén,12121.66,11874.49,11625.04,10046.34,12588.89
P09216,Leche La Serenísima Entera 1L x4,Lácteos,2011.48,1908.27,2198.54,1940.79,2053.22
P09217,Galletitas Express 170g,Panificados,3407.91,2949.21,3160.7,3620.0,3925.39
P09218,Yerba Taragüi 1Kg,Almacén,4103.73,4436.67,4184.37,4803.75,4235.65
P09219,Aceite Natura Girasol 1.5L,Almacén,6077.45,5955.99,6273.82,6285.84,5642.66
P09220,Desodorante Rexona Hombre 150ml x2,Higiene,11719.48,9923.29,9962.73,11336.48,11037.59
P09221,Galletitas Chocolinas 170g,Panificados,7568.82,7011.36,5628.14,6211.92,7649.94
P09222,Papel Higiénico Higienol 4 Rollos,Higiene,6264.21,5481.07,5948.27,5910.78,5760.16
P09223,Pasta Dental Colgate Total 90g,Higiene,9178.9,10089.4,10589.56,11170.52,11558.57
P09224,Shampoo Pantene Restauración 400ml,Higiene,8978.07,7909.98,7401.49,6750.27,6629.67
P09225,Queso Cremoso Tregar 1Kg,Lácteos,4756.3,4762.52,4491.13,4370.39,5492.96
P09226,Jugo Baggio Multifruta 1L,Bebidas,11318.38,11088.31,11045.31,11793.67,10690.84
P09227,Yogur Ser Vainilla 1Kg,Lácteos,3543.38,4100.28,4405.55,3887.83,4375.52
P09228,Yerba Playadito 1Kg,Almacén,9890.76,11798.07,12594.97,10679.43,11569.6
P09229,Manteca Sancor 200g,Lácteos,6942.82,7060.5,6326.69,6498.14,7675.97
P09230,Fideos Matarazzo Spaghetti 500g,Almacén,9804.09,8404.99,8398.62,11031.54,9236.48
P09231,Coca-Cola 2.25L,Bebidas,1644.69,1734.21,1875.18,2057.7,1628.69
P09232,Queso Cremoso Tregar 1Kg x3,Lácteos,3568.4,3108.7,2963.68,2891.79,3066.98
P09233,Queso Cremoso Tregar 1Kg,Lácteos,8048.68,7933.58,9914.19,8750.1,9628.51
P09234,Leche La Serenísima Entera 1L,Lácteos,5280.86,4175.43,3985.79,5262.42,4783.31
P09235,Bizcochitos Don Satur 200g,Panificados,9951.43,10334.34,13062.83,10940.66,11987.93
P09236,Cerveza Quilmes 1L,Bebidas,7475.58,8947.88,7290.17,8376.18,7805.7
P09237,Jabón en Polvo Ala 3Kg x5,Limpieza,5261.07,5668.81,4754.81,5484.44,4880.91
P09238,Fideos Matarazzo Spaghetti 500g,Almacén,1554.1,1652.22,1911.26,2039.05,1494.08
P09239,Agua Villavicencio 2.25L,Bebidas,5399.04,5285.0,4002.23,5007.36,4128.78
P09240,Leche La Serenísima Entera 1L,Lácteos,4494.97,4268.82,4632.31,3817.59,3740.73
P09241,Galletitas Express 170g,Panificados,3966.8,4517.33,5181.79,5143.38,4201.86
P09242,Coca-Cola 2.25L x3,Bebidas,7366.73,6896.9,7508.41,5633.6,6499.71
P09243,Queso Cremoso Tregar 1Kg,Lácteos,7293.96,8477.26,7361.14,7157.57,6471.09
P09244,Pan Lactal Fargo 600g,Panificados,5373.36,5266.28,6354.11,5306.42,6012.37
P09245,Lavandina Ayudín 1L,Limpieza,5240.73,5911.69,6858.62,5498.73,5554.79
P09246,Aceite Natura Girasol 1.5L,Almacén,7756.77,8857.83,8714.19,8290.47,8774.67
P09247,Agua Villavicencio 2.25L,Bebidas,10379.71,10471.62,10306.37,7872.64,8981.24
P09248,Agua Villavicencio 2.25L,Bebidas,3739.63,4294.38,3763.62,4069.7,4274.31
P09249,Bizcochitos Don Satur 200g,Panificados,6587.29,5945.84,7565.34,6801.04,7221.86
P09250,Arroz Gallo Oro 1Kg,Almacén,9492.9,9560.84,9304.12,9067.92,8904.87
P09251,Azúcar Ledesma 1Kg,Almacén,13424.92,9872.84,13186.55,10405.03,12623.32
P09252,Queso Cremoso Tregar 1Kg,Lácteos,12673.8,10880.66,12200.44,10741.52,12236.56
P09253,Aceite Natura Girasol 1.5L,Almacén,841.92,887.11,808.54,798.87,793.66
P09254,Manteca Sancor 200g,Lácteos,13625.2,12537.52,11244.27,13257.46,11919.51
P09255,Coca-Cola 2.25L,Bebidas,9888.2,10885.8,11056.84,9127.59,10702.4
P09256,Jabón Dove Original 90g,Higiene,7232.82,7247.1,7620.0,8069.54,8531.71
P09257,Arroz Gallo Oro 1Kg,Almacén,6139.58,5302.58,5451.23,5890.57,4956.26
P09258,Desodorante Rexona Hombre 150ml,Higiene,3793.13,4010.81,4406.57,3502.67,4198.42
P09259,Yogur Ser Vainilla 1Kg,Lácteos,9649.65,11071.09,10943.22,12034.18,11046.32
P09260,Queso Rallado La Paulina 40g,Lácteos,9681.78,9824.15,8088.25,7959.34,8249.21
P09261,Jugo Baggio Multifruta 1L,Bebidas,726.05,708.15,847.6,936.66,778.27
P09262,Pepsi 2.25L x3,Bebidas,11030.71,9436.59,10052.83,10963.27,10409.51
P09263,Cerveza Quilmes 1L x5,Bebidas,12108.98,9841.9,11020.53,10662.12,10363.87
P09264,Arroz Gallo Oro 1Kg,Almacén,2001.69,2092.65,1981.79,2351.19,2155.57
P09265,Papel Higiénico Higienol 4 Rollos,Higiene,8343.08,6994.96,6683.41,6773.94,7850.2
P09266,Yogur Ser Vainilla 1Kg x2,Lácteos,8946.56,7588.47,8941.86,9062.02,9499.05
P09267,Bizcochitos Don Satur 200g,Panificados,7133.31,8367.47,6278.47,6879.59,8039.62
P09268,Cerveza Quilmes 1L,Bebidas,8378.29,8691.35,8836.23,8886.52,8131.94
P09269,Pasta Dental Colgate Total 90g x4,Higiene,8070.26,8430.01,6682.22,9011.72,9012.79
P09270,Desodorante Poett Primavera 900ml,Limpieza,3295.32,3889.72,3943.2,3981.48,4318.81
P09271,Agua Villavicencio 2.25L,Bebidas,1408.06,1523.11,1490.35,1882.58,1395.41
P09272,Shampoo Pantene Restauración 400ml,Higiene,5137.7,5926.91,5028.64,5129.09,5254.14
P09273,Leche La Serenísima Entera 1L,Lácteos,4192.62,3633.09,4416.43,4342.37,3927.71
P09274,Galletitas Chocolinas 170g x4,Panificados,3671.12,3689.94,3595.71,3602.69,3892.91
P09275,Lavandina Ayudín 1L,Limpieza,795.91,647.36,877.39,813.65,771.38
P09276,Leche La Serenísima Entera 1L,Lácteos,9089.76,11719.3,10766.6,12414.04,12358.43
P09277,Arroz Gallo Oro 1Kg,Almacén,8866.23,8596.98,8819.74,9863.64,8100.92
P09278,Galletitas Chocolinas 170g,Panificados,1739.67,1979.9,1676.21,1704.87,1859.97
P09279,Shampoo Pantene Restauración 400ml,Higiene,9845.5,9561.79,9702.18,9075.05,8887.48
P09280,Manteca Sancor 200g,Lácteos,10756.63,10865.93,10704.52,9525.7,11222.96
P09281,Azúcar Ledesma 1Kg,Almacén,8839.7,9933.76,11323.45,11600.94,9597.45
P09282,Detergente Magistral Limón 750ml,Limpieza,8109.67,8952.72,7477.57,8240.35,7451.42
P09283,Leche La Serenísima Entera 1L,Lácteos,4939.65,5000.12,5075.75,4419.01,3853.29
P09284,Lavandina Ayudín 1L,Limpieza,6391.97,4641.41,5915.9,5951.34,5113.99
P09285,Shampoo Pantene Restauración 400ml,Higiene,1483.84,1280.28,1611.67,1334.81,1227.73
P09286,Desodorante Rexona Hombre 150ml x4,Higiene,7571.58,7231.82,6487.26,7966.1,6282.62
P09287,Papel Higiénico Higienol 4 Rollos x3,Higiene,9348.74,7575.78,9020.58,7457.3,8358.53
P09288,Fideos Matarazzo Spaghetti 500g,Almacén,10038.37,9610.93,11797.6,10000.11,10011.63
P09289,Harina Blancaflor 1Kg,Almacén,8219.1,9899.79,9655.08,8866.91,7699.87
P09290,Desodorante Rexona Hombre 150ml,Higiene,9053.14,7299.06,9093.61,6841.61,8927.75
P09291,Pan de Campo Bimbo 500g,Panificados,9690.42,10040.56,11363.08,9042.54,9190.84
P09292,Manteca Sancor 200g,Lácteos,9961.52,8475.12,10919.51,10032.17,10338.73
P09293,Harina Blancaflor 1Kg,Almacén,11259.35,10005.67,10274.34,11292.6,8860.63
P09294,Yerba Playadito 1Kg,Almacén,1640.22,1717.31,1776.09,1472.94,1468.8
P09295,Pan Lactal Fargo 600g,Panificados,2970.95,3308.84,2975.34,3593.76,3880.15
P09296,Yerba Taragüi 1Kg,Almacén,7045.85,6561.16,7640.57,6636.77,6435.76
P09297,Galletitas Express 170g,Panificados,5372.64,4311.06,4749.98,4767.47,4170.86
P09298,Azúcar Ledesma 1Kg,Almacén,9584.81,9901.48,7484.48,7578.28,9555.64
P09299,Yogur Ser Vainilla 1Kg,Lácteos,7790.82,8398.68,9671.85,8156.69,9585.56
P09300,Pepsi 2.25L,Bebidas,9657.57,10935.14,9343.93,8320.74,10118.26
P09301,Arroz Gallo Oro 1Kg,Almacén,9114.3,8161.69,8953.92,9059.09,8944.0
P09302,Shampoo Pantene Restauración 400ml,Higiene,9535.18,10099.27,10888.58,9391.07,10389.02
P09303,Leche Ilolay Descremada 1L,Lácteos,2928.29,2722.63,2272.16,2736.76,2933.64
P09304,Fideos Matarazzo Spaghetti 500g,Almacén,6433.38,7265.34,5730.49,6442.37,6860.84
P09305,Queso Rallado La Paulina 40g,Lácteos,2954.37,3392.06,3376.36,3430.43,3090.52
P09306,Jabón en Polvo Ala 3Kg x4,Limpieza,8881.46,9527.81,10465.23,8764.93,7960.04
P09307,Pepsi 2.25L x3,Bebidas,4348.04,3779.09,4201.94,3925.39,3869.51
P09308,Jabón en Polvo Ala 3Kg x4,Limpieza,12321.04,9844.11,10612.52,11947.31,10521.3
P09309,Aceite Natura Girasol 1.5L,Almacén,6127.58,5057.03,4988.2,6077.1,6104.74
P09310,Pasta Dental Colgate Total 90g,Higiene,1439.12,1677.72,1350.93,1379.83,1532.47
P09311,Detergente Magistral Limón 750ml,Limpieza,4904.69,4675.37,4709.76,5030.66,4561.23
P09312,Cerveza Heineken 1L,Bebidas,1992.3,2117.72,1924.47,2154.31,2120.48
P09313,Manteca Sancor 200g,Lácteos,10946.31,12000.12,10637.95,12846.38,13392.95
P09314,Jugo Baggio Multifruta 1L,Bebidas,11113.82,10701.77,10913.45,8970.94,11240.85
P09315,Queso Rallado La Paulina 40g,Lácteos,6970.43,6625.46,7784.7,6238.29,8264.19
P09316,Suavizante Comfort 900ml,Limpieza,4426.14,4568.09,4432.36,5547.14,5411.18
P09317,Leche Ilolay Descremada 1L,Lácteos,4626.42,4221.0,5025.19,5073.28,4839.61
P09318,Pan Lactal Fargo 600g,Panificados,6185.53,7149.61,6496.92,6300.57,6409.42
P09319,Cerveza Heineken 1L,Bebidas,3648.94,3992.46,3477.42,4000.02,4632.23
P09320,Fideos Matarazzo Spaghetti 500g,Almacén,11218.41,9110.82,9803.12,10336.09,9227.39
P09321,Jugo Baggio Multifruta 1L,Bebidas,2302.72,1968.94,2507.26,2081.87,1997.78
P09322,Queso Cremoso Tregar 1Kg,Lácteos,9154.38,8891.3,10360.95,10789.05,10456.76
P09323,Desodorante Poett Primavera 900ml x5,Limpieza,11958.98,9736.96,10160.26,11590.25,9379.2
P09324,Pasta Dental Colgate Total 90g,Higiene,7877.97,8627.74,8226.6,7495.59,9174.88
P09325,Galletitas Express 170g,Panificados,8870.25,10543.51,10460.84,10394.61,10002.64
P09326,Bizcochitos Don Satur 200g,Panificados,1855.88,1815.77,1769.02,2282.65,1909.93
P09327,Bizcochitos Don Satur 200g,Panificados,6152.03,5380.86,5720.3,6099.35,6694.24
P09328,Cerveza Heineken 1L,Bebidas,3172.1,2736.71,3077.28,2545.52,2957.65
P09329,Papel Higiénico Higienol 4 Rollos,Higiene,11692.3,12711.78,10688.15,10234.31,11519.98
P09330,Galletitas Express 170g x5,Panificados,6542.62,5724.08,5014.25,6242.08,6228.96
P09331,Cerveza Heineken 1L,Bebidas,4401.15,4047.63,4565.5,3941.29,4408.17
P09332,Bizcochitos Don Satur 200g,Panificados,11304.13,11822.93,12597.64,11606.68,10842.91
P09333,Queso Cremoso Tregar 1Kg,Lácteos,10274.66,13501.26,13682.58,13512.82,12419.99
P09334,Agua Villavicencio 2.25L,Bebidas,12367.59,12501.69,9781.32,10407.48,11699.74
P09335,Shampoo Pantene Restauración 400ml,Higiene,6263.8,6864.59,5846.09,6746.83,6183.3
P09336,Yerba Playadito 1Kg x5,Almacén,9474.55,10602.82,11228.22,11249.39,9601.18
P09337,Pepsi 2.25L,Bebidas,10777.01,11494.03,9235.3,9779.64,11501.23
P09338,Yogur Ser Vainilla 1Kg,Lácteos,3744.51,4019.89,4597.87,4218.69,3624.55
P09339,Pasta Dental Colgate Total 90g,Higiene,10662.4,10201.25,10332.67,9965.78,10713.56
P09340,Aceite Natura Girasol 1.5L,Almacén,3918.67,4695.54,4171.82,4196.3,4479.66
P09341,Harina Blancaflor 1Kg,Almacén,11595.61,9816.22,10336.94,8672.77,9153.48
P09342,Pan de Campo Bimbo 500g,Panificados,6349.32,4998.2,5482.0,6167.24,6305.82
P09343,Lavandina Ayudín 1L,Limpieza,6210.14,5533.87,5956.72,6038.89,5596.4
P09344,Leche Ilolay Descremada 1L,Lácteos,5601.01,6064.58,5413.78,5009.8,5204.48
P09345,Queso Rallado La Paulina 40g,Lácteos,6324.46,6124.17,5899.59,5561.37,5325.19
P09346,Harina Blancaflor 1Kg x4,Almacén,6361.62,5317.63,6403.92,4898.62,4905.56
P09347,Queso Cremoso Tregar 1Kg,Lácteos,7974.39,7871.22,8058.47,5927.64,6084.34
P09348,Galletitas Chocolinas 170g,Panificados,13322.8,13891.49,13285.37,13362.23,10772.28
P09349,Pasta Dental Colgate Total 90g x5,Higiene,11507.49,11884.11,11140.4,12250.27,13478.45
P09350,Arroz Gallo Oro 1Kg,Almacén,5969.84,5028.88,5450.21,5706.21,5100.7
P09351,Manteca Sancor 200g x2,Lácteos,6152.64,5998.88,6774.8,6520.97,5799.76
P09352,Jugo Baggio Multifruta 1L x2,Bebidas,2762.97,3018.63,3154.55,2771.25,2770.01
P09353,Lavandina Ayudín 1L,Limpieza,1225.44,1173.23,1070.22,1179.57,1180.29
P09354,Desodorante Poett Primavera 900ml,Limpieza,912.05,766.9,874.49,851.12,953.81
P09355,Manteca Sancor 200g,Lácteos,7076.59,7888.54,8772.11,6925.49,6820.36
P09356,Fideos Matarazzo Spaghetti 500g,Almacén,12468.43,12592.82,10947.6,12187.62,12811.72
P09357,Coca-Cola 2.25L x4,Bebidas,10750.01,10745.99,9455.05,11830.54,11368.15
P09358,Pepsi 2.25L,Bebidas,8633.22,7887.59,7540.41,8845.6,8395.7
P09359,Coca-Cola 2.25L x4,Bebidas,1980.44,1863.89,2158.29,1847.94,2119.01
P09360,Harina Blancaflor 1Kg,Almacén,9959.12,11882.86,9378.27,9209.23,10922.86
P09361,Agua Villavicencio 2.25L,Bebidas,2618.38,2973.37,2581.89,2462.49,2546.89
P09362,Yerba Playadito 1Kg,Almacén,9374.05,9379.92,12142.67,8828.25,8799.82
P09363,Galletitas Express 170g,Panificados,7622.85,6074.65,7560.7,6081.24,7354.54
P09364,Yogur Ser Vainilla 1Kg,Lácteos,1980.65,2236.22,1833.93,1930.04,2050.39
P09365,Pan Lactal Fargo 600g,Panificados,9124.15,8929.81,7754.2,7546.48,8506.14
P09366,Yogur Ser Vainilla 1Kg x4,Lácteos,2482.34,2447.7,2830.3,2585.86,3049.57
P09367,Cerveza Heineken 1L,Bebidas,5365.95,4980.61,4255.04,4882.59,4281.76
P09368,Pasta Dental Colgate Total 90g x4,Higiene,4624.84,4981.94,4661.38,5050.91,4968.65
P09369,Coca-Cola 2.25L,Bebidas,2699.22,3175.11,3015.04,2790.25,2759.73
P09370,Aceite Natura Girasol 1.5L,Almacén,5878.8,6550.17,6671.45,6782.93,6778.72
P09371,Yerba Playadito 1Kg,Almacén,2156.65,2138.03,1932.89,2045.56,2106.24
P09372,Galletitas Chocolinas 170g,Panificados,9130.68,9040.24,8640.59,9523.87,9038.26
P09373,Cerveza Quilmes 1L,Bebidas,2867.59,2489.9,2757.23,2329.49,2556.81
P09374,Pepsi 2.25L x5,Bebidas,5407.17,6325.22,6321.19,6852.36,6073.74
P09375,Leche Ilolay Descremada 1L,Lácteos,10548.46,13858.51,13686.33,10246.17,10141.96
P09376,Shampoo Pantene Restauración 400ml,Higiene,9494.58,8454.59,9714.66,8693.95,7821.56
P09377,Fideos Matarazzo Spaghetti 500g,Almacén,6312.03,5610.66,6381.17,6251.12,6221.27
P09378,Harina Blancaflor 1Kg,Almacén,8231.14,7439.59,9828.27,9805.88,9911.88
P09379,Yogur Ser Vainilla 1Kg,Lácteos,7270.5,6937.58,7758.74,8924.11,7339.64
P09380,Jabón en Polvo Ala 3Kg,Limpieza,8995.76,10700.79,10127.31,9648.69,8165.3
P09381,Bizcochitos Don Satur 200g x2,Panificados,10441.49,8481.36,8613.96,8846.71,10735.54
P09382,Manteca Sancor 200g,Lácteos,4807.65,5062.77,5366.81,5260.62,4349.64
P09383,Galletitas Express 170g,Panificados,5880.11,6534.1,6439.83,6536.11,5520.09
P09384,Shampoo Pantene Restauración 400ml x2,Higiene,3597.01,2935.81,3015.93,3114.13,3668.11
P09385,Jabón Dove Original 90g x3,Higiene,7610.46,7176.62,7066.97,7440.12,7497.83
P09386,Leche La Serenísima Entera 1L,Lácteos,982.53,870.23,866.54,860.68,1024.85
P09387,Aceite Natura Girasol 1.5L x3,Almacén,5045.08,4856.75,6132.78,5475.78,5053.23
P09388,Leche La Serenísima Entera 1L,Lácteos,7338.63,7425.59,7855.14,9315.61,7406.95
P09389,Yerba Playadito 1Kg x4,Almacén,7095.92,6825.18,7125.94,7809.02,7921.4
P09390,Aceite Natura Girasol 1.5L,Almacén,10202.99,10840.15,9859.16,10175.93,10265.71
P09391,Suavizante Comfort 900ml,Limpieza,9901.09,11607.74,11997.11,9836.9,12475.92
P09392,Fideos Matarazzo Spaghetti 500g,Almacén,1450.61,1431.66,1224.27,1253.04,1323.77
P09393,Aceite Natura Girasol 1.5L x2,Almacén,12579.82,13598.57,12808.38,11109.19,13315.16
P09394,Leche Ilolay Descremada 1L,Lácteos,4459.13,5231.47,4390.35,4815.52,4910.72
P09395,Queso Cremoso Tregar 1Kg,Lácteos,8667.43,11259.64,8825.19,11169.35,10243.49
P09396,Papel Higiénico Higienol 4 Rollos,Higiene,12742.23,13255.13,10533.39,10753.1,10927.58
P09397,Fideos Matarazzo Spaghetti 500g,Almacén,3338.06,3199.92,3285.39,2801.2,3293.43
P09398,Arroz Gallo Oro 1Kg,Almacén,7008.66,7124.23,8260.97,6671.65,8067.03
P09399,Arroz Gallo Oro 1Kg,Almacén,10610.68,11033.91,10649.91,11312.32,9577.85
P09400,Lavandina Ayudín 1L,Limpieza,10001.79,8546.62,9924.07,10527.92,8792.91
P09401,Aceite Natura Girasol 1.5L,Almacén,6626.58,7254.45,8392.95,8201.66,6970.7
P09402,Leche Ilolay Descremada 1L,Lácteos,11601.21,11762.29,11350.61,9728.26,9811.12
P09403,Pepsi 2.25L,Bebidas,5160.46,5151.6,5866.15,5555.69,5483.93
P09404,Cerveza Heineken 1L,Bebidas,959.38,944.9,1219.14,1095.37,1169.75
P09405,Yerba Playadito 1Kg,Almacén,2149.75,2096.27,2026.52,2028.51,1883.79
P09406,Azúcar Ledesma 1Kg,Almacén,3713.45,4326.18,4554.9,3600.37,3562.75
P09407,Cerveza Heineken 1L,Bebidas,8443.35,9173.79,10525.0,8852.07,9587.47
P09408,Galletitas Chocolinas 170g,Panificados,3071.73,2938.08,3407.59,3359.81,2747.01
P09409,Desodorante Rexona Hombre 150ml,Higiene,13111.19,12198.49,10166.98,10604.17,11700.31
P09410,Detergente Magistral Limón 750ml,Limpieza,8653.04,6985.87,7454.33,9297.04,7005.07
P09411,Papel Higiénico Higienol 4 Rollos,Higiene,9969.6,10674.81,13425.44,11365.78,10871.94
P09412,Detergente Magistral Limón 750ml,Limpieza,984.3,951.29,1012.48,1081.0,1162.09
P09413,Fideos Matarazzo Spaghetti 500g,Almacén,8787.85,9472.7,8901.99,9139.41,8475.81
P09414,Manteca Sancor 200g,Lácteos,6702.67,6686.48,6043.49,7616.09,5619.53
P09415,Queso Cremoso Tregar 1Kg,Lácteos,8946.47,12311.33,9126.22,11066.33,10439.38
P09416,Shampoo Pantene Restauración 400ml x4,Higiene,2600.3,3263.47,2422.2,2861.47,2446.99
P09417,Shampoo Pantene Restauración 400ml,Higiene,12155.99,11892.36,10357.44,11695.6,11736.05
P09418,Yogur Ser Vainilla 1Kg,Lácteos,2949.34,3482.1,3019.23,3461.35,2641.55
P09419,Desodorante Rexona Hombre 150ml,Higiene,8615.64,6597.39,8218.27,8068.62,8585.58
P09420,Cerveza Quilmes 1L,Bebidas,1240.77,1255.33,1463.57,1527.77,1300.22
P09421,Harina Blancaflor 1Kg,Almacén,9897.59,9598.56,8600.76,8823.0,8437.04
P09422,Suavizante Comfort 900ml x5,Limpieza,8551.4,9072.36,7613.27,7599.25,7884.34
P09423,Cerveza Heineken 1L,Bebidas,1446.56,1228.66,1243.18,1394.83,1221.27
P09424,Desodorante Poett Primavera 900ml,Limpieza,874.38,1087.95,893.74,964.6,844.64
P09425,Cerveza Quilmes 1L,Bebidas,2322.44,2354.8,2523.85,2221.44,2247.02
P09426,Lavandina Ayudín 1L,Limpieza,9652.82,10673.75,10067.69,10465.86,9565.31
P09427,Pan de Campo Bimbo 500g,Panificados,11124.97,10327.47,12377.85,11489.01,12490.45
P09428,Cerveza Heineken 1L,Bebidas,924.77,801.11,987.36,963.99,969.41
P09429,Pepsi 2.25L,Bebidas,2727.95,3178.78,2470.13,2774.57,2376.58
P09430,Aceite Natura Girasol 1.5L,Almacén,2691.66,2821.14,2845.71,3264.6,2444.29
P09431,Bizcochitos Don Satur 200g x5,Panificados,11208.43,12881.31,13454.63,10651.39,12575.09
P09432,Desodorante Poett Primavera 900ml x4,Limpieza,11486.91,10453.41,11658.11,9965.11,10303.36
P09433,Queso Rallado La Paulina 40g,Lácteos,7272.13,8757.99,9888.25,9382.92,9217.5
P09434,Queso Cremoso Tregar 1Kg,Lácteos,10424.99,11132.51,9739.12,11883.82,12678.45
P09435,Shampoo Pantene Restauración 400ml,Higiene,11569.94,11479.49,9137.62,10591.83,10577.95
P09436,Pasta Dental Colgate Total 90g,Higiene,2520.05,2294.1,3031.0,2765.47,2714.65
P09437,Detergente Magistral Limón 750ml,Limpieza,9413.16,9388.52,8323.29,8213.43,8953.62
P09438,Manteca Sancor 200g,Lácteos,10489.53,10567.3,8057.35,10665.38,8916.39
P09439,Pepsi 2.25L,Bebidas,13330.74,11264.5,13333.36,10103.84,12491.66
P09440,Galletitas Express 170g,Panificados,5670.88,6663.74,5316.24,6908.01,6793.25
P09441,Yerba Playadito 1Kg,Almacén,2761.56,2628.21,2175.33,2826.68,2979.74
P09442,Leche Ilolay Descremada 1L,Lácteos,1833.59,1602.92,1594.58,1525.31,1614.85
P09443,Lavandina Ayudín 1L x4,Limpieza,9985.82,9857.32,9312.26,9721.6,8996.72
P09444,Desodorante Poett Primavera 900ml,Limpieza,7788.03,6703.68,6490.16,6840.62,7972.55
P09445,Shampoo Pantene Restauración 400ml,Higiene,12241.16,11227.22,9950.52,10914.29,11434.99
P09446,Suavizante Comfort 900ml,Limpieza,13659.35,10580.78,10503.5,13925.77,11723.95
P09447,Suavizante Comfort 900ml,Limpieza,8477.38,7329.76,6399.93,7723.33,8066.52
P09448,Aceite Natura Girasol 1.5L,Almacén,1822.96,2453.01,2210.4,2327.03,2464.15
P09449,Fideos Matarazzo Spaghetti 500g,Almacén,10195.43,12401.53,11657.13,11522.72,11053.37
P09450,Desodorante Poett Primavera 900ml,Limpieza,7952.83,8913.37,8156.47,8585.63,9128.66
P09451,Papel Higiénico Higienol 4 Rollos,Higiene,5739.18,5927.38,6069.62,7168.13,7431.48
P09452,Yerba Playadito 1Kg,Almacén,13242.18,13557.16,9821.99,11205.59,10305.35
P09453,Suavizante Comfort 900ml,Limpieza,3863.91,4683.16,4914.2,4667.89,4663.16
P09454,Lavandina Ayudín 1L,Limpieza,11066.13,10681.01,13180.53,13826.37,10950.38
P09455,Cerveza Heineken 1L,Bebidas,8860.34,8210.78,8430.29,9696.28,9852.25
P09456,Leche Ilolay Descremada 1L,Lácteos,9087.66,7614.02,7824.86,8414.0,8611.88
P09457,Pan Lactal Fargo 600g,Panificados,5751.32,4666.78,5882.1,5178.49,5043.33
P09458,Coca-Cola 2.25L,Bebidas,7421.58,9355.84,9610.56,9582.4,7619.67
P09459,Lavandina Ayudín 1L,Limpieza,4032.81,4213.17,3724.81,4117.9,4109.01
P09460,Manteca Sancor 200g,Lácteos,3512.09,3666.89,4035.76,3761.79,3353.29
P09461,Desodorante Poett Primavera 900ml,Limpieza,8411.16,7389.94,7476.1,7965.38,8175.84
P09462,Agua Villavicencio 2.25L,Bebidas,5071.22,6374.67,5940.36,4743.63,6029.95
P09463,Fideos Matarazzo Spaghetti 500g x5,Almacén,5106.96,6660.6,5029.76,5968.1,5805.8
P09464,Azúcar Ledesma 1Kg,Almacén,8326.72,8024.82,9664.96,9942.03,9961.88
P09465,Shampoo Pantene Restauración 400ml,Higiene,6484.54,7966.91,6148.08,8068.51,7869.01
P09466,Pasta Dental Colgate Total 90g,Higiene,3653.15,3124.38,3330.52,3024.71,3637.24
P09467,Pan Lactal Fargo 600g,Panificados,8631.57,10262.28,9097.56,9235.02,8646.79
P09468,Galletitas Express 170g,Panificados,11345.91,11425.66,12376.98,12697.13,13142.4
P09469,Cerveza Heineken 1L,Bebidas,3591.07,3798.14,4625.36,4182.91,4024.77
P09470,Cerveza Quilmes 1L,Bebidas,11864.75,10680.59,10511.95,12038.67,9205.13
P09471,Lavandina Ayudín 1L,Limpieza,11735.77,12384.05,9474.74,12032.57,12338.46
P09472,Azúcar Ledesma 1Kg,Almacén,10215.96,9445.95,9223.6,9233.53,10025.54
P09473,Queso Cremoso Tregar 1Kg,Lácteos,5299.44,5263.92,5372.49,4628.91,4124.2
P09474,Pasta Dental Colgate Total 90g x3,Higiene,2540.14,1905.98,2243.54,2186.64,2206.58
P09475,Galletitas Chocolinas 170g,Panificados,1454.56,1288.54,1267.42,1208.8,1301.45
P09476,Leche La Serenísima Entera 1L,Lácteos,1235.45,1115.47,1029.6,1100.65,1262.23
P09477,Manteca Sancor 200g,Lácteos,10542.93,11322.71,8629.07,9854.29,10297.31
P09478,Azúcar Ledesma 1Kg,Almacén,1370.29,1816.73,1625.13,1584.72,1761.41
P09479,Galletitas Express 170g x5,Panificados,5697.54,5440.38,7326.8,7348.86,6495.52
P09480,Coca-Cola 2.25L x2,Bebidas,4439.63,4317.65,4582.46,5104.11,5160.46
P09481,Manteca Sancor 200g x3,Lácteos,7297.94,6342.78,6708.53,6835.52,8447.0
P09482,Shampoo Pantene Restauración 400ml,Higiene,8347.44,8974.75,9633.99,9771.76,10598.85
P09483,Detergente Magistral Limón 750ml,Limpieza,4149.31,4181.68,4804.7,4047.09,4390.7
P09484,Lavandina Ayudín 1L,Limpieza,7518.67,6607.73,6788.55,8683.67,6989.65
P09485,Jugo Baggio Multifruta 1L x5,Bebidas,3305.17,3243.55,3377.12,3695.22,3453.92
P09486,Coca-Cola 2.25L,Bebidas,9904.45,12126.13,12572.12,9430.21,9997.66
P09487,Leche La Serenísima Entera 1L,Lácteos,9171.24,8032.07,9409.31,7661.74,8619.06
P09488,Queso Cremoso Tregar 1Kg,Lácteos,10289.27,9977.28,9989.3,9573.57,9167.11
P09489,Lavandina Ayudín 1L,Limpieza,11482.77,9928.78,10029.19,8878.49,10071.38
P09490,Galletitas Chocolinas 170g x2,Panificados,7194.91,8141.83,7587.06,6343.76,7520.3
P09491,Galletitas Chocolinas 170g,Panificados,1524.38,1976.98,1730.07,1855.25,1773.39
P09492,Yerba Taragüi 1Kg,Almacén,6749.77,8347.8,7035.95,7995.79,7955.79
P09493,Azúcar Ledesma 1Kg x2,Almacén,11551.4,12586.22,12657.44,11658.63,11334.29
P09494,Detergente Magistral Limón 750ml x4,Limpieza,10697.48,11225.17,10295.9,12147.6,12333.77
P09495,Leche Ilolay Descremada 1L,Lácteos,1221.35,1133.37,1213.29,956.74,1088.94
P09496,Coca-Cola 2.25L,Bebidas,942.21,951.48,830.53,934.65,935.62
P09497,Suavizante Comfort 900ml,Limpieza,3268.27,2987.65,2846.15,2563.63,3120.61
P09498,Pasta Dental Colgate Total 90g,Higiene,3633.72,3906.74,3968.68,3460.64,3133.83
P09499,Shampoo Pantene Restauración 400ml,Higiene,8903.26,10591.73,9936.49,8613.68,10829.91
P09500,Coca-Cola 2.25L,Bebidas,4379.4,3574.38,4718.82,4508.4,3542.18
P09501,Desodorante Rexona Hombre 150ml,Higiene,12416.23,9586.6,12050.76,10263.5,11829.64
P09502,Yerba Taragüi 1Kg x2,Almacén,5516.17,6199.52,5073.73,5274.57,4844.3
P09503,Detergente Magistral Limón 750ml x5,Limpieza,1522.79,1641.75,1529.07,1730.61,1613.88
P09504,Pepsi 2.25L,Bebidas,2985.89,3850.43,3306.61,3568.73,2953.87
P09505,Jabón Dove Original 90g,Higiene,3339.58,2881.64,3145.7,2995.98,3341.18
P09506,Leche Ilolay Descremada 1L,Lácteos,12041.69,9416.2,9865.12,11374.03,10561.17
P09507,Galletitas Express 170g,Panificados,11348.9,11508.19,12339.15,11574.71,10951.07
P09508,Bizcochitos Don Satur 200g,Panificados,11026.07,9619.17,10578.77,10588.11,10048.04
P09509,Suavizante Comfort 900ml x3,Limpieza,10791.51,9481.02,9120.54,9347.98,11699.11
P09510,Aceite Natura Girasol 1.5L,Almacén,8907.42,9376.92,10276.41,10669.24,9784.25
P09511,Pasta Dental Colgate Total 90g,Higiene,3418.88,3800.16,3889.69,3782.6,3578.94
P09512,Desodorante Rexona Hombre 150ml,Higiene,8990.78,8044.0,7954.72,9297.65,8143.88
P09513,Leche Ilolay Descremada 1L,Lácteos,6495.83,6840.68,7070.37,6467.71,6207.85
P09514,Desodorante Poett Primavera 900ml x3,Limpieza,5403.24,4923.06,4801.71,5291.45,5803.36
P09515,Pepsi 2.25L,Bebidas,10468.57,10563.03,11437.61,9062.68,10187.19
P09516,Fideos Matarazzo Spaghetti 500g x2,Almacén,1874.93,2485.5,1918.44,2360.86,2148.66
P09517,Pasta Dental Colgate Total 90g,Higiene,10384.0,9557.67,10203.39,10644.31,11797.14
P09518,Queso Cremoso Tregar 1Kg,Lácteos,8236.2,8602.42,8287.67,8809.18,9468.45
P09519,Bizcochitos Don Satur 200g,Panificados,1022.21,1044.61,970.7,1115.97,988.97
P09520,Queso Rallado La Paulina 40g,Lácteos,755.1,671.51,722.89,646.4,674.08
P09521,Yogur Ser Vainilla 1Kg,Lácteos,9918.46,8456.44,9760.58,9933.69,10717.6
P09522,Arroz Gallo Oro 1Kg,Almacén,12107.4,11302.41,10441.08,13624.91,12472.64
P09523,Cerveza Heineken 1L,Bebidas,13147.9,13277.96,12788.11,11310.45,11069.43
P09524,Bizcochitos Don Satur 200g,Panificados,12857.85,13279.09,13254.42,13536.95,10194.13
P09525,Arroz Gallo Oro 1Kg x3,Almacén,3264.85,3758.03,3763.76,2833.32,3012.95
P09526,Manteca Sancor 200g,Lácteos,2922.35,2578.13,2808.12,2550.55,2624.13
P09527,Aceite Natura Girasol 1.5L,Almacén,10172.79,9411.8,7451.25,8337.41,7686.0
P09528,Yogur Ser Vainilla 1Kg,Lácteos,2983.75,3171.32,2522.82,3055.06,2705.34
P09529,Papel Higiénico Higienol 4 Rollos,Higiene,9911.72,10885.51,8510.41,10475.14,9973.57
P09530,Queso Rallado La Paulina 40g,Lácteos,7918.3,8601.04,6972.61,9230.57,8951.98
P09531,Queso Rallado La Paulina 40g,Lácteos,2907.25,2952.45,2850.95,2777.59,2440.04
P09532,Pasta Dental Colgate Total 90g,Higiene,3838.52,4768.35,3869.7,4265.78,4064.56
P09533,Galletitas Chocolinas 170g,Panificados,4881.12,4087.39,5499.77,4327.48,4427.22
P09534,Papel Higiénico Higienol 4 Rollos,Higiene,3629.11,3190.78,4258.29,3743.75,3689.59
P09535,Jabón Dove Original 90g,Higiene,3367.72,3045.5,3057.79,3243.45,3238.74
P09536,Arroz Gallo Oro 1Kg,Almacén,1028.0,1197.1,906.59,961.44,1204.33
P09537,Papel Higiénico Higienol 4 Rollos,Higiene,3036.43,2936.49,3611.66,3337.49,3312.98
P09538,Yerba Playadito 1Kg,Almacén,3904.57,4227.35,4662.15,4123.02,4962.15
P09539,Suavizante Comfort 900ml,Limpieza,9944.91,9295.19,11605.16,9908.19,9741.08
P09540,Desodorante Poett Primavera 900ml,Limpieza,8197.64,8093.76,10256.46,11005.91,8622.21
P09541,Desodorante Poett Primavera 900ml x4,Limpieza,4585.59,3750.32,3846.76,4795.48,4121.67
P09542,Shampoo Pantene Restauración 400ml,Higiene,10341.83,8823.66,10402.66,8518.49,8731.94
P09543,Jabón en Polvo Ala 3Kg,Limpieza,12751.53,13375.58,12729.0,12168.8,12603.98
P09544,Yogur Ser Vainilla 1Kg,Lácteos,1074.55,1228.57,1188.52,1232.3,1142.92
P09545,Aceite Natura Girasol 1.5L,Almacén,6121.67,5770.63,5443.14,6260.97,5517.48
P09546,Galletitas Chocolinas 170g,Panificados,6574.79,6256.18,7178.89,6947.34,5227.43
P09547,Jabón Dove Original 90g,Higiene,1433.87,1463.29,1267.05,1153.8,1319.32
P09548,Galletitas Express 170g,Panificados,10785.4,12829.45,10819.71,11395.65,11769.24
P09549,Cerveza Heineken 1L,Bebidas,11098.35,12476.51,11513.35,10342.05,10648.54
P09550,Harina Blancaflor 1Kg,Almacén,7629.04,7608.06,7031.81,7988.17,8993.09
P09551,Shampoo Pantene Restauración 400ml,Higiene,7377.06,7154.01,9148.38,8183.73,8589.39
P09552,Yerba Taragüi 1Kg,Almacén,1418.84,1387.08,1266.63,1427.86,1313.98
P09553,Pepsi 2.25L,Bebidas,3949.75,3789.03,3952.7,3068.96,3974.77
P09554,Shampoo Pantene Restauración 400ml,Higiene,10114.49,10129.28,9461.1,10869.53,10835.42
P09555,Queso Rallado La Paulina 40g x3,Lácteos,10075.79,11233.16,9736.87,12079.38,9940.5
P09556,Manteca Sancor 200g,Lácteos,2382.94,3227.67,3161.27,2896.23,2376.83
P09557,Galletitas Chocolinas 170g,Panificados,7506.91,6005.56,6974.26,7763.25,7722.73
P09558,Coca-Cola 2.25L,Bebidas,2858.75,2111.04,2527.35,2519.15,2627.85
P09559,Desodorante Rexona Hombre 150ml,Higiene,13880.6,10295.33,10879.45,12710.58,13887.31
P09560,Galletitas Chocolinas 170g x2,Panificados,7898.17,6618.4,6790.9,9045.13,7969.86
P09561,Desodorante Poett Primavera 900ml,Limpieza,7289.28,6843.7,7997.92,7143.5,6775.54
P09562,Agua Villavicencio 2.25L x3,Bebidas,3880.33,4106.69,4207.93,4361.03,4315.73
P09563,Jabón Dove Original 90g,Higiene,12569.13,13906.49,11158.93,10149.66,11131.64
P09564,Agua Villavicencio 2.25L,Bebidas,7497.93,6275.42,6901.46,6488.36,8115.78
P09565,Aceite Natura Girasol 1.5L,Almacén,5645.87,5186.2,5470.4,5112.13,5147.3
P09566,Cerveza Heineken 1L,Bebidas,3219.33,3347.83,2914.65,3427.42,2954.18
P09567,Pan Lactal Fargo 600g,Panificados,6543.38,7065.73,6579.59,5597.34,5819.37
P09568,Bizcochitos Don Satur 200g,Panificados,2135.68,2080.34,1826.22,1770.13,1730.68
P09569,Queso Rallado La Paulina 40g x2,Lácteos,4036.5,3869.79,3138.61,3244.0,3435.49
P09570,Harina Blancaflor 1Kg,Almacén,11037.13,10211.11,9633.7,9539.97,10495.19
P09571,Queso Cremoso Tregar 1Kg,Lácteos,10156.95,12815.55,10814.07,12198.64,12997.71
P09572,Bizcochitos Don Satur 200g,Panificados,1008.81,1224.46,1013.54,1183.58,1055.66
P09573,Aceite Natura Girasol 1.5L x5,Almacén,3880.94,3151.61,3519.61,3858.56,3340.44
P09574,Bizcochitos Don Satur 200g x4,Panificados,9735.99,9673.04,10834.56,8852.93,9150.65
P09575,Aceite Natura Girasol 1.5L,Almacén,11496.88,11223.27,9683.07,10611.29,11029.47
P09576,Agua Villavicencio 2.25L,Bebidas,8044.65,7655.42,8116.46,7894.85,7611.86
P09577,Pan de Campo Bimbo 500g x3,Panificados,4907.6,4590.27,3979.14,4200.13,4840.11
P09578,Fideos Matarazzo Spaghetti 500g,Almacén,8574.82,9230.21,8670.25,9493.03,8397.62
P09579,Agua Villavicencio 2.25L,Bebidas,9572.65,9752.66,10471.72,10169.62,9297.9
P09580,Detergente Magistral Limón 750ml,Limpieza,9282.17,7539.14,9268.74,7069.27,9411.96
P09581,Galletitas Express 170g,Panificados,6319.56,7333.65,6147.3,5404.57,6559.65
P09582,Queso Cremoso Tregar 1Kg,Lácteos,8584.45,8398.15,10698.27,9269.06,9349.01
P09583,Desodorante Rexona Hombre 150ml x2,Higiene,9736.45,11221.83,11599.64,11662.42,12120.44
P09584,Jabón en Polvo Ala 3Kg,Limpieza,9718.25,11420.45,9959.71,9609.48,12545.66
P09585,Cerveza Quilmes 1L x2,Bebidas,10162.05,10234.11,10264.07,12813.35,10056.81
P09586,Detergente Magistral Limón 750ml,Limpieza,1608.3,1546.7,1378.61,1209.68,1301.44
P09587,Harina Blancaflor 1Kg,Almacén,5983.84,6701.02,6816.82,6150.07,5287.1
P09588,Harina Blancaflor 1Kg,Almacén,4152.29,3518.39,4475.05,3812.73,3879.2
P09589,Suavizante Comfort 900ml,Limpieza,6392.07,6134.1,6677.09,6341.44,6288.35
P09590,Coca-Cola 2.25L,Bebidas,8982.76,8480.77,8887.28,8220.59,9569.18
P09591,Coca-Cola 2.25L,Bebidas,957.58,942.83,1246.63,1251.41,943.63
P09592,Manteca Sancor 200g,Lácteos,4418.48,4298.94,3531.27,4301.86,3810.06
P09593,Cerveza Quilmes 1L x2,Bebidas,5205.22,4951.47,4494.69,4564.63,4420.8
P09594,Shampoo Pantene Restauración 400ml,Higiene,11508.03,9859.97,10896.82,9616.06,10839.28
P09595,Yerba Taragüi 1Kg,Almacén,7926.87,9665.71,8309.19,8537.59,9630.41
P09596,Galletitas Chocolinas 170g x2,Panificados,5427.45,5597.35,5160.83,6144.3,6182.85
P09597,Queso Cremoso Tregar 1Kg x5,Lácteos,11862.05,9371.86,10943.62,10066.35,10532.66
P09598,Papel Higiénico Higienol 4 Rollos,Higiene,993.94,860.59,893.06,1173.32,1110.0
P09599,Harina Blancaflor 1Kg,Almacén,3662.44,3356.68,3089.35,3592.9,3938.7
P09600,Fideos Matarazzo Spaghetti 500g,Almacén,11367.09,9730.2,9366.91,10076.13,11571.77
P09601,Pepsi 2.25L,Bebidas,5973.63,7569.94,7276.86,6453.65,7172.94
P09602,Arroz Gallo Oro 1Kg,Almacén,7776.94,6786.23,6779.13,8468.62,8651.81
P09603,Pan Lactal Fargo 600g x3,Panificados,2608.69,2104.05,2809.96,2849.3,2410.4
P09604,Leche La Serenísima Entera 1L,Lácteos,3145.85,3669.53,3978.53,3144.46,3523.47
P09605,Yerba Taragüi 1Kg,Almacén,11506.95,9079.57,10162.86,11497.87,11468.62
P09606,Papel Higiénico Higienol 4 Rollos,Higiene,8992.42,11326.24,10348.56,9759.42,10274.62
P09607,Agua Villavicencio 2.25L,Bebidas,2121.87,2276.88,2309.87,2524.96,2154.83
P09608,Galletitas Chocolinas 170g,Panificados,8716.47,6952.26,8467.43,8035.69,8942.88
P09609,Papel Higiénico Higienol 4 Rollos,Higiene,7004.37,6547.54,5298.2,6666.83,6654.15
P09610,Fideos Matarazzo Spaghetti 500g,Almacén,10817.59,11487.61,11406.76,11983.02,9850.84
P09611,Pan Lactal Fargo 600g,Panificados,9590.77,12239.26,9186.73,9320.86,10031.03
P09612,Coca-Cola 2.25L,Bebidas,6833.89,6424.62,6543.47,6000.1,7239.71
P09613,Papel Higiénico Higienol 4 Rollos,Higiene,5902.35,6116.43,6463.77,6284.9,5242.95
P09614,Cerveza Heineken 1L,Bebidas,2169.99,2138.02,2113.61,2047.04,1628.79
P09615,Galletitas Express 170g,Panificados,5792.81,5540.0,5483.76,5495.5,6020.39
P09616,Lavandina Ayudín 1L x3,Limpieza,9656.06,8897.97,9842.23,9756.72,7251.98
P09617,Jabón en Polvo Ala 3Kg,Limpieza,4823.71,4539.97,4843.41,4332.25,4195.1
P09618,Pan Lactal Fargo 600g,Panificados,6234.49,7062.24,5395.63,5476.65,6454.13
P09619,Agua Villavicencio 2.25L,Bebidas,9449.91,8972.69,8191.93,10338.41,9438.53
P09620,Aceite Natura Girasol 1.5L x2,Almacén,11538.64,12680.51,12647.94,13015.75,11611.65
P09621,Arroz Gallo Oro 1Kg,Almacén,8849.78,8884.5,8369.57,10945.09,9845.63
P09622,Jugo Baggio Multifruta 1L,Bebidas,2460.74,2075.33,1898.76,2246.96,1891.64
P09623,Galletitas Express 170g,Panificados,11149.27,10669.45,10155.41,11000.97,10398.55
P09624,Manteca Sancor 200g,Lácteos,3759.78,3856.01,4083.13,3226.76,4330.45
P09625,Shampoo Pantene Restauración 400ml,Higiene,8461.53,7718.3,7319.03,6554.42,7340.07
P09626,Jabón en Polvo Ala 3Kg,Limpieza,2170.04,1928.53,2047.46,1851.96,2453.7
P09627,Galletitas Express 170g,Panificados,8482.4,8080.82,6877.22,7539.08,7552.89
P09628,Galletitas Chocolinas 170g,Panificados,7930.11,7982.99,8210.71,7075.23,7379.1
P09629,Azúcar Ledesma 1Kg,Almacén,5292.59,5544.56,5581.48,6092.48,6646.66
P09630,Coca-Cola 2.25L,Bebidas,7201.97,8747.27,6872.22,8223.25,6769.18
P09631,Galletitas Express 170g,Panificados,6857.21,6814.27,6254.61,6706.55,5708.8
P09632,Manteca Sancor 200g,Lácteos,2899.12,3520.51,3013.21,3397.65,3741.23
P09633,Suavizante Comfort 900ml,Limpieza,5973.21,7618.38,6837.2,7989.65,7650.46
P09634,Suavizante Comfort 900ml,Limpieza,7403.4,7206.53,7576.63,6440.52,7241.63
P09635,Leche La Serenísima Entera 1L,Lácteos,1981.48,1836.08,2149.23,1763.2,1710.04
P09636,Papel Higiénico Higienol 4 Rollos,Higiene,2068.3,2131.68,2163.63,1970.25,1997.69
P09637,Jabón en Polvo Ala 3Kg,Limpieza,5473.87,5395.31,5980.48,6409.17,5053.27
P09638,Jabón en Polvo Ala 3Kg,Limpieza,8482.73,7011.37,7346.37,7132.74,6636.77
P09639,Leche La Serenísima Entera 1L,Lácteos,11181.27,12890.9,13086.06,12459.51,12490.68
P09640,Cerveza Quilmes 1L,Bebidas,3081.12,2492.91,3212.13,2758.19,3166.13
P09641,Detergente Magistral Limón 750ml,Limpieza,10886.13,12613.89,10460.37,10009.91,12015.61
P09642,Azúcar Ledesma 1Kg,Almacén,1378.05,1502.11,1467.63,1478.83,1489.28
P09643,Lavandina Ayudín 1L,Limpieza,5389.52,6130.48,4822.58,5387.5,5425.89
P09644,Yerba Taragüi 1Kg x3,Almacén,5392.98,5418.26,5594.85,5622.55,4843.54
P09645,Leche La Serenísima Entera 1L,Lácteos,6137.87,7704.96,6364.7,8081.49,7634.23
P09646,Leche Ilolay Descremada 1L,Lácteos,3025.05,3678.03,2879.4,2940.51,3712.86
P09647,Azúcar Ledesma 1Kg,Almacén,6184.84,5425.26,5721.4,6705.66,5524.45
P09648,Papel Higiénico Higienol 4 Rollos,Higiene,6470.72,7373.18,6029.8,6793.72,7804.09
P09649,Leche Ilolay Descremada 1L,Lácteos,1416.87,1469.24,1525.9,1756.41,1492.12
P09650,Detergente Magistral Limón 750ml,Limpieza,2437.94,2115.14,2074.48,2052.35,2655.58
P09651,Suavizante Comfort 900ml,Limpieza,9625.91,8987.09,9426.96,9721.7,9775.17
P09652,Cerveza Quilmes 1L,Bebidas,7852.11,9795.32,10745.31,8816.93,10683.85
P09653,Yerba Taragüi 1Kg,Almacén,5021.21,5507.59,5933.7,5997.43,5563.53
P09654,Azúcar Ledesma 1Kg,Almacén,10226.42,9838.71,8379.17,8711.95,10572.5
P09655,Galletitas Chocolinas 170g x3,Panificados,7877.92,8298.5,8593.25,7557.05,6814.19
P09656,Leche Ilolay Descremada 1L x2,Lácteos,3159.12,3414.95,3666.65,2829.42,3652.49
P09657,Queso Rallado La Paulina 40g,Lácteos,1206.22,1231.35,1199.94,1094.13,1200.97
P09658,Desodorante Poett Primavera 900ml x3,Limpieza,4295.19,5294.0,4667.54,4957.19,5460.64
P09659,Leche La Serenísima Entera 1L,Lácteos,6277.53,7458.19,6799.55,5913.61,7709.8
P09660,Jabón en Polvo Ala 3Kg,Limpieza,4157.7,3706.33,4719.11,4012.7,4079.48
P09661,Queso Rallado La Paulina 40g,Lácteos,10602.24,8980.66,9009.9,9871.26,8909.7
P09662,Fideos Matarazzo Spaghetti 500g,Almacén,1404.37,1738.53,1497.2,1733.89,1529.01
P09663,Jabón en Polvo Ala 3Kg,Limpieza,4562.92,4256.5,4132.96,4516.08,3459.75
P09664,Yogur Ser Vainilla 1Kg,Lácteos,1567.23,1592.34,1367.53,1259.71,1587.7
P09665,Aceite Natura Girasol 1.5L,Almacén,2841.93,2728.56,2924.84,2944.32,2922.23
P09666,Cerveza Quilmes 1L,Bebidas,3449.03,3093.4,3242.54,3089.75,2660.33
P09667,Aceite Natura Girasol 1.5L,Almacén,3689.73,3886.81,3394.77,3202.21,3956.31
P09668,Galletitas Express 170g x4,Panificados,1134.3,1434.86,1070.79,1209.37,1357.28
P09669,Yerba Playadito 1Kg,Almacén,6396.8,5467.04,5480.28,6846.79,7236.03
P09670,Yogur Ser Vainilla 1Kg,Lácteos,5881.97,6516.47,6050.6,7279.85,6990.66
P09671,Leche La Serenísima Entera 1L,Lácteos,8170.14,6287.07,6196.97,7464.86,7820.77
P09672,Harina Blancaflor 1Kg x2,Almacén,10503.91,9870.52,9783.34,10820.23,11255.5
P09673,Manteca Sancor 200g x5,Lácteos,2436.88,2848.77,2154.57,2469.02,2639.17
P09674,Jugo Baggio Multifruta 1L,Bebidas,1715.43,1356.16,1319.59,1386.39,1443.55
P09675,Coca-Cola 2.25L,Bebidas,7618.0,8502.42,9657.3,9053.09,7342.33
P09676,Leche La Serenísima Entera 1L,Lácteos,11085.6,11081.79,11062.35,10449.02,12500.51
P09677,Pepsi 2.25L,Bebidas,4650.12,5290.68,4448.17,5943.94,4377.68
P09678,Fideos Matarazzo Spaghetti 500g x3,Almacén,5830.56,6653.13,5220.41,6337.35,5991.6
P09679,Manteca Sancor 200g x2,Lácteos,3261.58,3585.82,3868.55,3636.48,3429.79
P09680,Aceite Natura Girasol 1.5L,Almacén,3176.64,2986.82,2997.74,3727.53,3429.39
P09681,Lavandina Ayudín 1L,Limpieza,6648.5,7685.81,7687.29,6883.3,6475.67
P09682,Cerveza Quilmes 1L,Bebidas,11010.09,10572.57,10539.35,10659.84,10508.71
P09683,Desodorante Poett Primavera 900ml x3,Limpieza,10425.19,8461.41,9133.96,10037.02,8495.05
P09684,Cerveza Quilmes 1L,Bebidas,3044.13,3515.17,3408.33,2948.69,2887.21
P09685,Pan Lactal Fargo 600g,Panificados,5541.58,5162.18,5208.05,6501.28,5215.11
P09686,Pan Lactal Fargo 600g,Panificados,7725.29,6727.11,7129.29,8516.85,7764.23
P09687,Galletitas Chocolinas 170g,Panificados,1610.66,1371.49,1597.99,1360.43,1419.12
P09688,Shampoo Pantene Restauración 400ml,Higiene,11514.1,12480.08,12665.45,13507.48,10359.77
P09689,Desodorante Poett Primavera 900ml,Limpieza,11434.36,10833.32,11570.1,9033.49,11545.63
P09690,Jabón Dove Original 90g,Higiene,10158.78,8967.9,10921.17,9649.17,10417.28
P09691,Papel Higiénico Higienol 4 Rollos,Higiene,7228.5,8802.54,8026.71,7957.23,8211.72
P09692,Azúcar Ledesma 1Kg,Almacén,5821.18,4432.34,5711.9,5210.57,4615.11
P09693,Desodorante Poett Primavera 900ml,Limpieza,7733.28,6644.53,7676.71,8137.57,8236.33
P09694,Yogur Ser Vainilla 1Kg,Lácteos,841.85,892.67,854.44,766.51,976.87
P09695,Galletitas Chocolinas 170g,Panificados,2786.82,2484.63,2489.42,3054.24,3030.71
P09696,Fideos Matarazzo Spaghetti 500g,Almacén,4959.11,5250.78,4646.91,4378.4,5233.98
P09697,Jabón en Polvo Ala 3Kg,Limpieza,5411.74,5041.68,5746.74,4574.63,5681.83
P09698,Shampoo Pantene Restauración 400ml,Higiene,10579.51,10512.49,9685.17,12810.36,11548.1
P09699,Fideos Matarazzo Spaghetti 500g,Almacén,4319.93,3983.69,4682.39,4821.39,5063.63
P09700,Pasta Dental Colgate Total 90g,Higiene,13444.97,11660.55,10628.67,10717.6,11837.06
P09701,Pan de Campo Bimbo 500g,Panificados,6147.76,7802.04,6230.23,5888.12,6630.8
P09702,Bizcochitos Don Satur 200g,Panificados,8315.78,7821.63,6771.77,8898.84,7083.2
P09703,Desodorante Poett Primavera 900ml,Limpieza,5896.48,6333.6,6822.82,7041.76,6634.63
P09704,Leche La Serenísima Entera 1L,Lácteos,2574.37,2790.7,2452.47,2862.24,2756.89
P09705,Yerba Taragüi 1Kg,Almacén,2259.41,2400.42,2698.24,2201.55,2515.9
P09706,Leche Ilolay Descremada 1L,Lácteos,7937.87,9952.95,8122.3,9443.2,10095.26
P09707,Yogur Ser Vainilla 1Kg,Lácteos,5502.26,6390.83,5606.39,6388.51,5871.8
P09708,Azúcar Ledesma 1Kg,Almacén,2641.11,2697.02,2586.88,2626.63,2558.13
P09709,Yogur Ser Vainilla 1Kg x2,Lácteos,1986.58,1853.38,2236.21,1884.46,1721.54
P09710,Azúcar Ledesma 1Kg,Almacén,2556.38,3348.32,3120.7,3109.39,2884.03
P09711,Cerveza Heineken 1L,Bebidas,10419.09,10049.17,9752.42,8688.86,9601.29
P09712,Queso Cremoso Tregar 1Kg,Lácteos,8522.83,7980.72,7723.63,7305.46,7253.41
P09713,Pan Lactal Fargo 600g,Panificados,5431.56,5564.47,4454.75,4794.93,4875.01
P09714,Suavizante Comfort 900ml,Limpieza,6745.12,5801.22,7815.25,5965.05,6600.41
P09715,Bizcochitos Don Satur 200g,Panificados,9056.36,9356.15,10549.75,11316.3,10272.55
P09716,Papel Higiénico Higienol 4 Rollos,Higiene,8583.64,9150.59,10560.82,9736.65,9329.1
P09717,Cerveza Quilmes 1L,Bebidas,3221.17,4379.7,3591.41,3817.32,4395.67
P09718,Yerba Taragüi 1Kg x4,Almacén,3831.78,4425.53,3604.78,4573.49,4016.14
P09719,Desodorante Rexona Hombre 150ml,Higiene,4393.29,5324.16,4695.27,5305.07,4097.19
P09720,Lavandina Ayudín 1L,Limpieza,4262.24,4577.43,4144.33,4736.18,4361.5
P09721,Jugo Baggio Multifruta 1L,Bebidas,4026.15,4286.91,3927.81,4535.88,3945.93
P09722,Galletitas Chocolinas 170g,Panificados,850.48,893.56,932.75,875.29,972.35
P09723,Aceite Natura Girasol 1.5L,Almacén,7386.62,7007.96,6376.86,5982.24,6036.45
P09724,Queso Cremoso Tregar 1Kg,Lácteos,3747.67,2998.28,3199.16,3546.87,3298.75
P09725,Leche Ilolay Descremada 1L x4,Lácteos,5032.07,4993.97,4779.01,5474.66,4814.17
P09726,Pan Lactal Fargo 600g,Panificados,5252.34,6217.44,6208.22,6580.21,5778.11
P09727,Leche La Serenísima Entera 1L,Lácteos,7715.0,7315.58,7568.72,8187.42,8574.52
P09728,Cerveza Heineken 1L,Bebidas,3345.12,3695.16,4042.16,3416.41,3728.7
P09729,Lavandina Ayudín 1L x3,Limpieza,11199.01,10743.0,11251.6,10299.43,10086.9
P09730,Pan Lactal Fargo 600g,Panificados,5428.27,5823.1,5907.43,5149.08,5501.98
P09731,Shampoo Pantene Restauración 400ml,Higiene,4470.15,4594.92,5124.68,4338.19,4401.54
P09732,Leche La Serenísima Entera 1L,Lácteos,12520.15,9536.1,11134.56,10407.56,12756.4
P09733,Detergente Magistral Limón 750ml,Limpieza,4656.2,3843.93,4561.67,3713.84,4423.46
P09734,Yogur Ser Vainilla 1Kg,Lácteos,3080.4,3620.33,2862.06,3295.61,3455.4
P09735,Jugo Baggio Multifruta 1L,Bebidas,4029.62,4360.13,5022.17,4387.51,5134.28
P09736,Yerba Taragüi 1Kg,Almacén,10453.42,12377.75,11167.83,12879.18,12407.15
P09737,Suavizante Comfort 900ml x3,Limpieza,6797.55,7514.31,6717.29,5882.1,6899.59
P09738,Arroz Gallo Oro 1Kg,Almacén,9106.97,8850.93,7467.33,10057.03,8351.75
P09739,Leche La Serenísima Entera 1L,Lácteos,6637.85,6532.09,5791.35,5097.68,6321.66
P09740,Yogur Ser Vainilla 1Kg,Lácteos,4939.36,5874.7,4797.16,6008.54,5801.51
P09741,Pepsi 2.25L,Bebidas,7266.85,8257.22,9592.83,7510.64,8079.38
P09742,Aceite Natura Girasol 1.5L x4,Almacén,7571.21,7588.35,6424.13,6642.95,7366.73
P09743,Azúcar Ledesma 1Kg,Almacén,8035.2,7952.79,8127.1,8465.48,8141.25
P09744,Galletitas Chocolinas 170g x2,Panificados,6516.34,7334.87,7094.63,6629.62,6729.8
P09745,Queso Rallado La Paulina 40g,Lácteos,10313.58,10857.01,11581.49,10968.08,9949.42
P09746,Jabón en Polvo Ala 3Kg,Limpieza,5174.91,4697.04,4689.14,5516.22,4952.08
P09747,Queso Cremoso Tregar 1Kg,Lácteos,2825.0,2672.73,3006.68,2346.35,2512.21
P09748,Pan Lactal Fargo 600g,Panificados,7226.22,8123.44,8156.25,7090.25,7239.17
P09749,Pepsi 2.25L,Bebidas,3883.6,3358.83,4267.15,3976.84,3840.16
P09750,Pasta Dental Colgate Total 90g,Higiene,11731.51,9310.07,9830.28,10324.1,10015.61
P09751,Azúcar Ledesma 1Kg,Almacén,1865.04,1621.1,1633.33,1958.93,1515.65
P09752,Cerveza Quilmes 1L,Bebidas,3967.19,4067.44,3783.12,3382.42,3171.81
P09753,Queso Cremoso Tregar 1Kg,Lácteos,11852.8,11487.55,10355.99,9845.63,12229.61
P09754,Pan Lactal Fargo 600g x5,Panificados,6935.3,8612.28,8199.29,8574.34,6376.95
P09755,Aceite Natura Girasol 1.5L,Almacén,7905.02,9529.6,10872.23,8199.59,8668.82
P09756,Arroz Gallo Oro 1Kg,Almacén,5833.02,6372.09,5022.79,6044.22,6471.87
P09757,Pasta Dental Colgate Total 90g,Higiene,10066.46,11094.15,10557.15,8865.91,8660.51
P09758,Lavandina Ayudín 1L,Limpieza,6464.91,5300.95,4898.0,6283.2,5599.42
P09759,Lavandina Ayudín 1L,Limpieza,3902.58,3303.14,4415.02,4309.08,3287.76
P09760,Harina Blancaflor 1Kg,Almacén,7188.32,6221.18,7167.33,6111.24,6844.41
P09761,Bizcochitos Don Satur 200g,Panificados,5028.02,6028.28,6056.34,6575.85,5066.15
P09762,Queso Cremoso Tregar 1Kg x2,Lácteos,6624.21,6644.28,6287.68,6669.42,7027.8
P09763,Pan de Campo Bimbo 500g x3,Panificados,6565.17,6107.49,6300.56,5836.86,6471.73
P09764,Cerveza Quilmes 1L,Bebidas,11084.19,9622.38,8796.84,8708.91,9614.03
P09765,Yerba Playadito 1Kg,Almacén,5830.48,5573.85,6776.47,6541.48,6083.3
P09766,Pan de Campo Bimbo 500g,Panificados,10494.04,10494.88,11206.3,11408.69,11165.65
P09767,Leche Ilolay Descremada 1L,Lácteos,6446.79,5829.53,5124.65,4950.37,6346.54
P09768,Azúcar Ledesma 1Kg,Almacén,12473.84,10186.02,10265.97,12429.88,12638.02
P09769,Galletitas Chocolinas 170g,Panificados,2305.06,2762.18,2191.32,2285.38,2745.11
P09770,Pan de Campo Bimbo 500g,Panificados,9398.68,7851.0,9687.56,9137.48,7574.84
P09771,Galletitas Chocolinas 170g,Panificados,8765.71,9864.56,10359.19,10413.22,8735.41
P09772,Queso Rallado La Paulina 40g,Lácteos,6924.45,7868.41,7307.63,7627.88,6833.88
P09773,Cerveza Heineken 1L,Bebidas,4766.3,5605.87,4901.9,5470.94,5119.5
P09774,Bizcochitos Don Satur 200g,Panificados,2045.38,2253.29,1722.48,2004.88,1703.78
P09775,Jabón en Polvo Ala 3Kg,Limpieza,2194.85,2207.87,2226.27,1961.98,2073.19
P09776,Manteca Sancor 200g,Lácteos,13283.58,10306.47,13563.02,11222.26,12364.96
P09777,Galletitas Express 170g x5,Panificados,1681.84,1614.94,1673.32,1587.57,1817.28
P09778,Leche Ilolay Descremada 1L,Lácteos,7160.8,6298.11,5994.85,5807.51,6069.04
P09779,Jugo Baggio Multifruta 1L,Bebidas,2402.93,2569.02,2216.25,2022.1,2066.7
P09780,Manteca Sancor 200g,Lácteos,7611.24,9554.87,7682.61,8318.59,8809.06
P09781,Bizcochitos Don Satur 200g x4,Panificados,10021.08,11083.31,11075.94,11072.57,9068.75
P09782,Agua Villavicencio 2.25L,Bebidas,11894.19,13511.85,12512.84,13251.78,12595.89
P09783,Queso Rallado La Paulina 40g x2,Lácteos,4313.13,3714.79,3661.97,3561.99,3945.98
P09784,Desodorante Poett Primavera 900ml,Limpieza,5823.58,5765.15,5263.74,5568.86,5129.56
P09785,Cerveza Quilmes 1L,Bebidas,1591.79,1457.75,1314.98,1597.75,1525.73
P09786,Coca-Cola 2.25L,Bebidas,9278.54,7807.21,9351.23,8284.06,8256.15
P09787,Manteca Sancor 200g,Lácteos,4530.94,5483.17,5250.47,4220.02,4796.94
P09788,Jabón en Polvo Ala 3Kg,Limpieza,1440.65,1260.02,1391.17,1255.57,1266.45
P09789,Arroz Gallo Oro 1Kg,Almacén,8002.05,9430.19,7153.89,9583.41,9330.45
P09790,Coca-Cola 2.25L,Bebidas,3124.52,3061.01,3830.34,3197.68,3874.65
P09791,Jabón en Polvo Ala 3Kg x2,Limpieza,4043.24,4581.64,4493.03,4026.94,5275.31
P09792,Queso Rallado La Paulina 40g,Lácteos,4285.3,4679.35,4230.06,5227.88,4385.54
P09793,Manteca Sancor 200g,Lácteos,5951.56,5177.7,5659.21,6170.54,6950.04
P09794,Shampoo Pantene Restauración 400ml,Higiene,10937.14,10529.06,12372.27,12354.48,12009.14
P09795,Azúcar Ledesma 1Kg,Almacén,1188.76,1480.64,1520.32,1342.89,1387.19
P09796,Papel Higiénico Higienol 4 Rollos x2,Higiene,6128.43,5286.88,6013.27,5451.36,5250.68
P09797,Jugo Baggio Multifruta 1L x2,Bebidas,5940.6,5518.76,4838.12,6512.64,6042.19
P09798,Jabón en Polvo Ala 3Kg x2,Limpieza,1835.69,1700.87,1837.85,1744.69,1507.98
P09799,Galletitas Express 170g,Panificados,2970.87,3246.92,3485.49,3562.5,2900.32
P09800,Yerba Taragüi 1Kg,Almacén,3826.28,4382.23,3993.94,4079.89,3787.83
P09801,Desodorante Poett Primavera 900ml,Limpieza,10818.23,12713.4,9367.8,12591.88,10471.91
P09802,Pan de Campo Bimbo 500g,Panificados,8595.96,9661.79,8761.41,10177.46,8592.74
P09803,Jabón Dove Original 90g,Higiene,5900.19,5542.43,5888.99,6838.59,7207.81
P09804,Lavandina Ayudín 1L x5,Limpieza,5128.81,4279.75,5608.04,4829.68,4872.23
P09805,Bizcochitos Don Satur 200g,Panificados,2731.31,2958.95,2516.13,3005.81,2948.21
P09806,Leche La Serenísima Entera 1L,Lácteos,2160.18,2066.9,1894.69,1780.45,2210.18
P09807,Galletitas Chocolinas 170g,Panificados,1346.92,1461.02,1789.51,1699.88,1524.0
P09808,Yerba Taragüi 1Kg,Almacén,8172.64,8525.75,7315.95,8089.79,8671.55
P09809,Suavizante Comfort 900ml,Limpieza,4739.34,3632.41,4918.38,3974.62,4367.92
P09810,Pasta Dental Colgate Total 90g,Higiene,11871.75,11678.47,9585.26,9352.11,8613.6
P09811,Yerba Taragüi 1Kg,Almacén,2905.1,3310.73,3611.22,2959.18,3454.89
P09812,Harina Blancaflor 1Kg,Almacén,3219.93,3409.85,3890.38,4007.45,4258.86
P09813,Agua Villavicencio 2.25L,Bebidas,5006.9,5853.75,6294.53,4970.76,5019.16
P09814,Jabón Dove Original 90g,Higiene,7890.55,7283.91,7319.81,7065.71,6860.65
P09815,Queso Cremoso Tregar 1Kg,Lácteos,2762.54,3154.43,2946.06,2567.81,3059.64
P09816,Agua Villavicencio 2.25L,Bebidas,8111.39,9664.22,8893.18,8958.49,8280.02
P09817,Suavizante Comfort 900ml,Limpieza,4737.28,4286.4,4436.39,4887.97,4766.37
P09818,Yerba Taragüi 1Kg,Almacén,11406.94,10403.01,9671.28,11984.47,11425.34
P09819,Suavizante Comfort 900ml,Limpieza,4778.76,5418.66,5512.64,5740.83,5570.43
P09820,Manteca Sancor 200g,Lácteos,7710.88,6878.36,8156.91,7279.76,7620.66
P09821,Leche La Serenísima Entera 1L,Lácteos,1415.77,1290.48,1411.04,1240.13,1250.05
P09822,Jabón en Polvo Ala 3Kg,Limpieza,3400.05,4140.13,3594.92,3375.34,3609.87
P09823,Cerveza Heineken 1L,Bebidas,2052.25,1631.89,2129.63,1797.1,2034.07
P09824,Jabón Dove Original 90g,Higiene,6886.5,7791.31,7564.4,6383.87,6008.62
P09825,Manteca Sancor 200g,Lácteos,3426.49,3344.48,3469.06,3628.89,3441.85
P09826,Detergente Magistral Limón 750ml,Limpieza,7853.75,9195.38,7834.48,8075.72,9196.44
P09827,Aceite Natura Girasol 1.5L,Almacén,9721.23,9663.27,10234.05,9098.95,9116.42
P09828,Pepsi 2.25L,Bebidas,7173.93,8682.06,8725.7,8806.76,8523.32
P09829,Coca-Cola 2.25L,Bebidas,3512.9,3891.25,3742.94,3282.31,3842.45
P09830,Galletitas Chocolinas 170g,Panificados,2383.53,2047.24,2552.73,2512.9,2089.0
P09831,Manteca Sancor 200g,Lácteos,2128.92,2422.48,2169.21,2358.63,1995.17
P09832,Desodorante Poett Primavera 900ml x4,Limpieza,4580.22,5376.48,4973.94,5056.4,5670.89
P09833,Galletitas Express 170g,Panificados,5674.87,5667.99,6069.22,4467.59,4644.13
P09834,Pasta Dental Colgate Total 90g,Higiene,1515.63,1967.66,1580.56,1901.32,1507.34
P09835,Detergente Magistral Limón 750ml,Limpieza,4099.11,4133.65,4361.0,4250.46,5345.0
P09836,Pepsi 2.25L,Bebidas,2457.3,2372.88,2652.93,3035.57,2413.41
P09837,Harina Blancaflor 1Kg,Almacén,13036.86,10892.94,10939.83,12176.7,11593.69
P09838,Pan Lactal Fargo 600g x4,Panificados,5940.93,4613.4,5268.7,5121.24,5808.28
P09839,Yerba Playadito 1Kg,Almacén,7575.57,7170.81,8343.81,8796.47,6820.62
P09840,Azúcar Ledesma 1Kg,Almacén,12920.73,12649.46,12890.92,11136.74,10423.55
P09841,Desodorante Poett Primavera 900ml,Limpieza,10928.48,10861.4,13416.58,13378.06,12731.96
P09842,Queso Cremoso Tregar 1Kg,Lácteos,12863.78,12139.45,11191.03,12889.46,12446.8
P09843,Harina Blancaflor 1Kg,Almacén,3250.05,3815.4,3261.67,3337.76,3349.73
P09844,Agua Villavicencio 2.25L,Bebidas,3933.33,3898.94,4483.03,4875.57,3801.57
P09845,Jabón Dove Original 90g,Higiene,1886.11,2231.08,1977.28,2382.23,1798.28
P09846,Aceite Natura Girasol 1.5L,Almacén,12353.68,11193.75,11664.18,9774.44,11093.46
P09847,Jabón en Polvo Ala 3Kg,Limpieza,933.75,956.96,884.86,1083.94,1101.16
P09848,Jabón en Polvo Ala 3Kg,Limpieza,12565.0,12279.13,10045.95,9325.08,9636.33
P09849,Lavandina Ayudín 1L,Limpieza,10905.81,13036.88,13214.34,12941.86,11277.29
P09850,Yerba Taragüi 1Kg,Almacén,2785.52,2713.43,2557.71,2757.32,2231.34
P09851,Yerba Taragüi 1Kg,Almacén,864.4,877.18,905.04,1008.12,1011.94
P09852,Suavizante Comfort 900ml,Limpieza,1812.97,1648.46,1767.29,1565.98,1487.48
P09853,Fideos Matarazzo Spaghetti 500g,Almacén,4969.98,4297.92,4922.3,4409.99,5692.76
P09854,Fideos Matarazzo Spaghetti 500g,Almacén,2485.17,2576.79,2732.83,2169.54,2166.98
P09855,Azúcar Ledesma 1Kg,Almacén,3720.81,4146.35,3935.74,4554.81,3578.27
P09856,Lavandina Ayudín 1L,Limpieza,10086.74,10475.36,13392.37,13500.39,12922.95
P09857,Aceite Natura Girasol 1.5L,Almacén,7334.95,8598.93,6899.94,6965.51,7565.52
P09858,Arroz Gallo Oro 1Kg,Almacén,4056.72,4007.21,3484.2,4058.33,3891.68
P09859,Aceite Natura Girasol 1.5L,Almacén,6033.63,5191.85,5841.39,6674.01,5721.49
P09860,Harina Blancaflor 1Kg,Almacén,7514.38,9998.56,8308.44,8985.64,9017.63
P09861,Suavizante Comfort 900ml,Limpieza,11576.19,12111.96,11790.76,9983.72,10917.49
P09862,Jabón en Polvo Ala 3Kg,Limpieza,12496.25,9333.56,11610.37,12741.93,10669.63
P09863,Pasta Dental Colgate Total 90g,Higiene,1109.11,1120.14,1016.17,1106.51,1202.49
P09864,Bizcochitos Don Satur 200g,Panificados,6552.5,7087.5,6695.71,5810.13,5685.24
P09865,Papel Higiénico Higienol 4 Rollos,Higiene,8494.72,8123.93,7371.16,6796.09,7252.73
P09866,Pan Lactal Fargo 600g,Panificados,8314.21,8387.99,8187.21,7257.18,7971.11
P09867,Azúcar Ledesma 1Kg,Almacén,6936.1,6768.67,5432.99,5620.71,7311.0
P09868,Leche Ilolay Descremada 1L,Lácteos,1470.14,1571.18,1470.26,1407.29,1804.03
P09869,Yogur Ser Vainilla 1Kg,Lácteos,5545.99,6000.14,6767.52,6092.4,4933.62
P09870,Manteca Sancor 200g,Lácteos,9708.99,9808.22,9725.48,8055.43,7884.9
P09871,Fideos Matarazzo Spaghetti 500g x5,Almacén,6956.12,6359.42,6156.02,6719.76,6790.77
P09872,Harina Blancaflor 1Kg x3,Almacén,4702.15,3865.47,3998.05,4520.2,3728.17
P09873,Azúcar Ledesma 1Kg,Almacén,3231.79,3488.3,3205.65,3342.21,3048.82
P09874,Manteca Sancor 200g,Lácteos,11789.74,9740.94,11944.82,10400.64,9798.24
P09875,Coca-Cola 2.25L,Bebidas,11459.24,11578.11,13537.77,10753.78,12411.41
P09876,Jugo Baggio Multifruta 1L,Bebidas,9207.95,11075.28,9299.32,10064.68,9017.14
P09877,Detergente Magistral Limón 750ml,Limpieza,9765.91,13097.82,10573.07,10632.68,10887.02
P09878,Aceite Natura Girasol 1.5L,Almacén,12087.98,14033.8,13645.81,13143.92,14031.24
P09879,Harina Blancaflor 1Kg,Almacén,13044.75,11743.15,12490.18,10252.42,9875.33
P09880,Manteca Sancor 200g,Lácteos,1202.59,989.3,1172.07,1051.08,1261.25
P09881,Agua Villavicencio 2.25L,Bebidas,774.68,788.89,941.48,866.93,736.86
P09882,Harina Blancaflor 1Kg,Almacén,2339.48,2051.65,2137.91,1897.59,1812.12
P09883,Pan de Campo Bimbo 500g,Panificados,4036.91,3815.23,3553.92,3491.11,3656.21
P09884,Harina Blancaflor 1Kg,Almacén,914.34,1184.24,1030.3,917.11,1090.26
P09885,Shampoo Pantene Restauración 400ml x3,Higiene,5668.11,5106.35,4925.2,4374.71,4909.6
P09886,Galletitas Chocolinas 170g,Panificados,5873.92,5598.75,5790.81,5639.04,6211.29
P09887,Manteca Sancor 200g,Lácteos,9849.34,8807.4,10239.39,10441.39,7948.38
P09888,Galletitas Express 170g,Panificados,8052.58,7330.68,8563.16,8796.37,6976.04
P09889,Yogur Ser Vainilla 1Kg,Lácteos,3387.56,2965.33,3282.84,3415.77,3624.3
P09890,Bizcochitos Don Satur 200g x5,Panificados,8839.83,10008.16,8790.39,10194.54,8129.68
P09891,Harina Blancaflor 1Kg,Almacén,8355.86,7401.4,9189.14,8558.5,7224.43
P09892,Fideos Matarazzo Spaghetti 500g x3,Almacén,7889.82,10458.92,7842.76,9710.26,8087.33
P09893,Yerba Taragüi 1Kg x2,Almacén,6057.21,6371.18,7311.08,6550.29,5781.41
P09894,Galletitas Express 170g,Panificados,7489.71,7931.7,8348.28,6109.48,6160.97
P09895,Agua Villavicencio 2.25L x5,Bebidas,2937.87,3401.78,3427.93,3191.6,2947.67
P09896,Manteca Sancor 200g,Lácteos,7428.28,7193.03,8620.36,7364.57,9012.16
P09897,Bizcochitos Don Satur 200g,Panificados,3766.93,3381.52,4459.71,3407.53,4227.99
P09898,Lavandina Ayudín 1L,Limpieza,3335.62,3798.41,3561.2,3476.99,3400.12
P09899,Leche La Serenísima Entera 1L x5,Lácteos,6877.01,8778.96,7002.78,6911.85,6520.19
P09900,Galletitas Express 170g,Panificados,3158.4,3135.99,3464.9,3122.53,3764.73
P09901,Pan Lactal Fargo 600g x2,Panificados,3681.95,3943.83,4548.48,4257.81,4004.64
P09902,Pepsi 2.25L,Bebidas,1590.34,1688.86,1633.58,1435.27,1467.46
P09903,Detergente Magistral Limón 750ml,Limpieza,11578.64,10958.91,10727.07,9968.32,8702.71
P09904,Fideos Matarazzo Spaghetti 500g,Almacén,7478.45,9011.59,7038.39,9272.12,7487.45
P09905,Aceite Natura Girasol 1.5L,Almacén,8198.12,7133.57,7789.5,7504.56,9071.4
P09906,Yogur Ser Vainilla 1Kg,Lácteos,8701.5,8373.63,10308.26,7963.3,10814.78
P09907,Papel Higiénico Higienol 4 Rollos x4,Higiene,2793.13,2720.63,2356.87,2807.98,2532.58
P09908,Coca-Cola 2.25L,Bebidas,10748.1,12386.28,12694.68,10952.55,9806.63
P09909,Desodorante Rexona Hombre 150ml,Higiene,8556.42,8044.28,8718.83,8370.9,8120.54
P09910,Shampoo Pantene Restauración 400ml,Higiene,7406.06,6974.82,7813.57,7482.45,7034.02
P09911,Cerveza Quilmes 1L,Bebidas,6942.37,7592.8,6219.02,6977.06,6518.88
P09912,Agua Villavicencio 2.25L,Bebidas,9466.58,8918.11,11121.03,9392.23,8642.21
P09913,Galletitas Chocolinas 170g,Panificados,12900.15,10345.93,11323.15,10152.99,11067.97
P09914,Harina Blancaflor 1Kg,Almacén,5160.14,5538.51,5783.18,6590.91,6642.96
P09915,Jabón en Polvo Ala 3Kg,Limpieza,12898.76,12707.7,10533.05,13106.23,12451.43
P09916,Bizcochitos Don Satur 200g,Panificados,8135.66,8736.0,9795.02,8024.34,8207.91
P09917,Harina Blancaflor 1Kg,Almacén,5073.99,5930.85,5594.31,5161.7,5010.68
P09918,Papel Higiénico Higienol 4 Rollos,Higiene,8112.64,8788.22,7855.01,7705.96,8142.21
P09919,Shampoo Pantene Restauración 400ml,Higiene,10410.44,11496.19,9803.39,9939.73,10899.86
P09920,Suavizante Comfort 900ml,Limpieza,1671.5,1391.27,1725.08,1400.33,1571.16
P09921,Leche Ilolay Descremada 1L,Lácteos,6827.45,6504.7,6737.23,6630.72,7449.59
P09922,Jugo Baggio Multifruta 1L,Bebidas,4644.97,3781.65,4246.03,4184.65,4544.29
P09923,Leche Ilolay Descremada 1L x5,Lácteos,1031.55,1248.0,1365.89,1362.81,1073.77
P09924,Jugo Baggio Multifruta 1L x2,Bebidas,8398.12,10042.46,10320.76,9119.6,11322.34
P09925,Coca-Cola 2.25L,Bebidas,5320.83,6264.02,6229.85,5774.44,6560.69
P09926,Papel Higiénico Higienol 4 Rollos,Higiene,7161.37,5667.54,5380.98,6681.69,5271.7
P09927,Leche La Serenísima Entera 1L,Lácteos,1261.92,1389.11,1390.95,1348.73,1387.0
P09928,Cerveza Quilmes 1L,Bebidas,11644.31,9883.29,9549.51,11079.16,9236.97
P09929,Yogur Ser Vainilla 1Kg,Lácteos,10143.15,10248.92,10960.24,8480.83,10022.68
P09930,Leche Ilolay Descremada 1L,Lácteos,7910.92,7860.31,7744.13,8680.0,10153.81
P09931,Cerveza Heineken 1L,Bebidas,3654.43,3703.21,3915.46,3277.47,3985.18
P09932,Pepsi 2.25L,Bebidas,2796.13,2441.04,2840.62,2488.6,3134.71
P09933,Leche La Serenísima Entera 1L,Lácteos,11312.47,11145.88,10705.8,10821.15,11061.87
P09934,Shampoo Pantene Restauración 400ml,Higiene,11735.89,9601.56,9706.41,11553.46,12799.9
P09935,Bizcochitos Don Satur 200g x2,Panificados,5213.01,4163.29,4777.36,4515.14,4850.38
P09936,Jabón en Polvo Ala 3Kg,Limpieza,12311.01,10055.39,13259.2,13356.72,12818.56
P09937,Arroz Gallo Oro 1Kg,Almacén,8588.39,8181.82,8746.49,7392.2,7000.68
P09938,Fideos Matarazzo Spaghetti 500g,Almacén,6742.33,7068.3,7522.5,7188.39,5681.54
P09939,Arroz Gallo Oro 1Kg,Almacén,7377.36,8061.27,7378.0,8886.42,7522.9
P09940,Pepsi 2.25L,Bebidas,1609.96,1780.14,1659.45,1549.9,1309.45
P09941,Shampoo Pantene Restauración 400ml,Higiene,6184.21,4792.85,4856.11,6113.31,6284.53
P09942,Shampoo Pantene Restauración 400ml,Higiene,11333.07,11147.36,11741.94,10694.25,11058.14
P09943,Galletitas Express 170g x4,Panificados,11252.75,13398.44,11139.19,11895.27,10163.91
P09944,Manteca Sancor 200g x2,Lácteos,10600.86,12997.69,11031.65,13632.77,9937.04
P09945,Arroz Gallo Oro 1Kg,Almacén,7099.34,5761.34,5761.23,5638.35,6235.68
P09946,Desodorante Rexona Hombre 150ml,Higiene,2303.96,2274.27,2248.13,1813.51,2306.59
P09947,Coca-Cola 2.25L x2,Bebidas,4280.91,4485.46,3587.63,4320.18,3352.24
P09948,Leche Ilolay Descremada 1L,Lácteos,2846.58,2360.92,3037.18,2439.79,2537.64
P09949,Papel Higiénico Higienol 4 Rollos,Higiene,7990.06,7006.77,6792.97,6839.3,6830.96
P09950,Galletitas Chocolinas 170g,Panificados,1235.63,1379.6,1240.06,1392.43,1367.75
P09951,Yogur Ser Vainilla 1Kg,Lácteos,3286.45,2956.89,3920.62,3252.45,3184.11
P09952,Jugo Baggio Multifruta 1L,Bebidas,9316.12,9694.37,11515.83,9955.32,10849.96
P09953,Pan de Campo Bimbo 500g,Panificados,2275.11,2987.53,2612.89,2796.49,2665.76
P09954,Yerba Taragüi 1Kg x3,Almacén,4895.79,3987.47,4518.03,4841.48,4181.58
P09955,Arroz Gallo Oro 1Kg x5,Almacén,1166.66,982.69,890.04,1091.95,1005.23
P09956,Suavizante Comfort 900ml,Limpieza,2360.5,2234.17,2533.11,2329.99,2160.3
P09957,Azúcar Ledesma 1Kg,Almacén,8627.03,7589.05,9809.77,9026.85,7470.38
P09958,Leche La Serenísima Entera 1L,Lácteos,6660.92,6076.18,6670.62,6756.48,5910.19
P09959,Pan Lactal Fargo 600g,Panificados,3610.73,2971.67,3160.72,3031.76,3381.54
P09960,Jabón Dove Original 90g,Higiene,1606.66,1670.14,1783.48,1621.08,2050.01
P09961,Suavizante Comfort 900ml,Limpieza,1721.52,1986.93,1843.87,1549.95,1977.57
P09962,Yogur Ser Vainilla 1Kg,Lácteos,2247.73,1916.5,1728.0,1933.22,1976.57
P09963,Manteca Sancor 200g,Lácteos,3032.7,3008.0,3761.26,3868.29,3004.78
P09964,Manteca Sancor 200g x4,Lácteos,9310.53,8888.29,8206.91,8580.28,7984.64
P09965,Detergente Magistral Limón 750ml,Limpieza,10047.3,8923.38,10883.56,10856.18,9626.37
P09966,Pan Lactal Fargo 600g,Panificados,10977.39,10315.68,9457.18,9537.14,10985.72
P09967,Detergente Magistral Limón 750ml,Limpieza,6872.49,7844.3,6892.27,7236.24,9426.02
P09968,Shampoo Pantene Restauración 400ml,Higiene,2838.31,2520.51,3015.38,3096.41,2919.87
P09969,Queso Rallado La Paulina 40g,Lácteos,6233.21,7937.74,8120.1,7756.51,6881.8
P09970,Pasta Dental Colgate Total 90g x5,Higiene,8753.88,7829.52,7425.2,6902.09,7254.09
P09971,Arroz Gallo Oro 1Kg,Almacén,6760.73,5173.17,6028.5,5808.09,5583.85
P09972,Manteca Sancor 200g,Lácteos,8848.25,8683.58,9188.08,8505.47,7442.22
P09973,Suavizante Comfort 900ml,Limpieza,11443.17,9564.97,10632.88,10864.91,10877.48
P09974,Harina Blancaflor 1Kg,Almacén,9978.12,11594.24,11432.79,10543.97,13287.89
P09975,Jabón en Polvo Ala 3Kg,Limpieza,3416.94,2990.55,3468.56,3821.82,3377.53
P09976,Harina Blancaflor 1Kg,Almacén,11491.73,10183.34,10077.96,10180.47,13705.07
P09977,Cerveza Quilmes 1L,Bebidas,6379.26,7214.68,7123.76,8307.0,7981.33
P09978,Cerveza Quilmes 1L,Bebidas,2722.72,2416.87,2560.62,2850.09,2570.12
P09979,Lavandina Ayudín 1L,Limpieza,12829.78,12299.16,12585.56,10741.73,10395.31
P09980,Suavizante Comfort 900ml,Limpieza,4514.03,4814.42,3885.94,3663.88,3717.66
P09981,Azúcar Ledesma 1Kg,Almacén,5007.64,5698.48,5458.86,5808.48,5570.79
P09982,Lavandina Ayudín 1L,Limpieza,10569.01,12635.04,13390.48,11167.28,12561.25
P09983,Agua Villavicencio 2.25L,Bebidas,5346.7,5666.8,5134.58,5314.69,5634.03
P09984,Leche Ilolay Descremada 1L,Lácteos,1666.45,1718.89,1571.1,1962.66,1846.8
P09985,Pepsi 2.25L,Bebidas,7749.73,7526.2,7502.79,6607.48,7588.51
P09986,Pan Lactal Fargo 600g,Panificados,11737.27,9667.24,11426.96,8898.8,9913.57
P09987,Jugo Baggio Multifruta 1L x2,Bebidas,11902.52,12857.49,10946.9,9760.21,12636.65
P09988,Jabón Dove Original 90g,Higiene,11687.29,9301.95,9309.86,10312.28,12112.25
P09989,Arroz Gallo Oro 1Kg,Almacén,11180.63,12025.35,9308.51,10392.1,10073.84
P09990,Detergente Magistral Limón 750ml,Limpieza,2180.89,1921.78,1697.03,1787.21,2203.82
P09991,Cerveza Heineken 1L,Bebidas,636.73,716.08,837.81,667.0,625.38
P09992,Pan Lactal Fargo 600g,Panificados,7170.58,6766.82,6959.38,5455.88,7058.55
P09993,Suavizante Comfort 900ml,Limpieza,1738.26,1934.64,2002.16,2290.05,2056.28
P09994,Harina Blancaflor 1Kg,Almacén,4771.31,4095.59,4787.86,3874.16,3638.68
P09995,Pepsi 2.25L,Bebidas,12607.3,13363.77,10599.21,13483.19,12807.18
P09996,Jabón en Polvo Ala 3Kg,Limpieza,9218.13,10106.68,8504.59,9063.36,10789.95
P09997,Pan de Campo Bimbo 500g,Panificados,2053.54,2618.98,2351.26,2538.39,2234.74
P09998,Suavizante Comfort 900ml,Limpieza,2437.62,2106.27,2531.76,1967.79,1908.53
P09999,Cerveza Heineken 1L,Bebidas,8355.26,10291.64,8878.35,9689.69,8419.45
P10000,Jabón Dove Original 90g,Higiene,1476.74,1474.57,1837.03,1588.83,1711.69
